accident_id,source,source_record_id,date,time,year,month,day_of_week,city,area,location,latitude,longitude,vehicle_type,road_type,severity,injured,fatalities,casualties,cause,traffic_density,congestion_level,avg_speed_kmph,weather,visibility,traffic_signal,vehicles_involved,data_quality_score,match_confidence,match_status,matched_record_id,cluster_id,risk_score
ACC-IND-000001,OPEN_ACCIDENT_DATASET,1,2023-05-21,4:00,2023,5,Sunday,Mumbai,Bandra West,Western Express Highway (Bandra - Santacruz),19.068513,72.844276,Heavy Commercial / Truck,Urban,Grievous/Major,3,0,3,Weather,Low,Moderate,36.5,Clear,High,0,4,0.95,0.95,HIGH_CONFIDENCE_MATCH,ACC-DUP-0000,0,62.5
ACC-IND-000002,OPEN_ACCIDENT_DATASET,2,2024-10-07,13:00,2024,10,Wednesday,Mumbai,Andheri West,Swami Vivekanand (SV) Road (Andheri West),19.096889,72.819424,Two-Wheeler / Bike,Urban,Minor,1,0,1,Weather,Medium,Moderate,36.5,Fog,Low,0,1,0.95,0.86,POSSIBLE_MATCH,ACC-DUP-0001,-1,35.5
ACC-IND-000012,OPEN_ACCIDENT_DATASET,12,2023-11-28,9:00,2023,11,Tuesday,Mumbai,Thane West,Ghodbunder Road (Thane West),19.261624,72.970891,Two-Wheeler / Bike,Highway,Grievous/Major,1,0,1,Weather,Medium,Moderate,36.5,Rain,Low,1,4,0.95,0.97,HIGH_CONFIDENCE_MATCH,ACC-DUP-0002,1,62.5
ACC-IND-000028,OPEN_ACCIDENT_DATASET,28,2024-09-01,8:00,2024,9,Tuesday,Mumbai,South Mumbai,Marine Drive Promenade / Netaji Subhash Road,18.876038,72.816062,Two-Wheeler / Bike,Rural,Minor,1,0,1,Overspeeding,High,High,36.5,Rain,Medium,1,1,0.95,0.83,POSSIBLE_MATCH,ACC-DUP-0003,-1,40.1
ACC-IND-000031,OPEN_ACCIDENT_DATASET,31,2024-12-31,7:00,2024,12,Tuesday,Mumbai,Thane West,Ghodbunder Road (Thane West),19.277812,72.889938,Two-Wheeler / Bike,Rural,Minor,1,0,1,Poor Road,Low,Moderate,36.5,Clear,High,0,3,0.95,0.91,HIGH_CONFIDENCE_MATCH,ACC-DUP-0004,-1,47.5
ACC-IND-000040,OPEN_ACCIDENT_DATASET,40,2024-11-19,22:00,2024,11,Tuesday,Mumbai,South Mumbai,Marine Drive Promenade / Netaji Subhash Road,18.945509,72.865677,Car / SUV,Highway,Minor,2,0,2,Distraction,High,High,36.5,Rain,Medium,1,2,0.95,0.87,POSSIBLE_MATCH,ACC-DUP-0005,-1,50.6
ACC-IND-000053,OPEN_ACCIDENT_DATASET,53,2023-03-14,21:00,2023,3,Tuesday,Mumbai,Navi Mumbai Gateway,Sion Panvel Highway (Mankhurd - Vashi),19.090552,72.9844,Heavy Commercial / Truck,Rural,Minor,0,0,0,Poor Road,Medium,Moderate,36.5,Rain,Low,1,3,0.95,0.91,HIGH_CONFIDENCE_MATCH,ACC-DUP-0006,-1,47.5
ACC-IND-000057,OPEN_ACCIDENT_DATASET,57,2023-04-06,6:00,2023,4,Sunday,Mumbai,Western Suburbs,Western Express Highway (Kandivali - Goregaon),19.232608,72.869852,Two-Wheeler / Bike,Urban,Grievous/Major,1,0,1,Weather,Medium,Moderate,36.5,Fog,Low,0,2,0.95,0.85,POSSIBLE_MATCH,ACC-DUP-0007,-1,52.0
ACC-IND-000060,OPEN_ACCIDENT_DATASET,60,2024-04-17,14:00,2024,4,Wednesday,Mumbai,Kurla East,Santa Cruz-Chembur Link Road (SCLR),19.061169,72.872827,Heavy Commercial / Truck,Urban,Minor,0,0,0,Poor Road,Low,Moderate,36.5,Clear,High,1,2,0.95,0.97,HIGH_CONFIDENCE_MATCH,ACC-DUP-0008,7,41.5
ACC-IND-000066,OPEN_ACCIDENT_DATASET,66,2022-09-22,10:00,2022,9,Thursday,Mumbai,Thane West,Ghodbunder Road (Thane West),19.264702,72.886613,Car / SUV,Highway,Grievous/Major,2,0,2,Poor Road,High,High,36.5,Clear,High,1,2,0.95,0.83,POSSIBLE_MATCH,ACC-DUP-0009,-1,61.1
ACC-IND-000067,OPEN_ACCIDENT_DATASET,67,2022-02-27,5:00,2022,2,Sunday,Mumbai,Eastern Suburbs,Eastern Express Highway (Vikhroli - Ghatkopar),19.095423,72.916235,Heavy Commercial / Truck,Rural,Minor,5,0,5,Drunk Driving,High,High,36.5,Fog,Low,1,5,0.95,0.95,HIGH_CONFIDENCE_MATCH,ACC-DUP-0010,2,56.6
ACC-IND-000069,OPEN_ACCIDENT_DATASET,69,2023-05-26,6:00,2023,5,Friday,Mumbai,Western Suburbs,Western Express Highway (Kandivali - Goregaon),19.208566,72.896859,Two-Wheeler / Bike,Highway,Grievous/Major,1,0,1,Poor Road,Low,Moderate,36.5,Fog,Low,1,1,0.95,0.82,POSSIBLE_MATCH,ACC-DUP-0011,-1,50.5
ACC-IND-000088,OPEN_ACCIDENT_DATASET,88,2022-09-28,4:00,2022,9,Wednesday,Mumbai,Dadar Central,Dadar TT Circle / Dr. Ambedkar Road,19.022112,72.844128,Heavy Commercial / Truck,Highway,Minor,4,0,4,Distraction,Low,Moderate,36.5,Fog,Low,0,5,0.95,0.94,HIGH_CONFIDENCE_MATCH,ACC-DUP-0012,3,52.0
ACC-IND-000095,OPEN_ACCIDENT_DATASET,95,2024-06-06,22:00,2024,6,Thursday,Mumbai,Navi Mumbai Gateway,Sion Panvel Highway (Mankhurd - Vashi),19.054292,72.941374,Heavy Commercial / Truck,Urban,Grievous/Major,4,0,4,Poor Road,Medium,Moderate,36.5,Fog,Low,0,4,0.95,0.87,POSSIBLE_MATCH,ACC-DUP-0013,4,62.5
ACC-IND-000105,OPEN_ACCIDENT_DATASET,105,2024-09-12,20:00,2024,9,Monday,Mumbai,Bandra West,Western Express Highway (Bandra - Santacruz),19.071358,72.842056,Heavy Commercial / Truck,Highway,Grievous/Major,0,0,0,Drunk Driving,Low,Moderate,36.5,Rain,Low,1,1,0.95,0.93,HIGH_CONFIDENCE_MATCH,ACC-DUP-0014,0,50.5
ACC-IND-000107,OPEN_ACCIDENT_DATASET,107,2023-11-22,22:00,2023,11,Wednesday,Mumbai,Sion-Chembur,Eastern Express Highway (Sion - Chembur),19.055029,72.884619,Two-Wheeler / Bike,Rural,Minor,1,0,1,Drunk Driving,Low,Moderate,36.5,Rain,Medium,1,5,0.95,1.0,UNIQUE,,5,52.0
ACC-IND-000139,OPEN_ACCIDENT_DATASET,139,2024-02-13,10:00,2024,2,Tuesday,Mumbai,South Mumbai,Marine Drive Promenade / Netaji Subhash Road,18.943927,72.823708,Heavy Commercial / Truck,Highway,Grievous/Major,0,0,0,Weather,High,High,36.5,Fog,Low,1,3,0.95,1.0,UNIQUE,,6,67.1
ACC-IND-000155,OPEN_ACCIDENT_DATASET,155,2022-03-28,10:00,2022,3,Monday,Mumbai,Eastern Suburbs,Eastern Express Highway (Vikhroli - Ghatkopar),19.090344,72.902108,Car / SUV,Urban,Fatal,1,1,2,Weather,High,High,36.5,Clear,High,0,2,0.95,1.0,UNIQUE,,2,76.1
ACC-IND-000189,OPEN_ACCIDENT_DATASET,189,2023-02-28,8:00,2023,2,Tuesday,Mumbai,Kurla / Ghatkopar,LBS Marg (Kurla - Ghatkopar),19.084823,72.89028,Heavy Commercial / Truck,Highway,Grievous/Major,0,0,0,Poor Road,Low,Moderate,36.5,Fog,Low,0,1,0.95,1.0,UNIQUE,,7,50.5
ACC-IND-000197,OPEN_ACCIDENT_DATASET,197,2022-04-11,2:00,2022,4,Friday,Mumbai,Eastern Suburbs,Eastern Express Highway (Vikhroli - Ghatkopar),19.100399,72.914967,Car / SUV,Urban,Grievous/Major,2,0,2,Weather,High,High,36.5,Clear,High,1,2,0.95,1.0,UNIQUE,,2,56.6
ACC-IND-000199,OPEN_ACCIDENT_DATASET,199,2024-04-20,9:00,2024,4,Saturday,Mumbai,Kurla / Ghatkopar,LBS Marg (Kurla - Ghatkopar),19.093036,72.876566,Two-Wheeler / Bike,Highway,Fatal,0,1,1,Drunk Driving,Low,Moderate,36.5,Rain,Medium,1,1,0.95,1.0,UNIQUE,,-1,70.0
ACC-IND-000212,OPEN_ACCIDENT_DATASET,212,2024-06-05,15:00,2024,6,Monday,Mumbai,Navi Mumbai Gateway,Sion Panvel Highway (Mankhurd - Vashi),19.057724,72.937785,Heavy Commercial / Truck,Urban,Grievous/Major,0,0,0,Distraction,Low,Moderate,36.5,Fog,Low,1,2,0.95,1.0,UNIQUE,,4,52.0
ACC-IND-000220,OPEN_ACCIDENT_DATASET,220,2024-09-24,21:00,2024,9,Tuesday,Mumbai,Sion-Chembur,Eastern Express Highway (Sion - Chembur),18.960845,72.922053,Heavy Commercial / Truck,Rural,Minor,0,0,0,Drunk Driving,High,High,36.5,Clear,High,1,2,0.95,1.0,UNIQUE,,-1,46.1
ACC-IND-000225,OPEN_ACCIDENT_DATASET,225,2023-10-19,6:00,2023,10,Thursday,Mumbai,Navi Mumbai Gateway,Sion Panvel Highway (Mankhurd - Vashi),19.050614,72.934781,Heavy Commercial / Truck,Rural,Minor,4,0,4,Poor Road,High,High,36.5,Rain,Medium,1,4,0.95,1.0,UNIQUE,,4,56.6
ACC-IND-000240,OPEN_ACCIDENT_DATASET,240,2023-10-26,17:00,2023,10,Thursday,Mumbai,Navi Mumbai Gateway,Sion Panvel Highway (Mankhurd - Vashi),19.000379,72.96346,Heavy Commercial / Truck,Rural,Minor,3,1,4,Weather,High,High,36.5,Rain,Low,0,4,0.95,1.0,UNIQUE,,-1,68.6
ACC-IND-000241,OPEN_ACCIDENT_DATASET,241,2023-06-01,7:00,2023,6,Friday,Mumbai,Kurla / Ghatkopar,LBS Marg (Kurla - Ghatkopar),19.085422,72.890124,Car / SUV,Urban,Grievous/Major,2,0,2,Poor Road,High,High,36.5,Rain,Low,0,4,0.95,1.0,UNIQUE,,7,67.1
ACC-IND-000254,OPEN_ACCIDENT_DATASET,254,2023-10-20,20:00,2023,10,Friday,Mumbai,Kurla / Ghatkopar,LBS Marg (Kurla - Ghatkopar),19.082454,72.886473,Heavy Commercial / Truck,Highway,Grievous/Major,0,0,0,Weather,High,High,36.5,Fog,Low,0,5,0.95,1.0,UNIQUE,,7,67.1
ACC-IND-000255,OPEN_ACCIDENT_DATASET,255,2022-01-01,6:00,2022,1,Saturday,Mumbai,Navi Mumbai Gateway,Sion Panvel Highway (Mankhurd - Vashi),19.035655,72.955069,Heavy Commercial / Truck,Highway,Minor,4,1,5,Drunk Driving,Low,Moderate,36.5,Clear,High,0,5,0.95,1.0,UNIQUE,,-1,64.0
ACC-IND-000261,OPEN_ACCIDENT_DATASET,261,2022-04-07,7:00,2022,4,Monday,Mumbai,Andheri West,Swami Vivekanand (SV) Road (Andheri West),19.115596,72.802382,Heavy Commercial / Truck,Rural,Grievous/Major,0,0,0,Distraction,Medium,Moderate,36.5,Clear,High,0,1,0.95,1.0,UNIQUE,,-1,46.0
ACC-IND-000283,OPEN_ACCIDENT_DATASET,283,2024-11-09,2:00,2024,11,Wednesday,Mumbai,South Mumbai,Marine Drive Promenade / Netaji Subhash Road,18.918465,72.813324,Heavy Commercial / Truck,Urban,Minor,4,0,4,Distraction,High,High,36.5,Fog,Low,0,4,0.95,1.0,UNIQUE,,-1,56.6
ACC-IND-000288,OPEN_ACCIDENT_DATASET,288,2022-03-12,4:00,2022,3,Saturday,Mumbai,South Mumbai,Marine Drive Promenade / Netaji Subhash Road,18.87409,72.939462,Two-Wheeler / Bike,Rural,Grievous/Major,1,0,1,Distraction,Low,Moderate,36.5,Rain,Low,1,2,0.95,1.0,UNIQUE,,-1,52.0
ACC-IND-000290,OPEN_ACCIDENT_DATASET,290,2022-01-25,10:00,2022,1,Tuesday,Mumbai,Western Suburbs,Western Express Highway (Kandivali - Goregaon),19.160639,72.885188,Car / SUV,Highway,Grievous/Major,2,0,2,Distraction,Low,Moderate,36.5,Fog,Low,1,4,0.95,1.0,UNIQUE,,-1,62.5
ACC-IND-000292,OPEN_ACCIDENT_DATASET,292,2024-11-11,5:00,2024,11,Monday,Mumbai,Kurla East,Santa Cruz-Chembur Link Road (SCLR),19.075765,72.875819,Heavy Commercial / Truck,Highway,Fatal,3,1,4,Poor Road,Medium,Moderate,36.5,Rain,Medium,1,4,0.95,1.0,UNIQUE,,7,82.0
ACC-IND-000294,OPEN_ACCIDENT_DATASET,294,2024-10-09,0:00,2024,10,Tuesday,Mumbai,South Mumbai,Marine Drive Promenade / Netaji Subhash Road,18.922093,72.940473,Heavy Commercial / Truck,Highway,Grievous/Major,4,0,4,Weather,Medium,Moderate,36.5,Fog,Low,0,4,0.95,1.0,UNIQUE,,-1,62.5
ACC-IND-000296,OPEN_ACCIDENT_DATASET,296,2024-05-30,16:00,2024,5,Thursday,Mumbai,Dadar Central,Dadar TT Circle / Dr. Ambedkar Road,19.019162,72.844701,Car / SUV,Highway,Minor,2,0,2,Distraction,Medium,Moderate,36.5,Rain,Medium,1,3,0.95,1.0,UNIQUE,,3,52.0
ACC-IND-000298,OPEN_ACCIDENT_DATASET,298,2022-05-02,23:00,2022,5,Saturday,Mumbai,Western Suburbs,Western Express Highway (Kandivali - Goregaon),19.277319,72.843699,Heavy Commercial / Truck,Rural,Minor,4,0,4,Poor Road,High,High,36.5,Clear,High,0,5,0.95,1.0,UNIQUE,,-1,56.6
ACC-IND-000303,OPEN_ACCIDENT_DATASET,303,2023-06-11,23:00,2023,6,Monday,Mumbai,South Mumbai,Marine Drive Promenade / Netaji Subhash Road,18.904696,72.929499,Two-Wheeler / Bike,Highway,Minor,1,0,1,Weather,Low,Moderate,36.5,Clear,High,0,3,0.95,1.0,UNIQUE,,-1,52.0
ACC-IND-000315,OPEN_ACCIDENT_DATASET,315,2024-05-09,22:00,2024,5,Thursday,Mumbai,Sion-Chembur,Eastern Express Highway (Sion - Chembur),19.050244,72.889332,Car / SUV,Rural,Grievous/Major,2,0,2,Drunk Driving,Low,Moderate,36.5,Rain,Medium,1,2,0.95,1.0,UNIQUE,,5,52.0
ACC-IND-000318,OPEN_ACCIDENT_DATASET,318,2024-01-17,16:00,2024,1,Wednesday,Mumbai,Western Suburbs,Western Express Highway (Kandivali - Goregaon),19.27562,72.80497,Two-Wheeler / Bike,Rural,Minor,1,0,1,Poor Road,Medium,Moderate,36.5,Clear,High,0,3,0.95,1.0,UNIQUE,,-1,47.5
ACC-IND-000328,OPEN_ACCIDENT_DATASET,328,2022-02-27,14:00,2022,2,Sunday,Mumbai,Sion-Chembur,Eastern Express Highway (Sion - Chembur),19.04709,72.892393,Two-Wheeler / Bike,Rural,Minor,1,0,1,Weather,Medium,Moderate,36.5,Clear,High,1,4,0.95,1.0,UNIQUE,,5,52.0
ACC-IND-000331,OPEN_ACCIDENT_DATASET,331,2023-06-03,8:00,2023,6,Monday,Mumbai,Kurla East,Santa Cruz-Chembur Link Road (SCLR),19.071927,72.881489,Two-Wheeler / Bike,Urban,Fatal,0,1,1,Drunk Driving,Medium,Moderate,36.5,Fog,Low,0,1,0.95,1.0,UNIQUE,,7,65.5
ACC-IND-000360,OPEN_ACCIDENT_DATASET,360,2024-10-14,19:00,2024,10,Monday,Mumbai,South Mumbai,Marine Drive Promenade / Netaji Subhash Road,18.939143,72.824964,Two-Wheeler / Bike,Rural,Grievous/Major,1,0,1,Distraction,Medium,Moderate,36.5,Clear,High,1,5,0.95,1.0,UNIQUE,,6,62.5
ACC-IND-000373,OPEN_ACCIDENT_DATASET,373,2023-04-13,2:00,2023,4,Thursday,Mumbai,South Mumbai,Marine Drive Promenade / Netaji Subhash Road,18.940376,72.823497,Heavy Commercial / Truck,Rural,Minor,0,0,0,Overspeeding,Low,Moderate,36.5,Fog,Low,1,4,0.95,1.0,UNIQUE,,6,52.0
ACC-IND-000377,OPEN_ACCIDENT_DATASET,377,2022-12-20,8:00,2022,12,Tuesday,Mumbai,Thane West,Ghodbunder Road (Thane West),19.288226,72.925037,Two-Wheeler / Bike,Urban,Grievous/Major,1,0,1,Poor Road,High,High,36.5,Clear,High,1,3,0.95,1.0,UNIQUE,,-1,62.6
ACC-IND-000378,OPEN_ACCIDENT_DATASET,378,2023-03-16,22:00,2023,3,Thursday,Mumbai,Powai / Andheri East,Jogeshwari-Vikhroli Link Road (JVLR),19.163928,72.942826,Car / SUV,Urban,Minor,2,0,2,Overspeeding,Medium,Moderate,36.5,Clear,High,0,4,0.95,1.0,UNIQUE,,-1,52.0
ACC-IND-000379,OPEN_ACCIDENT_DATASET,379,2023-11-20,23:00,2023,11,Monday,Mumbai,Eastern Suburbs,Eastern Express Highway (Vikhroli - Ghatkopar),19.097784,72.91272,Heavy Commercial / Truck,Highway,Grievous/Major,0,0,0,Overspeeding,High,High,36.5,Fog,Low,1,1,0.95,1.0,UNIQUE,,2,55.1
ACC-IND-000389,OPEN_ACCIDENT_DATASET,389,2022-09-18,8:00,2022,9,Sunday,Mumbai,Thane West,Ghodbunder Road (Thane West),19.25538,72.982083,Heavy Commercial / Truck,Urban,Minor,3,0,3,Overspeeding,High,High,36.5,Rain,Medium,0,3,0.95,1.0,UNIQUE,,-1,52.1
ACC-IND-000399,OPEN_ACCIDENT_DATASET,399,2023-05-13,16:00,2023,5,Saturday,Mumbai,South Mumbai,Marine Drive Promenade / Netaji Subhash Road,18.94326,72.82227,Two-Wheeler / Bike,Highway,Fatal,0,1,1,Weather,Medium,Moderate,36.5,Rain,Medium,1,1,0.95,1.0,UNIQUE,,6,70.0
ACC-IND-000401,OPEN_ACCIDENT_DATASET,401,2024-03-20,17:00,2024,3,Wednesday,Mumbai,Western Suburbs,Western Express Highway (Kandivali - Goregaon),19.190948,72.77105,Car / SUV,Urban,Minor,2,0,2,Poor Road,High,High,36.5,Clear,High,1,3,0.95,1.0,UNIQUE,,-1,52.1
ACC-IND-000409,OPEN_ACCIDENT_DATASET,409,2023-05-23,6:00,2023,5,Tuesday,Mumbai,Kurla East,Santa Cruz-Chembur Link Road (SCLR),19.079654,72.879433,Two-Wheeler / Bike,Highway,Minor,1,0,1,Drunk Driving,Low,Moderate,36.5,Clear,High,0,5,0.95,1.0,UNIQUE,,7,52.0
ACC-IND-000425,OPEN_ACCIDENT_DATASET,425,2024-02-07,5:00,2024,2,Tuesday,Mumbai,South Mumbai,Marine Drive Promenade / Netaji Subhash Road,18.945365,72.821777,Two-Wheeler / Bike,Urban,Grievous/Major,1,0,1,Poor Road,Medium,Moderate,36.5,Rain,Low,1,2,0.95,1.0,UNIQUE,,6,52.0
ACC-IND-000436,OPEN_ACCIDENT_DATASET,436,2024-12-10,20:00,2024,12,Saturday,Mumbai,Thane West,Ghodbunder Road (Thane West),19.292175,72.961276,Heavy Commercial / Truck,Rural,Minor,0,0,0,Distraction,Medium,Moderate,36.5,Rain,Medium,0,2,0.95,1.0,UNIQUE,,9,41.5
ACC-IND-000447,OPEN_ACCIDENT_DATASET,447,2022-10-20,17:00,2022,10,Thursday,Mumbai,Powai / Andheri East,Jogeshwari-Vikhroli Link Road (JVLR),19.12758,72.882852,Heavy Commercial / Truck,Rural,Minor,0,0,0,Drunk Driving,High,High,36.5,Fog,Low,0,1,0.95,1.0,UNIQUE,,8,40.1
ACC-IND-000453,OPEN_ACCIDENT_DATASET,453,2023-01-20,16:00,2023,1,Friday,Mumbai,Navi Mumbai Gateway,Sion Panvel Highway (Mankhurd - Vashi),18.901696,72.9801,Two-Wheeler / Bike,Highway,Minor,1,0,1,Overspeeding,Low,Moderate,36.5,Fog,Low,1,2,0.95,1.0,UNIQUE,,-1,46.0
ACC-IND-000460,OPEN_ACCIDENT_DATASET,460,2024-01-12,18:00,2024,1,Sunday,Mumbai,Powai / Andheri East,Jogeshwari-Vikhroli Link Road (JVLR),19.1689,72.924685,Heavy Commercial / Truck,Rural,Minor,0,0,0,Distraction,Medium,Moderate,36.5,Clear,High,0,1,0.95,1.0,UNIQUE,,-1,35.5
ACC-IND-000477,OPEN_ACCIDENT_DATASET,477,2022-02-23,5:00,2022,2,Wednesday,Mumbai,South Mumbai,Marine Drive Promenade / Netaji Subhash Road,18.943783,72.827027,Heavy Commercial / Truck,Highway,Fatal,3,1,4,Weather,Medium,Moderate,36.5,Rain,Medium,1,4,0.95,1.0,UNIQUE,,6,82.0
ACC-IND-000486,OPEN_ACCIDENT_DATASET,486,2023-12-14,0:00,2023,12,Thursday,Mumbai,Powai / Andheri East,Jogeshwari-Vikhroli Link Road (JVLR),19.158541,72.929406,Car / SUV,Urban,Minor,2,0,2,Poor Road,Low,Moderate,36.5,Clear,High,1,2,0.95,1.0,UNIQUE,,-1,41.5
ACC-IND-000502,OPEN_ACCIDENT_DATASET,502,2022-05-29,10:00,2022,5,Sunday,Mumbai,Navi Mumbai Gateway,Sion Panvel Highway (Mankhurd - Vashi),19.058781,72.937114,Heavy Commercial / Truck,Highway,Fatal,3,1,4,Overspeeding,Medium,Moderate,36.5,Rain,Low,1,4,0.95,1.0,UNIQUE,,4,82.0
ACC-IND-000503,OPEN_ACCIDENT_DATASET,503,2024-05-30,10:00,2024,5,Thursday,Mumbai,South Mumbai,Marine Drive Promenade / Netaji Subhash Road,18.942572,72.82222,Two-Wheeler / Bike,Urban,Minor,1,0,1,Distraction,Medium,Moderate,36.5,Fog,Low,0,1,0.95,1.0,UNIQUE,,6,35.5
ACC-IND-000508,OPEN_ACCIDENT_DATASET,508,2022-02-03,13:00,2022,2,Wednesday,Mumbai,Bandra West,Western Express Highway (Bandra - Santacruz),19.090579,72.834043,Two-Wheeler / Bike,Urban,Minor,1,0,1,Overspeeding,Medium,Moderate,36.5,Clear,High,0,1,0.95,1.0,UNIQUE,,-1,35.5
ACC-IND-000509,OPEN_ACCIDENT_DATASET,509,2023-05-17,7:00,2023,5,Wednesday,Mumbai,Eastern Suburbs,Eastern Express Highway (Vikhroli - Ghatkopar),19.097515,72.916863,Heavy Commercial / Truck,Rural,Fatal,4,1,5,Drunk Driving,High,High,36.5,Fog,Low,0,5,0.95,1.0,UNIQUE,,2,86.6
ACC-IND-000513,OPEN_ACCIDENT_DATASET,513,2022-01-29,9:00,2022,1,Saturday,Mumbai,Dadar Central,Dadar TT Circle / Dr. Ambedkar Road,19.021859,72.865643,Heavy Commercial / Truck,Highway,Grievous/Major,2,1,3,Poor Road,Low,Moderate,36.5,Rain,Low,0,4,0.95,1.0,UNIQUE,,-1,74.5
ACC-IND-000522,OPEN_ACCIDENT_DATASET,522,2024-09-06,8:00,2024,9,Sunday,Mumbai,Thane West,Ghodbunder Road (Thane West),19.296951,72.838842,Heavy Commercial / Truck,Highway,Grievous/Major,0,0,0,Overspeeding,High,High,36.5,Clear,High,1,1,0.95,1.0,UNIQUE,,-1,55.1
ACC-IND-000529,OPEN_ACCIDENT_DATASET,529,2025-02-15,3:00,2025,2,Saturday,Mumbai,South Mumbai,Marine Drive Promenade / Netaji Subhash Road,18.897726,72.821774,Heavy Commercial / Truck,Urban,Grievous/Major,3,0,3,Distraction,Low,Moderate,36.5,Rain,Low,0,3,0.95,1.0,UNIQUE,,-1,58.0
ACC-IND-000533,OPEN_ACCIDENT_DATASET,533,2025-03-28,19:00,2025,3,Friday,Mumbai,Navi Mumbai Gateway,Sion Panvel Highway (Mankhurd - Vashi),18.904708,72.989132,Heavy Commercial / Truck,Highway,Grievous/Major,4,0,4,Drunk Driving,Low,Moderate,36.5,Fog,Low,1,5,0.95,1.0,UNIQUE,,-1,62.5
ACC-IND-000534,OPEN_ACCIDENT_DATASET,534,2023-06-06,18:00,2023,6,Tuesday,Mumbai,Bandra West,Western Express Highway (Bandra - Santacruz),19.071047,72.837153,Two-Wheeler / Bike,Rural,Grievous/Major,1,0,1,Poor Road,Medium,Moderate,36.5,Clear,High,1,4,0.95,1.0,UNIQUE,,0,62.5
ACC-IND-000537,OPEN_ACCIDENT_DATASET,537,2023-02-19,0:00,2023,2,Sunday,Mumbai,Western Suburbs,Western Express Highway (Kandivali - Goregaon),19.17639,72.83154,Two-Wheeler / Bike,Highway,Minor,1,0,1,Overspeeding,Low,Moderate,36.5,Rain,Low,0,4,0.95,1.0,UNIQUE,,-1,52.0
ACC-IND-000539,OPEN_ACCIDENT_DATASET,539,2023-09-28,6:00,2023,9,Thursday,Mumbai,South Mumbai,Marine Drive Promenade / Netaji Subhash Road,18.877165,72.922716,Heavy Commercial / Truck,Urban,Grievous/Major,0,0,0,Overspeeding,Medium,Moderate,36.5,Rain,Medium,1,5,0.95,1.0,UNIQUE,,-1,62.5
ACC-IND-000540,OPEN_ACCIDENT_DATASET,540,2022-01-01,21:00,2022,1,Saturday,Mumbai,Powai / Andheri East,Jogeshwari-Vikhroli Link Road (JVLR),19.113284,72.889961,Heavy Commercial / Truck,Rural,Grievous/Major,3,0,3,Drunk Driving,High,High,36.5,Rain,Medium,1,5,0.95,1.0,UNIQUE,,-1,67.1
ACC-IND-000550,OPEN_ACCIDENT_DATASET,550,2022-01-11,21:00,2022,1,Tuesday,Mumbai,Navi Mumbai Gateway,Sion Panvel Highway (Mankhurd - Vashi),19.071293,72.927183,Two-Wheeler / Bike,Rural,Grievous/Major,1,0,1,Distraction,Low,Moderate,36.5,Clear,High,1,3,0.95,1.0,UNIQUE,,-1,58.0
ACC-IND-000560,OPEN_ACCIDENT_DATASET,560,2023-09-08,14:00,2023,9,Wednesday,Mumbai,South Mumbai,Marine Drive Promenade / Netaji Subhash Road,18.949404,72.878909,Two-Wheeler / Bike,Highway,Minor,1,0,1,Distraction,Medium,Moderate,36.5,Fog,Low,0,1,0.95,1.0,UNIQUE,,-1,40.0
ACC-IND-000566,OPEN_ACCIDENT_DATASET,566,2023-10-10,6:00,2023,10,Tuesday,Mumbai,Bandra West,Western Express Highway (Bandra - Santacruz),19.07549,72.797602,Heavy Commercial / Truck,Highway,Grievous/Major,0,0,0,Drunk Driving,High,High,36.5,Rain,Low,1,1,0.95,1.0,UNIQUE,,-1,55.1
ACC-IND-000569,OPEN_ACCIDENT_DATASET,569,2022-02-12,15:00,2022,2,Friday,Mumbai,Dadar Central,Dadar TT Circle / Dr. Ambedkar Road,19.023546,72.846624,Heavy Commercial / Truck,Rural,Grievous/Major,0,0,0,Overspeeding,Medium,Moderate,36.5,Rain,Low,0,5,0.95,1.0,UNIQUE,,3,62.5
ACC-IND-000571,OPEN_ACCIDENT_DATASET,571,2024-08-28,2:00,2024,8,Wednesday,Mumbai,Thane West,Ghodbunder Road (Thane West),19.260067,72.97086,Heavy Commercial / Truck,Rural,Minor,0,0,0,Poor Road,Low,Moderate,36.5,Clear,High,0,1,0.95,1.0,UNIQUE,,1,35.5
ACC-IND-000579,OPEN_ACCIDENT_DATASET,579,2024-10-11,6:00,2024,10,Sunday,Mumbai,Navi Mumbai Gateway,Sion Panvel Highway (Mankhurd - Vashi),19.097344,72.991926,Two-Wheeler / Bike,Rural,Minor,1,0,1,Weather,Medium,Moderate,36.5,Rain,Low,1,2,0.95,1.0,UNIQUE,,-1,41.5
ACC-IND-000614,OPEN_ACCIDENT_DATASET,614,2023-04-26,17:00,2023,4,Wednesday,Mumbai,South Mumbai,Marine Drive Promenade / Netaji Subhash Road,18.856408,72.914772,Heavy Commercial / Truck,Urban,Grievous/Major,0,0,0,Overspeeding,High,High,36.5,Clear,High,0,3,0.95,1.0,UNIQUE,,-1,62.6
ACC-IND-000617,OPEN_ACCIDENT_DATASET,617,2024-11-23,6:00,2024,11,Saturday,Mumbai,Kurla East,Santa Cruz-Chembur Link Road (SCLR),19.069303,72.883893,Heavy Commercial / Truck,Rural,Minor,0,0,0,Poor Road,Medium,Moderate,36.5,Fog,Low,0,5,0.95,1.0,UNIQUE,,7,52.0
ACC-IND-000623,OPEN_ACCIDENT_DATASET,623,2023-08-21,9:00,2023,8,Monday,Mumbai,Navi Mumbai Gateway,Sion Panvel Highway (Mankhurd - Vashi),19.014152,72.970411,Two-Wheeler / Bike,Rural,Grievous/Major,1,0,1,Poor Road,High,High,36.5,Rain,Low,1,4,0.95,1.0,UNIQUE,,-1,67.1
ACC-IND-000627,OPEN_ACCIDENT_DATASET,627,2022-12-01,18:00,2022,12,Wednesday,Mumbai,Sion-Chembur,Eastern Express Highway (Sion - Chembur),19.045154,72.885365,Two-Wheeler / Bike,Rural,Grievous/Major,1,0,1,Poor Road,High,High,36.5,Clear,High,1,2,0.95,1.0,UNIQUE,,5,56.6
ACC-IND-000635,OPEN_ACCIDENT_DATASET,635,2023-05-16,17:00,2023,5,Tuesday,Mumbai,Dadar Central,Dadar TT Circle / Dr. Ambedkar Road,19.029433,72.832349,Heavy Commercial / Truck,Highway,Minor,5,0,5,Weather,High,High,36.5,Rain,Medium,1,5,0.95,1.0,UNIQUE,,-1,56.6
ACC-IND-000650,OPEN_ACCIDENT_DATASET,650,2025-01-29,9:00,2025,1,Wednesday,Mumbai,Lower Parel,Lower Parel Commercial Hub / Senapati Bapat Marg,18.984322,72.861388,Heavy Commercial / Truck,Rural,Grievous/Major,3,1,4,Drunk Driving,Medium,Moderate,36.5,Clear,High,1,4,0.95,1.0,UNIQUE,,-1,74.5
ACC-IND-000652,OPEN_ACCIDENT_DATASET,652,2022-01-24,8:00,2022,1,Monday,Mumbai,Eastern Suburbs,Eastern Express Highway (Vikhroli - Ghatkopar),19.095113,72.914794,Car / SUV,Highway,Grievous/Major,2,0,2,Drunk Driving,High,High,36.5,Fog,Low,0,4,0.95,1.0,UNIQUE,,2,67.1
ACC-IND-000686,OPEN_ACCIDENT_DATASET,686,2024-11-18,13:00,2024,11,Monday,Mumbai,Dadar Central,Dadar TT Circle / Dr. Ambedkar Road,19.021064,72.841339,Heavy Commercial / Truck,Highway,Grievous/Major,0,0,0,Poor Road,Medium,Moderate,36.5,Rain,Medium,0,1,0.95,1.0,UNIQUE,,3,50.5
ACC-IND-000695,OPEN_ACCIDENT_DATASET,695,2022-07-17,10:00,2022,7,Sunday,Mumbai,Kurla East,Santa Cruz-Chembur Link Road (SCLR),19.070703,72.880396,Two-Wheeler / Bike,Rural,Grievous/Major,1,0,1,Overspeeding,Medium,Moderate,36.5,Clear,High,0,5,0.95,1.0,UNIQUE,,7,62.5
ACC-IND-000716,OPEN_ACCIDENT_DATASET,716,2022-04-18,16:00,2022,4,Monday,Mumbai,Navi Mumbai Gateway,Sion Panvel Highway (Mankhurd - Vashi),18.974481,72.992122,Heavy Commercial / Truck,Urban,Minor,0,0,0,Drunk Driving,Low,Moderate,36.5,Clear,High,1,5,0.95,1.0,UNIQUE,,-1,52.0
ACC-IND-000718,OPEN_ACCIDENT_DATASET,718,2022-09-11,6:00,2022,9,Wednesday,Mumbai,Western Suburbs,Western Express Highway (Kandivali - Goregaon),19.249045,72.822909,Two-Wheeler / Bike,Urban,Grievous/Major,1,0,1,Overspeeding,Medium,Moderate,36.5,Fog,Low,1,4,0.95,1.0,UNIQUE,,-1,62.5
ACC-IND-000720,OPEN_ACCIDENT_DATASET,720,2022-07-23,17:00,2022,7,Saturday,Mumbai,Western Suburbs,Western Express Highway (Kandivali - Goregaon),19.256388,72.793758,Heavy Commercial / Truck,Urban,Grievous/Major,2,1,3,Overspeeding,Medium,Moderate,36.5,Clear,High,0,5,0.95,1.0,UNIQUE,,-1,74.5
ACC-IND-000725,OPEN_ACCIDENT_DATASET,725,2022-09-02,17:00,2022,9,Wednesday,Mumbai,Navi Mumbai Gateway,Sion Panvel Highway (Mankhurd - Vashi),19.062073,72.985451,Heavy Commercial / Truck,Rural,Fatal,3,1,4,Overspeeding,High,High,36.5,Rain,Low,1,4,0.95,1.0,UNIQUE,,-1,86.6
ACC-IND-000742,OPEN_ACCIDENT_DATASET,742,2022-12-30,4:00,2022,12,Friday,Mumbai,Dadar Central,Dadar TT Circle / Dr. Ambedkar Road,19.00103,72.866264,Heavy Commercial / Truck,Rural,Minor,4,0,4,Distraction,Low,Moderate,36.5,Clear,High,1,4,0.95,1.0,UNIQUE,,-1,52.0
ACC-IND-000745,OPEN_ACCIDENT_DATASET,745,2022-06-02,5:00,2022,6,Sunday,Mumbai,Navi Mumbai Gateway,Sion Panvel Highway (Mankhurd - Vashi),19.054881,72.936542,Two-Wheeler / Bike,Urban,Minor,1,0,1,Poor Road,Medium,Moderate,36.5,Fog,Low,0,2,0.95,1.0,UNIQUE,,4,41.5
ACC-IND-000763,OPEN_ACCIDENT_DATASET,763,2024-02-01,18:00,2024,2,Tuesday,Mumbai,Thane West,Ghodbunder Road (Thane West),19.292492,72.955907,Heavy Commercial / Truck,Rural,Minor,0,0,0,Distraction,High,High,36.5,Rain,Low,1,1,0.95,1.0,UNIQUE,,9,40.1
ACC-IND-000776,OPEN_ACCIDENT_DATASET,776,2022-08-23,21:00,2022,8,Tuesday,Mumbai,South Mumbai,Marine Drive Promenade / Netaji Subhash Road,18.941268,72.824707,Heavy Commercial / Truck,Urban,Minor,2,1,3,Drunk Driving,High,High,36.5,Rain,Low,1,4,0.95,1.0,UNIQUE,,6,68.6
ACC-IND-000784,OPEN_ACCIDENT_DATASET,784,2025-03-28,14:00,2025,3,Friday,Mumbai,Navi Mumbai Gateway,Sion Panvel Highway (Mankhurd - Vashi),19.055703,72.930991,Two-Wheeler / Bike,Highway,Minor,1,0,1,Distraction,Medium,Moderate,36.5,Clear,High,0,3,0.95,1.0,UNIQUE,,4,52.0
ACC-IND-000786,OPEN_ACCIDENT_DATASET,786,2022-10-14,22:00,2022,10,Friday,Mumbai,South Mumbai,Marine Drive Promenade / Netaji Subhash Road,18.852206,72.921028,Heavy Commercial / Truck,Rural,Minor,4,0,4,Poor Road,Medium,Moderate,36.5,Clear,High,0,5,0.95,1.0,UNIQUE,,-1,52.0
ACC-IND-000792,OPEN_ACCIDENT_DATASET,792,2024-11-23,1:00,2024,11,Saturday,Mumbai,Andheri West,Swami Vivekanand (SV) Road (Andheri West),19.111111,72.792785,Two-Wheeler / Bike,Highway,Minor,1,0,1,Weather,Low,Moderate,36.5,Clear,High,0,1,0.95,1.0,UNIQUE,,-1,40.0
ACC-IND-000795,OPEN_ACCIDENT_DATASET,795,2024-02-25,22:00,2024,2,Sunday,Mumbai,Western Suburbs,Western Express Highway (Kandivali - Goregaon),19.228733,72.861817,Heavy Commercial / Truck,Urban,Grievous/Major,0,0,0,Poor Road,Low,Moderate,36.5,Rain,Medium,0,1,0.95,1.0,UNIQUE,,-1,46.0
ACC-IND-000806,OPEN_ACCIDENT_DATASET,806,2025-01-04,19:00,2025,1,Tuesday,Mumbai,Lower Parel,Lower Parel Commercial Hub / Senapati Bapat Marg,18.993268,72.823772,Two-Wheeler / Bike,Urban,Fatal,0,1,1,Drunk Driving,High,High,36.5,Fog,Low,1,1,0.95,1.0,UNIQUE,,3,70.1
ACC-IND-000808,OPEN_ACCIDENT_DATASET,808,2023-11-16,17:00,2023,11,Thursday,Mumbai,Eastern Suburbs,Eastern Express Highway (Vikhroli - Ghatkopar),19.099654,72.914212,Car / SUV,Rural,Minor,2,0,2,Poor Road,Medium,Moderate,36.5,Fog,Low,0,4,0.95,1.0,UNIQUE,,2,52.0
ACC-IND-000815,OPEN_ACCIDENT_DATASET,815,2024-12-07,12:00,2024,12,Friday,Mumbai,Lower Parel,Lower Parel Commercial Hub / Senapati Bapat Marg,18.992129,72.818949,Two-Wheeler / Bike,Highway,Minor,1,0,1,Overspeeding,Medium,Moderate,36.5,Clear,High,0,4,0.95,1.0,UNIQUE,,3,52.0
ACC-IND-000832,OPEN_ACCIDENT_DATASET,832,2024-10-12,1:00,2024,10,Tuesday,Mumbai,South Mumbai,Marine Drive Promenade / Netaji Subhash Road,18.93698,72.856051,Two-Wheeler / Bike,Urban,Minor,1,0,1,Poor Road,Low,Moderate,36.5,Rain,Medium,0,3,0.95,1.0,UNIQUE,,-1,47.5
ACC-IND-000845,OPEN_ACCIDENT_DATASET,845,2022-07-21,7:00,2022,7,Thursday,Mumbai,Western Suburbs,Western Express Highway (Kandivali - Goregaon),19.200452,72.822912,Car / SUV,Rural,Grievous/Major,2,0,2,Overspeeding,Low,Moderate,36.5,Rain,Low,1,4,0.95,1.0,UNIQUE,,-1,62.5
ACC-IND-000862,OPEN_ACCIDENT_DATASET,862,2023-01-28,12:00,2023,1,Saturday,Mumbai,Western Suburbs,Western Express Highway (Kandivali - Goregaon),19.182355,72.858309,Heavy Commercial / Truck,Rural,Minor,0,0,0,Overspeeding,Medium,Moderate,36.5,Fog,Low,0,2,0.95,1.0,UNIQUE,,11,41.5
ACC-IND-000868,OPEN_ACCIDENT_DATASET,868,2024-07-29,12:00,2024,7,Monday,Mumbai,Dadar Central,Dadar TT Circle / Dr. Ambedkar Road,19.019777,72.835932,Heavy Commercial / Truck,Urban,Minor,2,1,3,Distraction,Low,Moderate,36.5,Rain,Low,1,4,0.95,1.0,UNIQUE,,3,64.0
ACC-IND-000894,OPEN_ACCIDENT_DATASET,894,2022-12-30,23:00,2022,12,Friday,Mumbai,South Mumbai,Marine Drive Promenade / Netaji Subhash Road,18.870205,72.842773,Car / SUV,Highway,Fatal,1,1,2,Distraction,Low,Moderate,36.5,Fog,Low,0,2,0.95,1.0,UNIQUE,,-1,76.0
ACC-IND-000900,OPEN_ACCIDENT_DATASET,900,2022-05-07,20:00,2022,5,Tuesday,Mumbai,Sion-Chembur,Eastern Express Highway (Sion - Chembur),19.046451,72.893947,Heavy Commercial / Truck,Highway,Grievous/Major,5,0,5,Weather,Medium,Moderate,36.5,Fog,Low,0,5,0.95,1.0,UNIQUE,,5,62.5
ACC-IND-000905,OPEN_ACCIDENT_DATASET,905,2022-07-03,0:00,2022,7,Monday,Mumbai,Navi Mumbai Gateway,Sion Panvel Highway (Mankhurd - Vashi),19.05184,72.961392,Two-Wheeler / Bike,Urban,Minor,1,0,1,Drunk Driving,Low,Moderate,36.5,Clear,High,1,5,0.95,1.0,UNIQUE,,-1,52.0
ACC-IND-000913,OPEN_ACCIDENT_DATASET,913,2024-04-15,1:00,2024,4,Monday,Mumbai,Navi Mumbai Gateway,Sion Panvel Highway (Mankhurd - Vashi),19.024404,72.953152,Heavy Commercial / Truck,Urban,Minor,3,1,4,Weather,Low,Moderate,36.5,Fog,Low,1,4,0.95,1.0,UNIQUE,,-1,64.0
ACC-IND-000915,OPEN_ACCIDENT_DATASET,915,2022-04-22,11:00,2022,4,Friday,Mumbai,Powai / Andheri East,Jogeshwari-Vikhroli Link Road (JVLR),19.128088,72.885394,Car / SUV,Highway,Minor,2,0,2,Distraction,Medium,Moderate,36.5,Clear,High,0,3,0.95,1.0,UNIQUE,,8,52.0
ACC-IND-000924,OPEN_ACCIDENT_DATASET,924,2022-01-21,6:00,2022,1,Friday,Mumbai,Bandra West,Western Express Highway (Bandra - Santacruz),19.065266,72.843383,Heavy Commercial / Truck,Rural,Grievous/Major,0,0,0,Weather,High,High,36.5,Rain,Low,0,4,0.95,1.0,UNIQUE,,0,67.1
ACC-IND-000932,OPEN_ACCIDENT_DATASET,932,2023-10-26,17:00,2023,10,Thursday,Mumbai,Thane West,Ghodbunder Road (Thane West),19.174754,72.969766,Car / SUV,Rural,Minor,2,0,2,Distraction,High,High,36.5,Fog,Low,0,2,0.95,1.0,UNIQUE,,-1,46.1
ACC-IND-000945,OPEN_ACCIDENT_DATASET,945,2024-08-18,22:00,2024,8,Sunday,Mumbai,Western Suburbs,Western Express Highway (Kandivali - Goregaon),19.167365,72.79268,Heavy Commercial / Truck,Highway,Grievous/Major,2,1,3,Weather,Medium,Moderate,36.5,Fog,Low,1,3,0.95,1.0,UNIQUE,,-1,74.5
ACC-IND-000960,OPEN_ACCIDENT_DATASET,960,2024-06-02,15:00,2024,6,Tuesday,Mumbai,Lower Parel,Lower Parel Commercial Hub / Senapati Bapat Marg,18.993481,72.828364,Two-Wheeler / Bike,Rural,Minor,1,0,1,Weather,High,High,36.5,Rain,Medium,0,4,0.95,1.0,UNIQUE,,3,56.6
ACC-IND-000962,OPEN_ACCIDENT_DATASET,962,2023-10-04,14:00,2023,10,Monday,Mumbai,South Mumbai,Marine Drive Promenade / Netaji Subhash Road,18.927251,72.919959,Heavy Commercial / Truck,Highway,Minor,0,0,0,Weather,Medium,Moderate,36.5,Fog,Low,1,4,0.95,1.0,UNIQUE,,-1,52.0
ACC-IND-000972,OPEN_ACCIDENT_DATASET,972,2023-09-10,16:00,2023,9,Monday,Mumbai,Western Suburbs,Western Express Highway (Kandivali - Goregaon),19.205237,72.835166,Car / SUV,Urban,Minor,2,0,2,Poor Road,Medium,Moderate,36.5,Clear,High,1,3,0.95,1.0,UNIQUE,,-1,47.5
ACC-IND-000976,OPEN_ACCIDENT_DATASET,976,2023-04-03,2:00,2023,4,Saturday,Mumbai,Eastern Suburbs,Eastern Express Highway (Vikhroli - Ghatkopar),19.165947,72.979915,Heavy Commercial / Truck,Urban,Minor,0,0,0,Poor Road,Low,Moderate,36.5,Clear,High,1,3,0.95,1.0,UNIQUE,,-1,47.5
ACC-IND-000987,OPEN_ACCIDENT_DATASET,987,2024-01-01,9:00,2024,1,Monday,Mumbai,Western Suburbs,Western Express Highway (Kandivali - Goregaon),19.177278,72.822659,Heavy Commercial / Truck,Rural,Grievous/Major,5,0,5,Overspeeding,High,High,36.5,Clear,High,0,5,0.95,1.0,UNIQUE,,-1,67.1
ACC-IND-001011,OPEN_ACCIDENT_DATASET,1011,2022-12-19,22:00,2022,12,Monday,Mumbai,Western Suburbs,Western Express Highway (Kandivali - Goregaon),19.180973,72.873025,Car / SUV,Highway,Grievous/Major,2,0,2,Poor Road,Low,Moderate,36.5,Clear,High,0,2,0.95,1.0,UNIQUE,,-1,56.5
ACC-IND-001015,OPEN_ACCIDENT_DATASET,1015,2022-01-22,9:00,2022,1,Saturday,Mumbai,Bandra West,Western Express Highway (Bandra - Santacruz),19.066679,72.842016,Heavy Commercial / Truck,Rural,Fatal,4,1,5,Distraction,Low,Moderate,36.5,Clear,High,0,5,0.95,1.0,UNIQUE,,0,82.0
ACC-IND-001016,OPEN_ACCIDENT_DATASET,1016,2024-08-14,13:00,2024,8,Wednesday,Mumbai,Eastern Suburbs,Eastern Express Highway (Vikhroli - Ghatkopar),19.098549,72.917697,Two-Wheeler / Bike,Urban,Minor,1,0,1,Poor Road,Low,Moderate,36.5,Fog,Low,1,2,0.95,1.0,UNIQUE,,2,41.5
ACC-IND-001025,OPEN_ACCIDENT_DATASET,1025,2022-12-25,7:00,2022,12,Sunday,Mumbai,Lower Parel,Lower Parel Commercial Hub / Senapati Bapat Marg,18.994992,72.826982,Heavy Commercial / Truck,Rural,Minor,3,0,3,Distraction,Medium,Moderate,36.5,Clear,High,0,4,0.95,1.0,UNIQUE,,3,52.0
ACC-IND-001035,OPEN_ACCIDENT_DATASET,1035,2024-06-22,18:00,2024,6,Saturday,Mumbai,Andheri West,Swami Vivekanand (SV) Road (Andheri West),19.108496,72.846422,Heavy Commercial / Truck,Urban,Minor,2,1,3,Drunk Driving,High,High,36.5,Clear,High,0,5,0.95,1.0,UNIQUE,,10,68.6
ACC-IND-001049,OPEN_ACCIDENT_DATASET,1049,2022-12-11,14:00,2022,12,Saturday,Mumbai,South Mumbai,Marine Drive Promenade / Netaji Subhash Road,18.942598,72.825388,Heavy Commercial / Truck,Rural,Grievous/Major,2,1,3,Weather,Medium,Moderate,36.5,Rain,Medium,0,3,0.95,1.0,UNIQUE,,6,70.0
ACC-IND-001055,OPEN_ACCIDENT_DATASET,1055,2024-01-31,2:00,2024,1,Wednesday,Mumbai,Western Suburbs,Western Express Highway (Kandivali - Goregaon),19.186996,72.818626,Heavy Commercial / Truck,Urban,Grievous/Major,4,0,4,Drunk Driving,Low,Moderate,36.5,Rain,Low,0,4,0.95,1.0,UNIQUE,,-1,62.5
ACC-IND-001063,OPEN_ACCIDENT_DATASET,1063,2025-01-13,21:00,2025,1,Monday,Mumbai,South Mumbai,Marine Drive Promenade / Netaji Subhash Road,18.923432,72.910162,Two-Wheeler / Bike,Rural,Grievous/Major,1,0,1,Drunk Driving,Medium,Moderate,36.5,Clear,High,0,1,0.95,1.0,UNIQUE,,-1,46.0
ACC-IND-001070,OPEN_ACCIDENT_DATASET,1070,2022-07-16,11:00,2022,7,Saturday,Mumbai,Western Suburbs,Western Express Highway (Kandivali - Goregaon),19.149028,72.830288,Two-Wheeler / Bike,Rural,Minor,1,0,1,Drunk Driving,High,High,36.5,Rain,Low,1,2,0.95,1.0,UNIQUE,,-1,46.1
ACC-IND-001077,OPEN_ACCIDENT_DATASET,1077,2023-12-07,22:00,2023,12,Wednesday,Mumbai,Lower Parel,Lower Parel Commercial Hub / Senapati Bapat Marg,19.000357,72.826794,Heavy Commercial / Truck,Highway,Grievous/Major,3,0,3,Weather,High,High,36.5,Clear,High,0,4,0.95,1.0,UNIQUE,,3,67.1
ACC-IND-001104,OPEN_ACCIDENT_DATASET,1104,2022-06-09,1:00,2022,6,Tuesday,Mumbai,South Mumbai,Marine Drive Promenade / Netaji Subhash Road,18.931963,72.884583,Car / SUV,Rural,Grievous/Major,2,0,2,Weather,Low,Moderate,36.5,Fog,Low,1,2,0.95,1.0,UNIQUE,,-1,52.0
ACC-IND-001116,OPEN_ACCIDENT_DATASET,1116,2023-09-06,10:00,2023,9,Friday,Mumbai,Western Suburbs,Western Express Highway (Kandivali - Goregaon),19.192173,72.820754,Heavy Commercial / Truck,Highway,Minor,0,0,0,Overspeeding,Medium,Moderate,36.5,Clear,High,1,3,0.95,1.0,UNIQUE,,-1,52.0
ACC-IND-001117,OPEN_ACCIDENT_DATASET,1117,2024-04-10,15:00,2024,4,Friday,Mumbai,Sion-Chembur,Eastern Express Highway (Sion - Chembur),18.998895,72.922412,Car / SUV,Highway,Fatal,1,1,2,Distraction,Low,Moderate,36.5,Rain,Medium,0,2,0.95,1.0,UNIQUE,,-1,76.0
ACC-IND-001118,OPEN_ACCIDENT_DATASET,1118,2024-04-11,5:00,2024,4,Monday,Mumbai,South Mumbai,Marine Drive Promenade / Netaji Subhash Road,18.953767,72.813528,Two-Wheeler / Bike,Highway,Minor,1,0,1,Weather,Low,Moderate,36.5,Fog,Low,1,4,0.95,1.0,UNIQUE,,-1,52.0
ACC-IND-001123,OPEN_ACCIDENT_DATASET,1123,2023-05-13,0:00,2023,5,Saturday,Mumbai,South Mumbai,Marine Drive Promenade / Netaji Subhash Road,18.875242,72.96189,Two-Wheeler / Bike,Urban,Minor,1,0,1,Distraction,Medium,Moderate,36.5,Clear,High,1,1,0.95,1.0,UNIQUE,,19,35.5
ACC-IND-001131,OPEN_ACCIDENT_DATASET,1131,2024-07-13,7:00,2024,7,Saturday,Mumbai,Western Suburbs,Western Express Highway (Kandivali - Goregaon),19.16421,72.855376,Heavy Commercial / Truck,Highway,Grievous/Major,4,0,4,Distraction,Medium,Moderate,36.5,Rain,Medium,1,4,0.95,1.0,UNIQUE,,11,62.5
ACC-IND-001135,OPEN_ACCIDENT_DATASET,1135,2024-02-02,8:00,2024,2,Friday,Mumbai,Thane West,Ghodbunder Road (Thane West),19.221086,72.943044,Car / SUV,Urban,Grievous/Major,2,0,2,Distraction,High,High,36.5,Rain,Medium,0,2,0.95,1.0,UNIQUE,,-1,56.6
ACC-IND-001145,OPEN_ACCIDENT_DATASET,1145,2023-09-16,7:00,2023,9,Saturday,Mumbai,Eastern Suburbs,Eastern Express Highway (Vikhroli - Ghatkopar),19.137008,72.985477,Heavy Commercial / Truck,Rural,Minor,0,0,0,Weather,Medium,Moderate,36.5,Clear,High,0,3,0.95,1.0,UNIQUE,,-1,47.5
ACC-IND-001156,OPEN_ACCIDENT_DATASET,1156,2023-01-10,12:00,2023,1,Sunday,Mumbai,Navi Mumbai Gateway,Sion Panvel Highway (Mankhurd - Vashi),19.012057,72.954683,Heavy Commercial / Truck,Rural,Grievous/Major,0,0,0,Weather,Medium,Moderate,36.5,Fog,Low,1,1,0.95,1.0,UNIQUE,,-1,46.0
ACC-IND-001162,OPEN_ACCIDENT_DATASET,1162,2023-12-17,19:00,2023,12,Sunday,Mumbai,Powai / Andheri East,Jogeshwari-Vikhroli Link Road (JVLR),19.128339,72.88963,Heavy Commercial / Truck,Highway,Minor,4,0,4,Overspeeding,Low,Moderate,36.5,Fog,Low,0,4,0.95,1.0,UNIQUE,,8,52.0
ACC-IND-001169,OPEN_ACCIDENT_DATASET,1169,2025-08-03,6:00,2025,8,Saturday,Mumbai,South Mumbai,Marine Drive Promenade / Netaji Subhash Road,18.852906,72.946871,Heavy Commercial / Truck,Highway,Minor,4,0,4,Distraction,High,High,36.5,Rain,Medium,1,4,0.95,1.0,UNIQUE,,-1,56.6
ACC-IND-001172,OPEN_ACCIDENT_DATASET,1172,2024-03-21,2:00,2024,3,Thursday,Mumbai,Eastern Suburbs,Eastern Express Highway (Vikhroli - Ghatkopar),19.1432,72.959217,Two-Wheeler / Bike,Urban,Minor,1,0,1,Poor Road,Low,Moderate,36.5,Clear,High,0,4,0.95,1.0,UNIQUE,,-1,52.0
ACC-IND-001179,OPEN_ACCIDENT_DATASET,1179,2024-09-30,14:00,2024,9,Monday,Mumbai,South Mumbai,Marine Drive Promenade / Netaji Subhash Road,18.945158,72.828039,Heavy Commercial / Truck,Highway,Minor,3,1,4,Poor Road,High,High,36.5,Fog,Low,1,5,0.95,1.0,UNIQUE,,6,68.6
ACC-IND-001180,OPEN_ACCIDENT_DATASET,1180,2025-02-14,19:00,2025,2,Friday,Mumbai,Thane West,Ghodbunder Road (Thane West),19.293086,72.889535,Heavy Commercial / Truck,Rural,Minor,4,1,5,Distraction,Medium,Moderate,36.5,Rain,Low,0,5,0.95,1.0,UNIQUE,,-1,64.0
ACC-IND-001185,OPEN_ACCIDENT_DATASET,1185,2023-05-28,18:00,2023,5,Sunday,Mumbai,Eastern Suburbs,Eastern Express Highway (Vikhroli - Ghatkopar),19.097881,72.917459,Two-Wheeler / Bike,Highway,Grievous/Major,1,0,1,Weather,Medium,Moderate,36.5,Rain,Low,0,4,0.95,1.0,UNIQUE,,2,62.5
ACC-IND-001186,OPEN_ACCIDENT_DATASET,1186,2024-06-30,12:00,2024,6,Sunday,Mumbai,South Mumbai,Marine Drive Promenade / Netaji Subhash Road,18.937228,72.913088,Two-Wheeler / Bike,Rural,Minor,1,0,1,Distraction,Low,Moderate,36.5,Fog,Low,0,1,0.95,1.0,UNIQUE,,-1,35.5
ACC-IND-001188,OPEN_ACCIDENT_DATASET,1188,2024-05-19,14:00,2024,5,Sunday,Mumbai,Powai / Andheri East,Jogeshwari-Vikhroli Link Road (JVLR),19.123369,72.885219,Heavy Commercial / Truck,Highway,Minor,0,0,0,Overspeeding,Low,Moderate,36.5,Clear,High,1,2,0.95,1.0,UNIQUE,,8,46.0
ACC-IND-001194,OPEN_ACCIDENT_DATASET,1194,2023-10-10,8:00,2023,10,Tuesday,Mumbai,Lower Parel,Lower Parel Commercial Hub / Senapati Bapat Marg,18.996459,72.824884,Heavy Commercial / Truck,Urban,Fatal,3,1,4,Overspeeding,High,High,36.5,Fog,Low,1,4,0.95,1.0,UNIQUE,,3,86.6
ACC-IND-001205,OPEN_ACCIDENT_DATASET,1205,2024-03-08,14:00,2024,3,Saturday,Mumbai,South Mumbai,Marine Drive Promenade / Netaji Subhash Road,18.923979,72.866908,Heavy Commercial / Truck,Rural,Minor,0,0,0,Overspeeding,Medium,Moderate,36.5,Clear,High,1,1,0.95,1.0,UNIQUE,,-1,35.5
ACC-IND-001209,OPEN_ACCIDENT_DATASET,1209,2022-05-17,16:00,2022,5,Tuesday,Mumbai,Navi Mumbai Gateway,Sion Panvel Highway (Mankhurd - Vashi),19.079194,72.974309,Heavy Commercial / Truck,Highway,Grievous/Major,3,1,4,Weather,Low,Moderate,36.5,Fog,Low,1,5,0.95,1.0,UNIQUE,,-1,74.5
ACC-IND-001215,OPEN_ACCIDENT_DATASET,1215,2023-09-29,17:00,2023,9,Friday,Mumbai,Kurla East,Santa Cruz-Chembur Link Road (SCLR),19.074076,72.881387,Heavy Commercial / Truck,Highway,Minor,0,0,0,Poor Road,Medium,Moderate,36.5,Rain,Medium,0,1,0.95,1.0,UNIQUE,,7,40.0
ACC-IND-001240,OPEN_ACCIDENT_DATASET,1240,2022-04-22,8:00,2022,4,Friday,Mumbai,Sion-Chembur,Eastern Express Highway (Sion - Chembur),18.99399,72.906749,Two-Wheeler / Bike,Highway,Minor,1,0,1,Drunk Driving,Medium,Moderate,36.5,Clear,High,0,1,0.95,1.0,UNIQUE,,-1,40.0
ACC-IND-001246,OPEN_ACCIDENT_DATASET,1246,2023-09-13,0:00,2023,9,Wednesday,Mumbai,Lower Parel,Lower Parel Commercial Hub / Senapati Bapat Marg,18.996819,72.817442,Heavy Commercial / Truck,Urban,Minor,0,0,0,Poor Road,Low,Moderate,36.5,Rain,Medium,1,3,0.95,1.0,UNIQUE,,3,47.5
ACC-IND-001247,OPEN_ACCIDENT_DATASET,1247,2022-01-01,19:00,2022,1,Saturday,Mumbai,Powai / Andheri East,Jogeshwari-Vikhroli Link Road (JVLR),19.152217,72.879779,Heavy Commercial / Truck,Highway,Fatal,4,1,5,Drunk Driving,High,High,36.5,Rain,Low,0,5,0.95,1.0,UNIQUE,,-1,86.6
ACC-IND-001252,OPEN_ACCIDENT_DATASET,1252,2023-06-25,20:00,2023,6,Sunday,Mumbai,Navi Mumbai Gateway,Sion Panvel Highway (Mankhurd - Vashi),19.057583,72.936439,Two-Wheeler / Bike,Urban,Minor,1,0,1,Poor Road,Medium,Moderate,36.5,Fog,Low,0,1,0.95,1.0,UNIQUE,,4,35.5
ACC-IND-001256,OPEN_ACCIDENT_DATASET,1256,2023-06-07,10:00,2023,6,Thursday,Mumbai,Andheri West,Swami Vivekanand (SV) Road (Andheri West),19.113485,72.838355,Car / SUV,Rural,Minor,2,0,2,Distraction,Medium,Moderate,36.5,Clear,High,1,4,0.95,1.0,UNIQUE,,10,52.0
ACC-IND-001261,OPEN_ACCIDENT_DATASET,1261,2022-09-12,6:00,2022,9,Friday,Mumbai,Western Suburbs,Western Express Highway (Kandivali - Goregaon),19.163262,72.852915,Two-Wheeler / Bike,Highway,Grievous/Major,1,0,1,Distraction,High,High,36.5,Fog,Low,0,2,0.95,1.0,UNIQUE,,11,61.1
ACC-IND-001294,OPEN_ACCIDENT_DATASET,1294,2024-05-31,3:00,2024,5,Friday,Mumbai,Eastern Suburbs,Eastern Express Highway (Vikhroli - Ghatkopar),19.151685,72.972408,Heavy Commercial / Truck,Rural,Grievous/Major,0,0,0,Distraction,Low,Moderate,36.5,Rain,Medium,1,2,0.95,1.0,UNIQUE,,-1,52.0
ACC-IND-001295,OPEN_ACCIDENT_DATASET,1295,2024-03-31,20:00,2024,3,Sunday,Mumbai,Thane West,Ghodbunder Road (Thane West),19.281578,72.889011,Two-Wheeler / Bike,Urban,Minor,1,0,1,Overspeeding,Low,Moderate,36.5,Rain,Medium,0,1,0.95,1.0,UNIQUE,,-1,35.5
ACC-IND-001310,OPEN_ACCIDENT_DATASET,1310,2022-08-04,0:00,2022,8,Friday,Mumbai,Dadar Central,Dadar TT Circle / Dr. Ambedkar Road,19.02161,72.84443,Heavy Commercial / Truck,Rural,Grievous/Major,3,1,4,Overspeeding,High,High,36.5,Rain,Low,1,4,0.95,1.0,UNIQUE,,3,79.1
ACC-IND-001325,OPEN_ACCIDENT_DATASET,1325,2024-11-02,4:00,2024,11,Sunday,Mumbai,South Mumbai,Marine Drive Promenade / Netaji Subhash Road,18.947908,72.903908,Heavy Commercial / Truck,Highway,Grievous/Major,0,0,0,Distraction,Low,Moderate,36.5,Rain,Medium,0,3,0.95,1.0,UNIQUE,,-1,62.5
ACC-IND-001344,OPEN_ACCIDENT_DATASET,1344,2024-05-14,19:00,2024,5,Tuesday,Mumbai,Powai / Andheri East,Jogeshwari-Vikhroli Link Road (JVLR),19.124938,72.885027,Heavy Commercial / Truck,Highway,Fatal,2,1,3,Weather,Medium,Moderate,36.5,Rain,Medium,1,3,0.95,1.0,UNIQUE,,8,82.0
ACC-IND-001350,OPEN_ACCIDENT_DATASET,1350,2024-12-27,22:00,2024,12,Friday,Mumbai,Lower Parel,Lower Parel Commercial Hub / Senapati Bapat Marg,18.997101,72.831119,Two-Wheeler / Bike,Rural,Grievous/Major,1,0,1,Poor Road,High,High,36.5,Clear,High,0,2,0.95,1.0,UNIQUE,,3,56.6
ACC-IND-001359,OPEN_ACCIDENT_DATASET,1359,2023-12-25,5:00,2023,12,Monday,Mumbai,Western Suburbs,Western Express Highway (Kandivali - Goregaon),19.245155,72.798342,Heavy Commercial / Truck,Urban,Minor,5,0,5,Distraction,Medium,Moderate,36.5,Clear,High,0,5,0.95,1.0,UNIQUE,,15,52.0
ACC-IND-001383,OPEN_ACCIDENT_DATASET,1383,2023-04-21,13:00,2023,4,Friday,Mumbai,Powai / Andheri East,Jogeshwari-Vikhroli Link Road (JVLR),19.125964,72.886175,Two-Wheeler / Bike,Urban,Minor,1,0,1,Distraction,High,High,36.5,Rain,Low,0,3,0.95,1.0,UNIQUE,,8,52.1
ACC-IND-001385,OPEN_ACCIDENT_DATASET,1385,2022-04-30,6:00,2022,4,Saturday,Mumbai,Kurla / Ghatkopar,LBS Marg (Kurla - Ghatkopar),19.075181,72.884427,Car / SUV,Urban,Minor,2,0,2,Distraction,High,High,36.5,Clear,High,0,5,0.95,1.0,UNIQUE,,7,56.6
ACC-IND-001388,OPEN_ACCIDENT_DATASET,1388,2022-09-29,5:00,2022,9,Thursday,Mumbai,Dadar Central,Dadar TT Circle / Dr. Ambedkar Road,19.02132,72.847074,Car / SUV,Rural,Grievous/Major,2,0,2,Drunk Driving,Medium,Moderate,36.5,Fog,Low,1,3,0.95,1.0,UNIQUE,,3,58.0
ACC-IND-001389,OPEN_ACCIDENT_DATASET,1389,2025-03-13,16:00,2025,3,Thursday,Mumbai,Thane West,Ghodbunder Road (Thane West),19.205006,72.940367,Car / SUV,Urban,Minor,2,0,2,Poor Road,Low,Moderate,36.5,Fog,Low,1,2,0.95,1.0,UNIQUE,,-1,41.5
ACC-IND-001399,OPEN_ACCIDENT_DATASET,1399,2025-02-04,9:00,2025,2,Wednesday,Mumbai,Andheri West,Swami Vivekanand (SV) Road (Andheri West),19.117158,72.844213,Heavy Commercial / Truck,Rural,Minor,0,0,0,Drunk Driving,High,High,36.5,Fog,Low,0,2,0.95,1.0,UNIQUE,,10,46.1
ACC-IND-001429,OPEN_ACCIDENT_DATASET,1429,2025-02-02,15:00,2025,2,Sunday,Mumbai,Thane West,Ghodbunder Road (Thane West),19.255764,72.96485,Heavy Commercial / Truck,Highway,Grievous/Major,4,1,5,Distraction,Medium,Moderate,36.5,Clear,High,0,5,0.95,1.0,UNIQUE,,1,74.5
ACC-IND-001434,OPEN_ACCIDENT_DATASET,1434,2024-06-03,20:00,2024,6,Wednesday,Mumbai,Western Suburbs,Western Express Highway (Kandivali - Goregaon),19.160415,72.843573,Car / SUV,Highway,Grievous/Major,2,0,2,Distraction,Medium,Moderate,36.5,Rain,Low,1,5,0.95,1.0,UNIQUE,,11,62.5
ACC-IND-001442,OPEN_ACCIDENT_DATASET,1442,2024-09-27,21:00,2024,9,Friday,Mumbai,South Mumbai,Marine Drive Promenade / Netaji Subhash Road,18.941825,72.877077,Heavy Commercial / Truck,Rural,Grievous/Major,0,0,0,Weather,Medium,Moderate,36.5,Rain,Medium,1,1,0.95,1.0,UNIQUE,,-1,46.0
ACC-IND-001452,OPEN_ACCIDENT_DATASET,1452,2024-02-15,12:00,2024,2,Thursday,Mumbai,South Mumbai,Marine Drive Promenade / Netaji Subhash Road,18.940075,72.824123,Heavy Commercial / Truck,Rural,Grievous/Major,0,0,0,Distraction,Medium,Moderate,36.5,Rain,Medium,1,5,0.95,1.0,UNIQUE,,6,62.5
ACC-IND-001454,OPEN_ACCIDENT_DATASET,1454,2023-12-02,21:00,2023,12,Sunday,Mumbai,Thane West,Ghodbunder Road (Thane West),19.229841,72.896026,Two-Wheeler / Bike,Urban,Grievous/Major,1,0,1,Weather,High,High,36.5,Rain,Medium,0,1,0.95,1.0,UNIQUE,,-1,50.6
ACC-IND-001466,OPEN_ACCIDENT_DATASET,1466,2022-05-24,0:00,2022,5,Tuesday,Mumbai,Dadar Central,Dadar TT Circle / Dr. Ambedkar Road,19.017385,72.842063,Heavy Commercial / Truck,Rural,Fatal,4,1,5,Weather,Low,Moderate,36.5,Clear,High,1,5,0.95,1.0,UNIQUE,,3,82.0
ACC-IND-001471,OPEN_ACCIDENT_DATASET,1471,2023-01-29,12:00,2023,1,Sunday,Mumbai,Eastern Suburbs,Eastern Express Highway (Vikhroli - Ghatkopar),19.09839,72.914053,Two-Wheeler / Bike,Urban,Minor,1,0,1,Poor Road,Low,Moderate,36.5,Fog,Low,1,1,0.95,1.0,UNIQUE,,2,35.5
ACC-IND-001478,OPEN_ACCIDENT_DATASET,1478,2025-01-17,10:00,2025,1,Friday,Mumbai,South Mumbai,Marine Drive Promenade / Netaji Subhash Road,18.864839,72.844004,Two-Wheeler / Bike,Highway,Minor,1,0,1,Weather,High,High,36.5,Fog,Low,1,3,0.95,1.0,UNIQUE,,-1,56.6
ACC-IND-001494,OPEN_ACCIDENT_DATASET,1494,2025-02-01,7:00,2025,2,Thursday,Mumbai,Western Suburbs,Western Express Highway (Kandivali - Goregaon),19.230603,72.874134,Heavy Commercial / Truck,Urban,Fatal,2,1,3,Distraction,Low,Moderate,36.5,Fog,Low,0,3,0.95,1.0,UNIQUE,,-1,77.5
ACC-IND-001495,OPEN_ACCIDENT_DATASET,1495,2024-10-10,15:00,2024,10,Thursday,Mumbai,Western Suburbs,Western Express Highway (Kandivali - Goregaon),19.272042,72.813973,Heavy Commercial / Truck,Urban,Grievous/Major,0,0,0,Overspeeding,Medium,Moderate,36.5,Fog,Low,0,1,0.95,1.0,UNIQUE,,-1,46.0
ACC-IND-001499,OPEN_ACCIDENT_DATASET,1499,2024-12-01,2:00,2024,12,Friday,Mumbai,Navi Mumbai Gateway,Sion Panvel Highway (Mankhurd - Vashi),19.053163,72.934384,Car / SUV,Rural,Grievous/Major,2,0,2,Overspeeding,Medium,Moderate,36.5,Clear,High,0,5,0.95,1.0,UNIQUE,,4,62.5
ACC-IND-001505,OPEN_ACCIDENT_DATASET,1505,2022-11-29,3:00,2022,11,Tuesday,Mumbai,Dadar Central,Dadar TT Circle / Dr. Ambedkar Road,19.021471,72.843507,Heavy Commercial / Truck,Urban,Minor,0,0,0,Drunk Driving,Low,Moderate,36.5,Clear,High,1,2,0.95,1.0,UNIQUE,,3,41.5
ACC-IND-001510,OPEN_ACCIDENT_DATASET,1510,2024-12-08,21:00,2024,12,Monday,Mumbai,Western Suburbs,Western Express Highway (Kandivali - Goregaon),19.206511,72.806633,Two-Wheeler / Bike,Highway,Minor,1,0,1,Distraction,Medium,Moderate,36.5,Fog,Low,0,2,0.95,1.0,UNIQUE,,-1,46.0
ACC-IND-001513,OPEN_ACCIDENT_DATASET,1513,2024-12-06,22:00,2024,12,Wednesday,Mumbai,Thane West,Ghodbunder Road (Thane West),19.246027,72.988994,Car / SUV,Highway,Minor,2,0,2,Distraction,Low,Moderate,36.5,Clear,High,1,3,0.95,1.0,UNIQUE,,-1,52.0
ACC-IND-001517,OPEN_ACCIDENT_DATASET,1517,2022-02-18,3:00,2022,2,Friday,Mumbai,Dadar Central,Dadar TT Circle / Dr. Ambedkar Road,19.018382,72.873408,Heavy Commercial / Truck,Highway,Grievous/Major,5,0,5,Weather,Low,Moderate,36.5,Clear,High,0,5,0.95,1.0,UNIQUE,,-1,62.5
ACC-IND-001529,OPEN_ACCIDENT_DATASET,1529,2024-12-30,19:00,2024,12,Monday,Mumbai,Andheri West,Swami Vivekanand (SV) Road (Andheri West),19.11407,72.838209,Car / SUV,Urban,Minor,2,0,2,Overspeeding,Medium,Moderate,36.5,Rain,Medium,0,4,0.95,1.0,UNIQUE,,10,52.0
ACC-IND-001540,OPEN_ACCIDENT_DATASET,1540,2023-01-05,21:00,2023,1,Monday,Mumbai,Eastern Suburbs,Eastern Express Highway (Vikhroli - Ghatkopar),19.133459,72.975031,Heavy Commercial / Truck,Highway,Grievous/Major,0,0,0,Drunk Driving,High,High,36.5,Rain,Medium,1,3,0.95,1.0,UNIQUE,,-1,67.1
ACC-IND-001543,OPEN_ACCIDENT_DATASET,1543,2022-05-30,1:00,2022,5,Monday,Mumbai,South Mumbai,Marine Drive Promenade / Netaji Subhash Road,18.944063,72.822431,Two-Wheeler / Bike,Urban,Minor,1,0,1,Poor Road,Low,Moderate,36.5,Clear,High,1,1,0.95,1.0,UNIQUE,,6,35.5
ACC-IND-001554,OPEN_ACCIDENT_DATASET,1554,2025-03-02,20:00,2025,3,Monday,Mumbai,Thane West,Ghodbunder Road (Thane West),19.197374,72.973661,Heavy Commercial / Truck,Highway,Minor,2,1,3,Weather,Low,Moderate,36.5,Rain,Medium,1,4,0.95,1.0,UNIQUE,,-1,64.0
ACC-IND-001556,OPEN_ACCIDENT_DATASET,1556,2022-06-19,13:00,2022,6,Sunday,Mumbai,Western Suburbs,Western Express Highway (Kandivali - Goregaon),19.274116,72.82485,Two-Wheeler / Bike,Urban,Fatal,0,1,1,Poor Road,Low,Moderate,36.5,Fog,Low,0,1,0.95,1.0,UNIQUE,,-1,65.5
ACC-IND-001560,OPEN_ACCIDENT_DATASET,1560,2024-06-08,9:00,2024,6,Tuesday,Mumbai,Powai / Andheri East,Jogeshwari-Vikhroli Link Road (JVLR),19.112667,72.867331,Two-Wheeler / Bike,Urban,Grievous/Major,1,0,1,Drunk Driving,High,High,36.5,Clear,High,0,3,0.95,1.0,UNIQUE,,18,62.6
ACC-IND-001561,OPEN_ACCIDENT_DATASET,1561,2022-05-23,9:00,2022,5,Monday,Mumbai,Eastern Suburbs,Eastern Express Highway (Vikhroli - Ghatkopar),19.141253,72.98693,Car / SUV,Highway,Grievous/Major,2,0,2,Weather,Medium,Moderate,36.5,Fog,Low,0,2,0.95,1.0,UNIQUE,,-1,56.5
ACC-IND-001566,OPEN_ACCIDENT_DATASET,1566,2023-02-05,2:00,2023,2,Tuesday,Mumbai,Navi Mumbai Gateway,Sion Panvel Highway (Mankhurd - Vashi),19.029854,72.921307,Heavy Commercial / Truck,Urban,Fatal,4,1,5,Overspeeding,High,High,36.5,Rain,Low,0,5,0.95,1.0,UNIQUE,,-1,86.6
ACC-IND-001573,OPEN_ACCIDENT_DATASET,1573,2023-08-02,12:00,2023,8,Wednesday,Mumbai,Western Suburbs,Western Express Highway (Kandivali - Goregaon),19.162006,72.858106,Car / SUV,Highway,Grievous/Major,2,0,2,Drunk Driving,Medium,Moderate,36.5,Fog,Low,1,4,0.95,1.0,UNIQUE,,11,62.5
ACC-IND-001577,OPEN_ACCIDENT_DATASET,1577,2022-03-13,19:00,2022,3,Sunday,Mumbai,South Mumbai,Marine Drive Promenade / Netaji Subhash Road,18.90526,72.909257,Heavy Commercial / Truck,Urban,Grievous/Major,0,0,0,Drunk Driving,Medium,Moderate,36.5,Fog,Low,0,3,0.95,1.0,UNIQUE,,-1,58.0
ACC-IND-001585,OPEN_ACCIDENT_DATASET,1585,2023-03-20,23:00,2023,3,Monday,Mumbai,Thane West,Ghodbunder Road (Thane West),19.261333,72.959669,Heavy Commercial / Truck,Highway,Minor,0,0,0,Distraction,Low,Moderate,36.5,Fog,Low,0,5,0.95,1.0,UNIQUE,,1,52.0
ACC-IND-001596,OPEN_ACCIDENT_DATASET,1596,2023-09-13,8:00,2023,9,Wednesday,Mumbai,Dadar Central,Dadar TT Circle / Dr. Ambedkar Road,19.016303,72.845715,Heavy Commercial / Truck,Urban,Minor,0,0,0,Overspeeding,Medium,Moderate,36.5,Rain,Medium,0,2,0.95,1.0,UNIQUE,,3,41.5
ACC-IND-001605,OPEN_ACCIDENT_DATASET,1605,2023-11-13,10:00,2023,11,Monday,Mumbai,Sion-Chembur,Eastern Express Highway (Sion - Chembur),18.985787,72.921199,Heavy Commercial / Truck,Urban,Fatal,4,1,5,Weather,Medium,Moderate,36.5,Rain,Low,0,5,0.95,1.0,UNIQUE,,-1,82.0
ACC-IND-001625,OPEN_ACCIDENT_DATASET,1625,2024-04-24,8:00,2024,4,Wednesday,Mumbai,Sion-Chembur,Eastern Express Highway (Sion - Chembur),19.043224,72.873923,Two-Wheeler / Bike,Highway,Fatal,0,1,1,Distraction,High,High,36.5,Fog,Low,1,1,0.95,1.0,UNIQUE,,-1,74.6
ACC-IND-001628,OPEN_ACCIDENT_DATASET,1628,2022-08-05,12:00,2022,8,Sunday,Mumbai,Dadar Central,Dadar TT Circle / Dr. Ambedkar Road,19.007154,72.857377,Car / SUV,Highway,Minor,2,0,2,Poor Road,Medium,Moderate,36.5,Rain,Medium,0,2,0.95,1.0,UNIQUE,,-1,46.0
ACC-IND-001630,OPEN_ACCIDENT_DATASET,1630,2023-11-05,16:00,2023,11,Thursday,Mumbai,Powai / Andheri East,Jogeshwari-Vikhroli Link Road (JVLR),19.12657,72.883756,Car / SUV,Urban,Grievous/Major,2,0,2,Weather,Medium,Moderate,36.5,Clear,High,1,5,0.95,1.0,UNIQUE,,8,62.5
ACC-IND-001638,OPEN_ACCIDENT_DATASET,1638,2022-01-06,5:00,2022,1,Wednesday,Mumbai,Western Suburbs,Western Express Highway (Kandivali - Goregaon),19.165883,72.856888,Heavy Commercial / Truck,Urban,Grievous/Major,0,0,0,Drunk Driving,High,High,36.5,Fog,Low,0,3,0.95,1.0,UNIQUE,,11,62.6
ACC-IND-001640,OPEN_ACCIDENT_DATASET,1640,2025-01-20,11:00,2025,1,Monday,Mumbai,Eastern Suburbs,Eastern Express Highway (Vikhroli - Ghatkopar),19.097029,72.914383,Two-Wheeler / Bike,Rural,Minor,1,0,1,Poor Road,Low,Moderate,36.5,Rain,Low,1,5,0.95,1.0,UNIQUE,,2,52.0
ACC-IND-001642,OPEN_ACCIDENT_DATASET,1642,2024-04-04,2:00,2024,4,Thursday,Mumbai,Eastern Suburbs,Eastern Express Highway (Vikhroli - Ghatkopar),19.12172,72.955727,Heavy Commercial / Truck,Urban,Grievous/Major,5,0,5,Poor Road,Low,Moderate,36.5,Fog,Low,1,5,0.95,1.0,UNIQUE,,-1,62.5
ACC-IND-001643,OPEN_ACCIDENT_DATASET,1643,2022-05-31,7:00,2022,5,Tuesday,Mumbai,Powai / Andheri East,Jogeshwari-Vikhroli Link Road (JVLR),19.131116,72.884083,Heavy Commercial / Truck,Rural,Grievous/Major,0,0,0,Drunk Driving,Medium,Moderate,36.5,Rain,Low,0,1,0.95,1.0,UNIQUE,,8,46.0
ACC-IND-001645,OPEN_ACCIDENT_DATASET,1645,2022-10-12,16:00,2022,10,Saturday,Mumbai,Thane West,Ghodbunder Road (Thane West),19.289883,72.851189,Heavy Commercial / Truck,Highway,Minor,4,0,4,Overspeeding,Low,Moderate,36.5,Fog,Low,1,4,0.95,1.0,UNIQUE,,-1,52.0
ACC-IND-001655,OPEN_ACCIDENT_DATASET,1655,2022-09-09,16:00,2022,9,Friday,Mumbai,Thane West,Ghodbunder Road (Thane West),19.21965,72.905145,Heavy Commercial / Truck,Urban,Fatal,4,1,5,Drunk Driving,Low,Moderate,36.5,Clear,High,1,5,0.95,1.0,UNIQUE,,-1,82.0
ACC-IND-001667,OPEN_ACCIDENT_DATASET,1667,2025-09-01,20:00,2025,9,Thursday,Mumbai,Thane West,Ghodbunder Road (Thane West),19.259942,72.907975,Heavy Commercial / Truck,Highway,Grievous/Major,3,1,4,Overspeeding,Medium,Moderate,36.5,Clear,High,1,4,0.95,1.0,UNIQUE,,-1,74.5
ACC-IND-001682,OPEN_ACCIDENT_DATASET,1682,2022-05-21,22:00,2022,5,Saturday,Mumbai,South Mumbai,Marine Drive Promenade / Netaji Subhash Road,18.879159,72.877941,Car / SUV,Urban,Grievous/Major,2,0,2,Distraction,Medium,Moderate,36.5,Fog,Low,0,2,0.95,1.0,UNIQUE,,-1,52.0
ACC-IND-001697,OPEN_ACCIDENT_DATASET,1697,2022-03-06,21:00,2022,3,Friday,Mumbai,South Mumbai,Marine Drive Promenade / Netaji Subhash Road,18.912598,72.954704,Two-Wheeler / Bike,Highway,Grievous/Major,1,0,1,Distraction,High,High,36.5,Rain,Medium,1,4,0.95,1.0,UNIQUE,,-1,67.1
ACC-IND-001735,OPEN_ACCIDENT_DATASET,1735,2024-12-03,11:00,2024,12,Tuesday,Mumbai,Kurla East,Santa Cruz-Chembur Link Road (SCLR),19.070307,72.880107,Two-Wheeler / Bike,Highway,Grievous/Major,1,0,1,Drunk Driving,Low,Moderate,36.5,Rain,Medium,0,4,0.95,1.0,UNIQUE,,7,62.5
ACC-IND-001741,OPEN_ACCIDENT_DATASET,1741,2022-09-03,22:00,2022,9,Wednesday,Mumbai,Thane West,Ghodbunder Road (Thane West),19.295967,72.866663,Two-Wheeler / Bike,Urban,Grievous/Major,1,0,1,Weather,Low,Moderate,36.5,Fog,Low,0,1,0.95,1.0,UNIQUE,,-1,46.0
ACC-IND-001744,OPEN_ACCIDENT_DATASET,1744,2024-07-29,19:00,2024,7,Monday,Mumbai,Eastern Suburbs,Eastern Express Highway (Vikhroli - Ghatkopar),19.100624,72.912612,Car / SUV,Urban,Grievous/Major,2,0,2,Poor Road,High,High,36.5,Rain,Low,1,4,0.95,1.0,UNIQUE,,2,67.1
ACC-IND-001745,OPEN_ACCIDENT_DATASET,1745,2022-06-25,18:00,2022,6,Saturday,Mumbai,Western Suburbs,Western Express Highway (Kandivali - Goregaon),19.189894,72.922765,Heavy Commercial / Truck,Rural,Minor,5,0,5,Weather,Medium,Moderate,36.5,Fog,Low,1,5,0.95,1.0,UNIQUE,,-1,52.0
ACC-IND-001746,OPEN_ACCIDENT_DATASET,1746,2022-10-04,1:00,2022,10,Sunday,Mumbai,Dadar Central,Dadar TT Circle / Dr. Ambedkar Road,19.017324,72.872838,Car / SUV,Highway,Minor,2,0,2,Poor Road,Low,Moderate,36.5,Fog,Low,1,5,0.95,1.0,UNIQUE,,-1,52.0
ACC-IND-001753,OPEN_ACCIDENT_DATASET,1753,2024-04-21,13:00,2024,4,Sunday,Mumbai,Lower Parel,Lower Parel Commercial Hub / Senapati Bapat Marg,19.003385,72.830698,Car / SUV,Highway,Fatal,1,1,2,Distraction,Medium,Moderate,36.5,Rain,Low,0,2,0.95,1.0,UNIQUE,,3,76.0
ACC-IND-001766,OPEN_ACCIDENT_DATASET,1766,2023-08-26,3:00,2023,8,Saturday,Mumbai,Lower Parel,Lower Parel Commercial Hub / Senapati Bapat Marg,18.992941,72.837148,Car / SUV,Highway,Grievous/Major,2,0,2,Weather,Low,Moderate,36.5,Fog,Low,1,2,0.95,1.0,UNIQUE,,3,56.5
ACC-IND-001782,OPEN_ACCIDENT_DATASET,1782,2024-11-10,11:00,2024,11,Friday,Mumbai,Navi Mumbai Gateway,Sion Panvel Highway (Mankhurd - Vashi),19.080412,72.990781,Two-Wheeler / Bike,Rural,Minor,1,0,1,Overspeeding,Medium,Moderate,36.5,Clear,High,0,2,0.95,1.0,UNIQUE,,-1,41.5
ACC-IND-001794,OPEN_ACCIDENT_DATASET,1794,2023-03-20,2:00,2023,3,Monday,Mumbai,Western Suburbs,Western Express Highway (Kandivali - Goregaon),19.143699,72.841429,Heavy Commercial / Truck,Highway,Fatal,2,1,3,Distraction,Low,Moderate,36.5,Fog,Low,0,3,0.95,1.0,UNIQUE,,17,82.0
ACC-IND-001807,OPEN_ACCIDENT_DATASET,1807,2024-12-19,7:00,2024,12,Thursday,Mumbai,Western Suburbs,Western Express Highway (Kandivali - Goregaon),19.244726,72.870697,Heavy Commercial / Truck,Urban,Fatal,2,1,3,Poor Road,Low,Moderate,36.5,Rain,Low,0,3,0.95,1.0,UNIQUE,,-1,77.5
ACC-IND-001808,OPEN_ACCIDENT_DATASET,1808,2023-08-11,16:00,2023,8,Wednesday,Mumbai,Bandra West,Western Express Highway (Bandra - Santacruz),19.072999,72.844859,Heavy Commercial / Truck,Urban,Grievous/Major,4,0,4,Overspeeding,Low,Moderate,36.5,Clear,High,1,4,0.95,1.0,UNIQUE,,0,62.5
ACC-IND-001820,OPEN_ACCIDENT_DATASET,1820,2024-11-14,16:00,2024,11,Thursday,Mumbai,South Mumbai,Marine Drive Promenade / Netaji Subhash Road,18.958157,72.886473,Heavy Commercial / Truck,Rural,Grievous/Major,4,0,4,Distraction,High,High,36.5,Clear,High,0,4,0.95,1.0,UNIQUE,,-1,67.1
ACC-IND-001826,OPEN_ACCIDENT_DATASET,1826,2024-09-06,21:00,2024,9,Sunday,Mumbai,Kurla East,Santa Cruz-Chembur Link Road (SCLR),19.079659,72.881228,Two-Wheeler / Bike,Rural,Minor,1,0,1,Weather,Medium,Moderate,36.5,Rain,Medium,0,5,0.95,1.0,UNIQUE,,7,52.0
ACC-IND-001830,OPEN_ACCIDENT_DATASET,1830,2024-12-24,16:00,2024,12,Tuesday,Mumbai,Dadar Central,Dadar TT Circle / Dr. Ambedkar Road,19.018153,72.845777,Two-Wheeler / Bike,Rural,Fatal,0,1,1,Poor Road,Low,Moderate,36.5,Clear,High,1,1,0.95,1.0,UNIQUE,,3,65.5
ACC-IND-001859,OPEN_ACCIDENT_DATASET,1859,2024-09-20,5:00,2024,9,Friday,Mumbai,Western Suburbs,Western Express Highway (Kandivali - Goregaon),19.179326,72.900609,Heavy Commercial / Truck,Rural,Minor,3,0,3,Overspeeding,Low,Moderate,36.5,Rain,Low,1,3,0.95,1.0,UNIQUE,,12,47.5
ACC-IND-001864,OPEN_ACCIDENT_DATASET,1864,2023-04-15,7:00,2023,4,Saturday,Mumbai,South Mumbai,Marine Drive Promenade / Netaji Subhash Road,18.951444,72.883966,Two-Wheeler / Bike,Highway,Grievous/Major,1,0,1,Poor Road,High,High,36.5,Fog,Low,0,4,0.95,1.0,UNIQUE,,-1,67.1
ACC-IND-001866,OPEN_ACCIDENT_DATASET,1866,2023-12-10,19:00,2023,12,Thursday,Mumbai,Kurla / Ghatkopar,LBS Marg (Kurla - Ghatkopar),19.082494,72.885626,Heavy Commercial / Truck,Urban,Minor,0,0,0,Poor Road,High,High,36.5,Rain,Medium,0,2,0.95,1.0,UNIQUE,,7,46.1
ACC-IND-001867,OPEN_ACCIDENT_DATASET,1867,2024-04-18,0:00,2024,4,Thursday,Mumbai,South Mumbai,Marine Drive Promenade / Netaji Subhash Road,18.901212,72.848657,Two-Wheeler / Bike,Rural,Minor,1,0,1,Drunk Driving,Low,Moderate,36.5,Fog,Low,0,1,0.95,1.0,UNIQUE,,-1,35.5
ACC-IND-001870,OPEN_ACCIDENT_DATASET,1870,2024-02-29,23:00,2024,2,Thursday,Mumbai,Western Suburbs,Western Express Highway (Kandivali - Goregaon),19.255397,72.771853,Heavy Commercial / Truck,Urban,Grievous/Major,0,0,0,Drunk Driving,High,High,36.5,Rain,Low,1,5,0.95,1.0,UNIQUE,,-1,67.1
ACC-IND-001873,OPEN_ACCIDENT_DATASET,1873,2022-06-16,15:00,2022,6,Thursday,Mumbai,Thane West,Ghodbunder Road (Thane West),19.261016,72.930206,Heavy Commercial / Truck,Urban,Grievous/Major,0,0,0,Poor Road,High,High,36.5,Fog,Low,0,5,0.95,1.0,UNIQUE,,-1,67.1
ACC-IND-001874,OPEN_ACCIDENT_DATASET,1874,2025-10-03,0:00,2025,10,Monday,Mumbai,Eastern Suburbs,Eastern Express Highway (Vikhroli - Ghatkopar),19.097274,72.916418,Heavy Commercial / Truck,Urban,Fatal,3,1,4,Weather,Low,Moderate,36.5,Rain,Medium,1,4,0.95,1.0,UNIQUE,,2,82.0
ACC-IND-001875,OPEN_ACCIDENT_DATASET,1875,2022-11-14,10:00,2022,11,Monday,Mumbai,Sion-Chembur,Eastern Express Highway (Sion - Chembur),19.046394,72.889757,Two-Wheeler / Bike,Rural,Minor,1,0,1,Overspeeding,High,High,36.5,Fog,Low,0,1,0.95,1.0,UNIQUE,,5,40.1
ACC-IND-001881,OPEN_ACCIDENT_DATASET,1881,2024-04-20,7:00,2024,4,Saturday,Mumbai,South Mumbai,Marine Drive Promenade / Netaji Subhash Road,18.949085,72.821803,Two-Wheeler / Bike,Highway,Fatal,0,1,1,Distraction,Low,Moderate,36.5,Clear,High,1,1,0.95,1.0,UNIQUE,,6,70.0
ACC-IND-001883,OPEN_ACCIDENT_DATASET,1883,2024-05-17,22:00,2024,5,Friday,Mumbai,Navi Mumbai Gateway,Sion Panvel Highway (Mankhurd - Vashi),19.036687,72.978662,Car / SUV,Urban,Minor,2,0,2,Weather,Low,Moderate,36.5,Fog,Low,0,2,0.95,1.0,UNIQUE,,-1,41.5
ACC-IND-001889,OPEN_ACCIDENT_DATASET,1889,2022-01-09,10:00,2022,1,Thursday,Mumbai,Navi Mumbai Gateway,Sion Panvel Highway (Mankhurd - Vashi),19.004417,72.989302,Heavy Commercial / Truck,Urban,Grievous/Major,0,0,0,Drunk Driving,Medium,Moderate,36.5,Clear,High,0,4,0.95,1.0,UNIQUE,,13,62.5
ACC-IND-001919,OPEN_ACCIDENT_DATASET,1919,2023-03-19,12:00,2023,3,Sunday,Mumbai,Western Suburbs,Western Express Highway (Kandivali - Goregaon),19.158977,72.793676,Heavy Commercial / Truck,Urban,Fatal,4,1,5,Drunk Driving,Medium,Moderate,36.5,Rain,Medium,0,5,0.95,1.0,UNIQUE,,-1,82.0
ACC-IND-001922,OPEN_ACCIDENT_DATASET,1922,2024-04-23,2:00,2024,4,Tuesday,Mumbai,Andheri West,Swami Vivekanand (SV) Road (Andheri West),19.141466,72.790503,Two-Wheeler / Bike,Highway,Grievous/Major,1,0,1,Drunk Driving,Low,Moderate,36.5,Clear,High,0,1,0.95,1.0,UNIQUE,,-1,50.5
ACC-IND-001934,OPEN_ACCIDENT_DATASET,1934,2025-03-16,14:00,2025,3,Sunday,Mumbai,Eastern Suburbs,Eastern Express Highway (Vikhroli - Ghatkopar),19.115161,72.908586,Heavy Commercial / Truck,Rural,Minor,4,0,4,Overspeeding,Medium,Moderate,36.5,Fog,Low,0,5,0.95,1.0,UNIQUE,,-1,52.0
ACC-IND-001949,OPEN_ACCIDENT_DATASET,1949,2023-05-10,13:00,2023,5,Thursday,Mumbai,Eastern Suburbs,Eastern Express Highway (Vikhroli - Ghatkopar),19.129216,72.934866,Heavy Commercial / Truck,Urban,Grievous/Major,2,1,3,Drunk Driving,High,High,36.5,Rain,Medium,0,3,0.95,1.0,UNIQUE,,-1,74.6
ACC-IND-001957,OPEN_ACCIDENT_DATASET,1957,2024-03-08,15:00,2024,3,Saturday,Mumbai,Kurla / Ghatkopar,LBS Marg (Kurla - Ghatkopar),19.080892,72.887199,Two-Wheeler / Bike,Urban,Minor,1,0,1,Distraction,Low,Moderate,36.5,Fog,Low,1,2,0.95,1.0,UNIQUE,,7,41.5
ACC-IND-001963,OPEN_ACCIDENT_DATASET,1963,2024-07-19,17:00,2024,7,Friday,Mumbai,Thane West,Ghodbunder Road (Thane West),19.259854,72.875882,Heavy Commercial / Truck,Highway,Minor,0,0,0,Drunk Driving,Medium,Moderate,36.5,Rain,Medium,1,4,0.95,1.0,UNIQUE,,-1,52.0
ACC-IND-001964,OPEN_ACCIDENT_DATASET,1964,2022-12-05,16:00,2022,12,Thursday,Mumbai,Bandra West,Western Express Highway (Bandra - Santacruz),19.066094,72.841084,Two-Wheeler / Bike,Highway,Minor,1,0,1,Overspeeding,High,High,36.5,Clear,High,0,1,0.95,1.0,UNIQUE,,0,44.6
ACC-IND-001965,OPEN_ACCIDENT_DATASET,1965,2023-06-23,15:00,2023,6,Friday,Mumbai,Eastern Suburbs,Eastern Express Highway (Vikhroli - Ghatkopar),19.098529,72.914685,Two-Wheeler / Bike,Urban,Minor,1,0,1,Overspeeding,Low,Moderate,36.5,Rain,Medium,0,1,0.95,1.0,UNIQUE,,2,35.5
ACC-IND-001970,OPEN_ACCIDENT_DATASET,1970,2022-04-19,17:00,2022,4,Tuesday,Mumbai,Western Suburbs,Western Express Highway (Kandivali - Goregaon),19.295874,72.832309,Heavy Commercial / Truck,Rural,Minor,0,0,0,Poor Road,Low,Moderate,36.5,Clear,High,0,1,0.95,1.0,UNIQUE,,-1,35.5
ACC-IND-001982,OPEN_ACCIDENT_DATASET,1982,2024-03-11,21:00,2024,3,Sunday,Mumbai,Navi Mumbai Gateway,Sion Panvel Highway (Mankhurd - Vashi),19.064034,72.992022,Heavy Commercial / Truck,Urban,Minor,0,0,0,Distraction,Low,Moderate,36.5,Fog,Low,1,5,0.95,1.0,UNIQUE,,-1,52.0
ACC-IND-001983,OPEN_ACCIDENT_DATASET,1983,2022-06-19,9:00,2022,6,Sunday,Mumbai,Bandra West,Western Express Highway (Bandra - Santacruz),19.066733,72.834122,Car / SUV,Highway,Fatal,1,1,2,Drunk Driving,Medium,Moderate,36.5,Fog,Low,0,2,0.95,1.0,UNIQUE,,0,76.0
ACC-IND-001984,OPEN_ACCIDENT_DATASET,1984,2024-06-13,21:00,2024,6,Thursday,Mumbai,Andheri West,Swami Vivekanand (SV) Road (Andheri West),19.111599,72.792923,Two-Wheeler / Bike,Highway,Minor,1,0,1,Poor Road,High,High,36.5,Fog,Low,1,4,0.95,1.0,UNIQUE,,-1,56.6
ACC-IND-002022,OPEN_ACCIDENT_DATASET,2022,2023-05-19,18:00,2023,5,Friday,Mumbai,Eastern Suburbs,Eastern Express Highway (Vikhroli - Ghatkopar),19.119343,72.973141,Heavy Commercial / Truck,Rural,Grievous/Major,4,0,4,Overspeeding,High,High,36.5,Fog,Low,1,4,0.95,1.0,UNIQUE,,-1,67.1
ACC-IND-002028,OPEN_ACCIDENT_DATASET,2028,2025-03-30,14:00,2025,3,Sunday,Mumbai,South Mumbai,Marine Drive Promenade / Netaji Subhash Road,18.952515,72.895984,Two-Wheeler / Bike,Highway,Grievous/Major,1,0,1,Distraction,High,High,36.5,Rain,Low,0,4,0.95,1.0,UNIQUE,,-1,67.1
ACC-IND-002032,OPEN_ACCIDENT_DATASET,2032,2024-02-18,6:00,2024,2,Sunday,Mumbai,Lower Parel,Lower Parel Commercial Hub / Senapati Bapat Marg,18.987785,72.824129,Car / SUV,Urban,Minor,2,0,2,Drunk Driving,Medium,Moderate,36.5,Rain,Medium,1,2,0.95,1.0,UNIQUE,,3,41.5
ACC-IND-002050,OPEN_ACCIDENT_DATASET,2050,2022-08-25,7:00,2022,8,Thursday,Mumbai,Sion-Chembur,Eastern Express Highway (Sion - Chembur),18.956702,72.921062,Heavy Commercial / Truck,Rural,Minor,2,1,3,Overspeeding,Medium,Moderate,36.5,Fog,Low,1,5,0.95,1.0,UNIQUE,,-1,64.0
ACC-IND-002058,OPEN_ACCIDENT_DATASET,2058,2024-01-11,6:00,2024,1,Friday,Mumbai,Andheri West,Swami Vivekanand (SV) Road (Andheri West),19.105184,72.816616,Two-Wheeler / Bike,Highway,Minor,1,0,1,Overspeeding,Low,Moderate,36.5,Rain,Medium,1,2,0.95,1.0,UNIQUE,,-1,46.0
ACC-IND-002061,OPEN_ACCIDENT_DATASET,2061,2022-09-18,18:00,2022,9,Sunday,Mumbai,South Mumbai,Marine Drive Promenade / Netaji Subhash Road,18.880595,72.850897,Two-Wheeler / Bike,Rural,Minor,1,0,1,Overspeeding,Medium,Moderate,36.5,Fog,Low,1,3,0.95,1.0,UNIQUE,,-1,47.5
ACC-IND-002064,OPEN_ACCIDENT_DATASET,2064,2024-12-28,1:00,2024,12,Saturday,Mumbai,Dadar Central,Dadar TT Circle / Dr. Ambedkar Road,19.015041,72.841312,Car / SUV,Urban,Minor,2,0,2,Poor Road,Low,Moderate,36.5,Clear,High,0,2,0.95,1.0,UNIQUE,,3,41.5
ACC-IND-002073,OPEN_ACCIDENT_DATASET,2073,2023-02-02,13:00,2023,2,Thursday,Mumbai,Kurla East,Santa Cruz-Chembur Link Road (SCLR),19.070296,72.879188,Heavy Commercial / Truck,Urban,Minor,3,1,4,Poor Road,Medium,Moderate,36.5,Rain,Medium,1,5,0.95,1.0,UNIQUE,,7,64.0
ACC-IND-002075,OPEN_ACCIDENT_DATASET,2075,2022-07-23,18:00,2022,7,Saturday,Mumbai,Western Suburbs,Western Express Highway (Kandivali - Goregaon),19.18194,72.788688,Heavy Commercial / Truck,Rural,Minor,0,0,0,Weather,High,High,36.5,Rain,Medium,0,1,0.95,1.0,UNIQUE,,-1,40.1
ACC-IND-002083,OPEN_ACCIDENT_DATASET,2083,2024-01-27,9:00,2024,1,Saturday,Mumbai,Bandra West,Western Express Highway (Bandra - Santacruz),19.069157,72.856647,Heavy Commercial / Truck,Highway,Grievous/Major,0,0,0,Distraction,Low,Moderate,36.5,Rain,Medium,0,2,0.95,1.0,UNIQUE,,-1,56.5
ACC-IND-002088,OPEN_ACCIDENT_DATASET,2088,2024-10-27,20:00,2024,10,Sunday,Mumbai,Navi Mumbai Gateway,Sion Panvel Highway (Mankhurd - Vashi),18.931466,72.973808,Heavy Commercial / Truck,Highway,Fatal,4,1,5,Overspeeding,Medium,Moderate,36.5,Clear,High,1,5,0.95,1.0,UNIQUE,,-1,82.0
ACC-IND-002096,OPEN_ACCIDENT_DATASET,2096,2024-01-26,0:00,2024,1,Friday,Mumbai,Navi Mumbai Gateway,Sion Panvel Highway (Mankhurd - Vashi),19.051258,72.995242,Heavy Commercial / Truck,Rural,Minor,3,0,3,Weather,Low,Moderate,36.5,Fog,Low,0,3,0.95,1.0,UNIQUE,,-1,47.5
ACC-IND-002103,OPEN_ACCIDENT_DATASET,2103,2023-01-26,23:00,2023,1,Thursday,Mumbai,Sion-Chembur,Eastern Express Highway (Sion - Chembur),19.015662,72.918838,Car / SUV,Rural,Fatal,1,1,2,Drunk Driving,High,High,36.5,Fog,Low,0,2,0.95,1.0,UNIQUE,,-1,76.1
ACC-IND-002112,OPEN_ACCIDENT_DATASET,2112,2022-06-03,8:00,2022,6,Sunday,Mumbai,Kurla East,Santa Cruz-Chembur Link Road (SCLR),19.072563,72.878878,Two-Wheeler / Bike,Rural,Grievous/Major,1,0,1,Overspeeding,Medium,Moderate,36.5,Clear,High,0,2,0.95,1.0,UNIQUE,,7,52.0
ACC-IND-002149,OPEN_ACCIDENT_DATASET,2149,2023-06-27,3:00,2023,6,Tuesday,Mumbai,Kurla / Ghatkopar,LBS Marg (Kurla - Ghatkopar),19.066527,72.90312,Two-Wheeler / Bike,Highway,Grievous/Major,1,0,1,Distraction,High,High,36.5,Rain,Low,0,2,0.95,1.0,UNIQUE,,-1,61.1
ACC-IND-002151,OPEN_ACCIDENT_DATASET,2151,2022-03-27,12:00,2022,3,Sunday,Mumbai,Sion-Chembur,Eastern Express Highway (Sion - Chembur),19.035017,72.899415,Two-Wheeler / Bike,Urban,Fatal,0,1,1,Distraction,Low,Moderate,36.5,Fog,Low,1,1,0.95,1.0,UNIQUE,,-1,65.5
ACC-IND-002168,OPEN_ACCIDENT_DATASET,2168,2024-11-22,6:00,2024,11,Friday,Mumbai,Western Suburbs,Western Express Highway (Kandivali - Goregaon),19.159213,72.843934,Heavy Commercial / Truck,Rural,Grievous/Major,3,0,3,Poor Road,Medium,Moderate,36.5,Clear,High,0,4,0.95,1.0,UNIQUE,,11,62.5
ACC-IND-002172,OPEN_ACCIDENT_DATASET,2172,2023-07-12,17:00,2023,7,Thursday,Mumbai,Bandra West,Western Express Highway (Bandra - Santacruz),19.065448,72.838299,Two-Wheeler / Bike,Highway,Grievous/Major,1,0,1,Drunk Driving,Low,Moderate,36.5,Fog,Low,1,2,0.95,1.0,UNIQUE,,0,56.5
ACC-IND-002173,OPEN_ACCIDENT_DATASET,2173,2025-01-13,3:00,2025,1,Monday,Mumbai,Eastern Suburbs,Eastern Express Highway (Vikhroli - Ghatkopar),19.09729,72.913688,Two-Wheeler / Bike,Highway,Grievous/Major,1,0,1,Distraction,Low,Moderate,36.5,Clear,High,1,1,0.95,1.0,UNIQUE,,2,50.5
ACC-IND-002174,OPEN_ACCIDENT_DATASET,2174,2022-05-18,10:00,2022,5,Wednesday,Mumbai,Thane West,Ghodbunder Road (Thane West),19.244368,72.958206,Two-Wheeler / Bike,Urban,Fatal,0,1,1,Overspeeding,High,High,36.5,Fog,Low,0,1,0.95,1.0,UNIQUE,,-1,70.1
ACC-IND-002177,OPEN_ACCIDENT_DATASET,2177,2023-05-27,22:00,2023,5,Saturday,Mumbai,Kurla East,Santa Cruz-Chembur Link Road (SCLR),19.0737,72.880092,Heavy Commercial / Truck,Highway,Minor,0,0,0,Distraction,Medium,Moderate,36.5,Fog,Low,0,5,0.95,1.0,UNIQUE,,7,52.0
ACC-IND-002184,OPEN_ACCIDENT_DATASET,2184,2023-02-02,10:00,2023,2,Thursday,Mumbai,Western Suburbs,Western Express Highway (Kandivali - Goregaon),19.210369,72.906374,Heavy Commercial / Truck,Rural,Minor,5,0,5,Drunk Driving,High,High,36.5,Clear,High,1,5,0.95,1.0,UNIQUE,,-1,56.6
ACC-IND-002198,OPEN_ACCIDENT_DATASET,2198,2024-05-01,1:00,2024,5,Friday,Mumbai,Bandra West,Western Express Highway (Bandra - Santacruz),19.068521,72.840338,Heavy Commercial / Truck,Urban,Grievous/Major,0,0,0,Poor Road,Low,Moderate,36.5,Rain,Medium,1,5,0.95,1.0,UNIQUE,,0,62.5
ACC-IND-002202,OPEN_ACCIDENT_DATASET,2202,2022-09-18,14:00,2022,9,Sunday,Mumbai,Powai / Andheri East,Jogeshwari-Vikhroli Link Road (JVLR),19.127317,72.886622,Heavy Commercial / Truck,Highway,Minor,4,1,5,Distraction,Medium,Moderate,36.5,Clear,High,0,5,0.95,1.0,UNIQUE,,8,64.0
ACC-IND-002204,OPEN_ACCIDENT_DATASET,2204,2022-04-01,6:00,2022,4,Tuesday,Mumbai,South Mumbai,Marine Drive Promenade / Netaji Subhash Road,18.859996,72.880343,Heavy Commercial / Truck,Rural,Grievous/Major,2,1,3,Poor Road,High,High,36.5,Fog,Low,0,3,0.95,1.0,UNIQUE,,14,74.6
ACC-IND-002207,OPEN_ACCIDENT_DATASET,2207,2022-10-21,10:00,2022,10,Friday,Mumbai,Dadar Central,Dadar TT Circle / Dr. Ambedkar Road,19.016027,72.846479,Car / SUV,Urban,Minor,2,0,2,Weather,High,High,36.5,Clear,High,1,4,0.95,1.0,UNIQUE,,3,56.6
ACC-IND-002211,OPEN_ACCIDENT_DATASET,2211,2024-05-22,8:00,2024,5,Wednesday,Mumbai,Kurla / Ghatkopar,LBS Marg (Kurla - Ghatkopar),19.093652,72.873611,Car / SUV,Rural,Minor,2,0,2,Weather,High,High,36.5,Clear,High,1,3,0.95,1.0,UNIQUE,,-1,52.1
ACC-IND-002233,OPEN_ACCIDENT_DATASET,2233,2024-08-04,22:00,2024,8,Monday,Mumbai,Western Suburbs,Western Express Highway (Kandivali - Goregaon),19.139947,72.848463,Heavy Commercial / Truck,Urban,Grievous/Major,3,0,3,Poor Road,Low,Moderate,36.5,Fog,Low,1,4,0.95,1.0,UNIQUE,,17,62.5
ACC-IND-002244,OPEN_ACCIDENT_DATASET,2244,2024-02-17,20:00,2024,2,Saturday,Mumbai,Andheri West,Swami Vivekanand (SV) Road (Andheri West),19.113674,72.835802,Car / SUV,Urban,Minor,2,0,2,Overspeeding,High,High,36.5,Fog,Low,0,3,0.95,1.0,UNIQUE,,10,52.1
ACC-IND-002258,OPEN_ACCIDENT_DATASET,2258,2022-12-12,17:00,2022,12,Monday,Mumbai,South Mumbai,Marine Drive Promenade / Netaji Subhash Road,18.93432,72.824388,Heavy Commercial / Truck,Rural,Minor,0,0,0,Poor Road,High,High,36.5,Clear,High,0,4,0.95,1.0,UNIQUE,,6,56.6
ACC-IND-002259,OPEN_ACCIDENT_DATASET,2259,2022-08-28,17:00,2022,8,Sunday,Mumbai,Dadar Central,Dadar TT Circle / Dr. Ambedkar Road,19.01929,72.843966,Heavy Commercial / Truck,Rural,Grievous/Major,0,0,0,Distraction,Medium,Moderate,36.5,Clear,High,1,1,0.95,1.0,UNIQUE,,3,46.0
ACC-IND-002264,OPEN_ACCIDENT_DATASET,2264,2022-05-22,16:00,2022,5,Sunday,Mumbai,Western Suburbs,Western Express Highway (Kandivali - Goregaon),19.183083,72.771877,Heavy Commercial / Truck,Highway,Fatal,2,1,3,Drunk Driving,High,High,36.5,Rain,Medium,0,3,0.95,1.0,UNIQUE,,-1,86.6
ACC-IND-002268,OPEN_ACCIDENT_DATASET,2268,2022-11-25,16:00,2022,11,Friday,Mumbai,Navi Mumbai Gateway,Sion Panvel Highway (Mankhurd - Vashi),19.010332,72.961264,Heavy Commercial / Truck,Highway,Minor,0,0,0,Drunk Driving,Low,Moderate,36.5,Clear,High,1,3,0.95,1.0,UNIQUE,,-1,52.0
ACC-IND-002270,OPEN_ACCIDENT_DATASET,2270,2022-07-04,21:00,2022,7,Thursday,Mumbai,Eastern Suburbs,Eastern Express Highway (Vikhroli - Ghatkopar),19.105568,72.953331,Heavy Commercial / Truck,Rural,Minor,5,0,5,Weather,Medium,Moderate,36.5,Fog,Low,1,5,0.95,1.0,UNIQUE,,-1,52.0
ACC-IND-002289,OPEN_ACCIDENT_DATASET,2289,2023-09-17,1:00,2023,9,Sunday,Mumbai,Sion-Chembur,Eastern Express Highway (Sion - Chembur),19.036308,72.875234,Two-Wheeler / Bike,Highway,Minor,1,0,1,Poor Road,Low,Moderate,36.5,Fog,Low,1,2,0.95,1.0,UNIQUE,,-1,46.0
ACC-IND-002290,OPEN_ACCIDENT_DATASET,2290,2024-11-10,16:00,2024,11,Friday,Mumbai,Western Suburbs,Western Express Highway (Kandivali - Goregaon),19.179527,72.841712,Heavy Commercial / Truck,Highway,Fatal,2,1,3,Drunk Driving,Medium,Moderate,36.5,Rain,Low,0,3,0.95,1.0,UNIQUE,,11,82.0
ACC-IND-002319,OPEN_ACCIDENT_DATASET,2319,2023-06-27,0:00,2023,6,Tuesday,Mumbai,Lower Parel,Lower Parel Commercial Hub / Senapati Bapat Marg,18.980481,72.829271,Two-Wheeler / Bike,Rural,Grievous/Major,1,0,1,Overspeeding,Low,Moderate,36.5,Fog,Low,1,1,0.95,1.0,UNIQUE,,3,46.0
ACC-IND-002323,OPEN_ACCIDENT_DATASET,2323,2024-09-25,17:00,2024,9,Wednesday,Mumbai,Navi Mumbai Gateway,Sion Panvel Highway (Mankhurd - Vashi),18.962961,72.989489,Heavy Commercial / Truck,Highway,Fatal,2,1,3,Poor Road,Low,Moderate,36.5,Clear,High,0,3,0.95,1.0,UNIQUE,,-1,82.0
ACC-IND-002358,OPEN_ACCIDENT_DATASET,2358,2023-07-03,8:00,2023,7,Tuesday,Mumbai,Western Suburbs,Western Express Highway (Kandivali - Goregaon),19.226648,72.891364,Two-Wheeler / Bike,Rural,Minor,1,0,1,Drunk Driving,High,High,36.5,Fog,Low,0,2,0.95,1.0,UNIQUE,,-1,46.1
ACC-IND-002372,OPEN_ACCIDENT_DATASET,2372,2022-04-18,13:00,2022,4,Monday,Mumbai,Kurla East,Santa Cruz-Chembur Link Road (SCLR),19.072901,72.87862,Two-Wheeler / Bike,Highway,Grievous/Major,1,0,1,Overspeeding,Medium,Moderate,36.5,Fog,Low,1,4,0.95,1.0,UNIQUE,,7,62.5
ACC-IND-002374,OPEN_ACCIDENT_DATASET,2374,2024-05-18,3:00,2024,5,Saturday,Mumbai,Andheri West,Swami Vivekanand (SV) Road (Andheri West),19.112318,72.840417,Heavy Commercial / Truck,Highway,Grievous/Major,2,1,3,Drunk Driving,Medium,Moderate,36.5,Rain,Medium,0,4,0.95,1.0,UNIQUE,,10,74.5
ACC-IND-002396,OPEN_ACCIDENT_DATASET,2396,2024-05-15,16:00,2024,5,Wednesday,Mumbai,Thane West,Ghodbunder Road (Thane West),19.212772,72.956725,Heavy Commercial / Truck,Highway,Grievous/Major,0,0,0,Distraction,Medium,Moderate,36.5,Rain,Medium,1,2,0.95,1.0,UNIQUE,,-1,56.5
ACC-IND-002400,OPEN_ACCIDENT_DATASET,2400,2022-02-13,1:00,2022,2,Sunday,Mumbai,Navi Mumbai Gateway,Sion Panvel Highway (Mankhurd - Vashi),19.004348,72.999973,Heavy Commercial / Truck,Urban,Grievous/Major,0,0,0,Drunk Driving,Medium,Moderate,36.5,Fog,Low,1,4,0.95,1.0,UNIQUE,,-1,62.5
ACC-IND-002425,OPEN_ACCIDENT_DATASET,2425,2024-10-09,2:00,2024,10,Tuesday,Mumbai,Thane West,Ghodbunder Road (Thane West),19.174603,72.985337,Heavy Commercial / Truck,Highway,Minor,0,0,0,Drunk Driving,Low,Moderate,36.5,Fog,Low,0,2,0.95,1.0,UNIQUE,,-1,46.0
ACC-IND-002438,OPEN_ACCIDENT_DATASET,2438,2022-09-18,11:00,2022,9,Sunday,Mumbai,Western Suburbs,Western Express Highway (Kandivali - Goregaon),19.216023,72.900424,Heavy Commercial / Truck,Rural,Grievous/Major,0,0,0,Poor Road,High,High,36.5,Fog,Low,0,2,0.95,1.0,UNIQUE,,-1,56.6
ACC-IND-002446,OPEN_ACCIDENT_DATASET,2446,2022-06-13,3:00,2022,6,Monday,Mumbai,Western Suburbs,Western Express Highway (Kandivali - Goregaon),19.181471,72.813261,Two-Wheeler / Bike,Rural,Minor,1,0,1,Poor Road,Low,Moderate,36.5,Clear,High,0,2,0.95,1.0,UNIQUE,,-1,41.5
ACC-IND-002447,OPEN_ACCIDENT_DATASET,2447,2022-11-04,9:00,2022,11,Monday,Mumbai,Thane West,Ghodbunder Road (Thane West),19.274081,72.93358,Heavy Commercial / Truck,Urban,Minor,0,0,0,Weather,Medium,Moderate,36.5,Clear,High,1,2,0.95,1.0,UNIQUE,,-1,41.5
ACC-IND-002461,OPEN_ACCIDENT_DATASET,2461,2022-08-16,20:00,2022,8,Tuesday,Mumbai,Thane West,Ghodbunder Road (Thane West),19.278538,72.867841,Two-Wheeler / Bike,Urban,Grievous/Major,1,0,1,Overspeeding,Low,Moderate,36.5,Fog,Low,1,1,0.95,1.0,UNIQUE,,-1,46.0
ACC-IND-002462,OPEN_ACCIDENT_DATASET,2462,2022-05-15,3:00,2022,5,Sunday,Mumbai,Powai / Andheri East,Jogeshwari-Vikhroli Link Road (JVLR),19.12524,72.886979,Heavy Commercial / Truck,Rural,Fatal,2,1,3,Distraction,High,High,36.5,Fog,Low,0,3,0.95,1.0,UNIQUE,,8,82.1
ACC-IND-002466,OPEN_ACCIDENT_DATASET,2466,2024-04-09,6:00,2024,4,Wednesday,Mumbai,South Mumbai,Marine Drive Promenade / Netaji Subhash Road,18.941942,72.822196,Heavy Commercial / Truck,Highway,Grievous/Major,5,0,5,Weather,Medium,Moderate,36.5,Clear,High,1,5,0.95,1.0,UNIQUE,,6,62.5
ACC-IND-002474,OPEN_ACCIDENT_DATASET,2474,2023-04-11,10:00,2023,4,Saturday,Mumbai,Navi Mumbai Gateway,Sion Panvel Highway (Mankhurd - Vashi),19.055648,72.93768,Two-Wheeler / Bike,Rural,Fatal,0,1,1,Distraction,Medium,Moderate,36.5,Fog,Low,1,1,0.95,1.0,UNIQUE,,4,65.5
ACC-IND-002482,OPEN_ACCIDENT_DATASET,2482,2023-01-25,22:00,2023,1,Wednesday,Mumbai,South Mumbai,Marine Drive Promenade / Netaji Subhash Road,18.892474,72.969559,Car / SUV,Rural,Minor,2,0,2,Overspeeding,Low,Moderate,36.5,Clear,High,1,3,0.95,1.0,UNIQUE,,-1,47.5
ACC-IND-002506,OPEN_ACCIDENT_DATASET,2506,2023-06-24,3:00,2023,6,Saturday,Mumbai,Eastern Suburbs,Eastern Express Highway (Vikhroli - Ghatkopar),19.128483,72.957463,Car / SUV,Rural,Grievous/Major,2,0,2,Distraction,High,High,36.5,Clear,High,1,3,0.95,1.0,UNIQUE,,-1,62.6
ACC-IND-002515,OPEN_ACCIDENT_DATASET,2515,2024-02-27,22:00,2024,2,Tuesday,Mumbai,Kurla East,Santa Cruz-Chembur Link Road (SCLR),19.072644,72.878961,Car / SUV,Highway,Minor,2,0,2,Weather,High,High,36.5,Fog,Low,0,5,0.95,1.0,UNIQUE,,7,56.6
ACC-IND-002519,OPEN_ACCIDENT_DATASET,2519,2025-03-16,9:00,2025,3,Sunday,Mumbai,Dadar Central,Dadar TT Circle / Dr. Ambedkar Road,19.017369,72.841335,Two-Wheeler / Bike,Rural,Minor,1,0,1,Drunk Driving,High,High,36.5,Rain,Low,1,2,0.95,1.0,UNIQUE,,3,46.1
ACC-IND-002529,OPEN_ACCIDENT_DATASET,2529,2022-05-15,21:00,2022,5,Sunday,Mumbai,Kurla / Ghatkopar,LBS Marg (Kurla - Ghatkopar),19.074432,72.889107,Car / SUV,Urban,Minor,2,0,2,Drunk Driving,High,High,36.5,Fog,Low,0,4,0.95,1.0,UNIQUE,,7,56.6
ACC-IND-002541,OPEN_ACCIDENT_DATASET,2541,2023-11-14,1:00,2023,11,Tuesday,Mumbai,Thane West,Ghodbunder Road (Thane West),19.288948,72.943627,Heavy Commercial / Truck,Urban,Minor,0,0,0,Poor Road,Medium,Moderate,36.5,Fog,Low,0,2,0.95,1.0,UNIQUE,,-1,41.5
ACC-IND-002542,OPEN_ACCIDENT_DATASET,2542,2023-12-08,22:00,2023,12,Saturday,Mumbai,Navi Mumbai Gateway,Sion Panvel Highway (Mankhurd - Vashi),19.067866,72.97229,Heavy Commercial / Truck,Highway,Minor,0,0,0,Drunk Driving,Low,Moderate,36.5,Clear,High,1,1,0.95,1.0,UNIQUE,,-1,40.0
ACC-IND-002543,OPEN_ACCIDENT_DATASET,2543,2022-07-16,8:00,2022,7,Saturday,Mumbai,Andheri West,Swami Vivekanand (SV) Road (Andheri West),19.128262,72.796935,Heavy Commercial / Truck,Urban,Grievous/Major,5,0,5,Overspeeding,Medium,Moderate,36.5,Rain,Low,0,5,0.95,1.0,UNIQUE,,-1,62.5
ACC-IND-002548,OPEN_ACCIDENT_DATASET,2548,2023-01-23,16:00,2023,1,Monday,Mumbai,Thane West,Ghodbunder Road (Thane West),19.289682,72.972098,Car / SUV,Urban,Minor,2,0,2,Drunk Driving,Medium,Moderate,36.5,Rain,Medium,1,5,0.95,1.0,UNIQUE,,-1,52.0
ACC-IND-002560,OPEN_ACCIDENT_DATASET,2560,2024-06-16,11:00,2024,6,Sunday,Mumbai,Western Suburbs,Western Express Highway (Kandivali - Goregaon),19.20888,72.796619,Heavy Commercial / Truck,Highway,Minor,3,0,3,Distraction,High,High,36.5,Rain,Low,0,5,0.95,1.0,UNIQUE,,-1,56.6
ACC-IND-002565,OPEN_ACCIDENT_DATASET,2565,2022-07-07,23:00,2022,7,Thursday,Mumbai,Western Suburbs,Western Express Highway (Kandivali - Goregaon),19.256488,72.805961,Two-Wheeler / Bike,Urban,Grievous/Major,1,0,1,Overspeeding,Medium,Moderate,36.5,Rain,Low,0,2,0.95,1.0,UNIQUE,,-1,52.0
ACC-IND-002567,OPEN_ACCIDENT_DATASET,2567,2024-10-11,2:00,2024,10,Sunday,Mumbai,Bandra West,Western Express Highway (Bandra - Santacruz),19.086905,72.80843,Two-Wheeler / Bike,Highway,Fatal,0,1,1,Weather,Low,Moderate,36.5,Clear,High,0,1,0.95,1.0,UNIQUE,,-1,70.0
ACC-IND-002569,OPEN_ACCIDENT_DATASET,2569,2024-08-12,13:00,2024,8,Sunday,Mumbai,Navi Mumbai Gateway,Sion Panvel Highway (Mankhurd - Vashi),19.012598,72.945503,Heavy Commercial / Truck,Urban,Grievous/Major,0,0,0,Poor Road,Medium,Moderate,36.5,Fog,Low,0,5,0.95,1.0,UNIQUE,,-1,62.5
ACC-IND-002576,OPEN_ACCIDENT_DATASET,2576,2023-11-22,12:00,2023,11,Wednesday,Mumbai,Eastern Suburbs,Eastern Express Highway (Vikhroli - Ghatkopar),19.099353,72.914641,Car / SUV,Highway,Minor,2,0,2,Overspeeding,Medium,Moderate,36.5,Clear,High,0,2,0.95,1.0,UNIQUE,,2,46.0
ACC-IND-002596,OPEN_ACCIDENT_DATASET,2596,2023-12-22,3:00,2023,12,Friday,Mumbai,Western Suburbs,Western Express Highway (Kandivali - Goregaon),19.283453,72.792348,Heavy Commercial / Truck,Rural,Minor,4,0,4,Poor Road,Low,Moderate,36.5,Rain,Medium,1,4,0.95,1.0,UNIQUE,,-1,52.0
ACC-IND-002617,OPEN_ACCIDENT_DATASET,2617,2024-02-13,16:00,2024,2,Tuesday,Mumbai,Navi Mumbai Gateway,Sion Panvel Highway (Mankhurd - Vashi),19.055993,72.938546,Heavy Commercial / Truck,Rural,Grievous/Major,0,0,0,Weather,Medium,Moderate,36.5,Clear,High,0,3,0.95,1.0,UNIQUE,,4,58.0
ACC-IND-002621,OPEN_ACCIDENT_DATASET,2621,2024-12-04,20:00,2024,12,Friday,Mumbai,Thane West,Ghodbunder Road (Thane West),19.179202,72.958614,Car / SUV,Rural,Grievous/Major,2,0,2,Distraction,Medium,Moderate,36.5,Fog,Low,1,4,0.95,1.0,UNIQUE,,-1,62.5
ACC-IND-002637,OPEN_ACCIDENT_DATASET,2637,2024-03-14,8:00,2024,3,Thursday,Mumbai,Lower Parel,Lower Parel Commercial Hub / Senapati Bapat Marg,18.993984,72.827834,Two-Wheeler / Bike,Urban,Grievous/Major,1,0,1,Weather,High,High,36.5,Fog,Low,1,5,0.95,1.0,UNIQUE,,3,67.1
ACC-IND-002646,OPEN_ACCIDENT_DATASET,2646,2022-06-17,6:00,2022,6,Friday,Mumbai,South Mumbai,Marine Drive Promenade / Netaji Subhash Road,18.850185,72.841643,Heavy Commercial / Truck,Rural,Minor,2,1,3,Distraction,Low,Moderate,36.5,Fog,Low,1,3,0.95,1.0,UNIQUE,,-1,59.5
ACC-IND-002649,OPEN_ACCIDENT_DATASET,2649,2023-12-24,11:00,2023,12,Sunday,Mumbai,Sion-Chembur,Eastern Express Highway (Sion - Chembur),18.964989,72.915649,Heavy Commercial / Truck,Rural,Grievous/Major,3,0,3,Drunk Driving,Medium,Moderate,36.5,Rain,Low,0,4,0.95,1.0,UNIQUE,,-1,62.5
ACC-IND-002651,OPEN_ACCIDENT_DATASET,2651,2024-08-16,13:00,2024,8,Friday,Mumbai,Western Suburbs,Western Express Highway (Kandivali - Goregaon),19.215395,72.883731,Heavy Commercial / Truck,Highway,Minor,0,0,0,Weather,High,High,36.5,Clear,High,0,1,0.95,1.0,UNIQUE,,-1,44.6
ACC-IND-002667,OPEN_ACCIDENT_DATASET,2667,2024-12-24,7:00,2024,12,Tuesday,Mumbai,Eastern Suburbs,Eastern Express Highway (Vikhroli - Ghatkopar),19.09319,72.911941,Heavy Commercial / Truck,Rural,Minor,0,0,0,Distraction,Low,Moderate,36.5,Fog,Low,0,5,0.95,1.0,UNIQUE,,2,52.0
ACC-IND-002668,OPEN_ACCIDENT_DATASET,2668,2022-10-27,16:00,2022,10,Thursday,Mumbai,Navi Mumbai Gateway,Sion Panvel Highway (Mankhurd - Vashi),19.040393,72.93194,Heavy Commercial / Truck,Rural,Minor,4,1,5,Weather,Low,Moderate,36.5,Rain,Medium,1,5,0.95,1.0,UNIQUE,,4,64.0
ACC-IND-002706,OPEN_ACCIDENT_DATASET,2706,2023-11-13,4:00,2023,11,Monday,Mumbai,Powai / Andheri East,Jogeshwari-Vikhroli Link Road (JVLR),19.129515,72.866541,Heavy Commercial / Truck,Urban,Minor,0,0,0,Poor Road,Medium,Moderate,36.5,Rain,Low,1,1,0.95,1.0,UNIQUE,,16,35.5
ACC-IND-002709,OPEN_ACCIDENT_DATASET,2709,2023-02-20,4:00,2023,2,Monday,Mumbai,Thane West,Ghodbunder Road (Thane West),19.268691,72.968023,Two-Wheeler / Bike,Rural,Minor,1,0,1,Weather,Low,Moderate,36.5,Fog,Low,0,1,0.95,1.0,UNIQUE,,1,35.5
ACC-IND-002715,OPEN_ACCIDENT_DATASET,2715,2024-02-10,12:00,2024,2,Wednesday,Mumbai,South Mumbai,Marine Drive Promenade / Netaji Subhash Road,18.862425,72.875596,Heavy Commercial / Truck,Urban,Minor,3,1,4,Drunk Driving,Low,Moderate,36.5,Clear,High,0,4,0.95,1.0,UNIQUE,,14,64.0
ACC-IND-002716,OPEN_ACCIDENT_DATASET,2716,2024-03-22,11:00,2024,3,Friday,Mumbai,Powai / Andheri East,Jogeshwari-Vikhroli Link Road (JVLR),19.148582,72.887354,Two-Wheeler / Bike,Urban,Grievous/Major,1,0,1,Overspeeding,Low,Moderate,36.5,Fog,Low,0,1,0.95,1.0,UNIQUE,,-1,46.0
ACC-IND-002733,OPEN_ACCIDENT_DATASET,2733,2022-04-10,14:00,2022,4,Tuesday,Mumbai,Western Suburbs,Western Express Highway (Kandivali - Goregaon),19.204159,72.849611,Two-Wheeler / Bike,Highway,Minor,1,0,1,Distraction,High,High,36.5,Rain,Low,1,5,0.95,1.0,UNIQUE,,-1,56.6
ACC-IND-002739,OPEN_ACCIDENT_DATASET,2739,2023-11-05,19:00,2023,11,Thursday,Mumbai,South Mumbai,Marine Drive Promenade / Netaji Subhash Road,18.944171,72.826015,Heavy Commercial / Truck,Rural,Grievous/Major,3,0,3,Overspeeding,Low,Moderate,36.5,Clear,High,1,5,0.95,1.0,UNIQUE,,6,62.5
ACC-IND-002740,OPEN_ACCIDENT_DATASET,2740,2023-11-27,18:00,2023,11,Monday,Mumbai,South Mumbai,Marine Drive Promenade / Netaji Subhash Road,18.872499,72.858941,Two-Wheeler / Bike,Urban,Minor,1,0,1,Overspeeding,High,High,36.5,Clear,High,1,4,0.95,1.0,UNIQUE,,-1,56.6
ACC-IND-002761,OPEN_ACCIDENT_DATASET,2761,2023-03-17,13:00,2023,3,Friday,Mumbai,Powai / Andheri East,Jogeshwari-Vikhroli Link Road (JVLR),19.122518,72.889156,Heavy Commercial / Truck,Urban,Minor,0,0,0,Weather,High,High,36.5,Fog,Low,0,1,0.95,1.0,UNIQUE,,8,40.1
ACC-IND-002764,OPEN_ACCIDENT_DATASET,2764,2024-05-31,13:00,2024,5,Friday,Mumbai,Andheri West,Swami Vivekanand (SV) Road (Andheri West),19.122603,72.833373,Heavy Commercial / Truck,Highway,Minor,0,0,0,Drunk Driving,Low,Moderate,36.5,Clear,High,1,4,0.95,1.0,UNIQUE,,10,52.0
ACC-IND-002765,OPEN_ACCIDENT_DATASET,2765,2025-02-26,23:00,2025,2,Wednesday,Mumbai,South Mumbai,Marine Drive Promenade / Netaji Subhash Road,18.89,72.856524,Car / SUV,Urban,Minor,2,0,2,Drunk Driving,Low,Moderate,36.5,Rain,Low,1,4,0.95,1.0,UNIQUE,,-1,52.0
ACC-IND-002774,OPEN_ACCIDENT_DATASET,2774,2024-07-28,22:00,2024,7,Sunday,Mumbai,Andheri West,Swami Vivekanand (SV) Road (Andheri West),19.106007,72.864453,Heavy Commercial / Truck,Rural,Minor,3,1,4,Weather,Medium,Moderate,36.5,Clear,High,1,5,0.95,1.0,UNIQUE,,18,64.0
ACC-IND-002779,OPEN_ACCIDENT_DATASET,2779,2022-03-07,9:00,2022,3,Sunday,Mumbai,Eastern Suburbs,Eastern Express Highway (Vikhroli - Ghatkopar),19.093529,72.911608,Heavy Commercial / Truck,Rural,Minor,2,1,3,Drunk Driving,High,High,36.5,Fog,Low,0,4,0.95,1.0,UNIQUE,,2,68.6
ACC-IND-002784,OPEN_ACCIDENT_DATASET,2784,2024-04-06,19:00,2024,4,Tuesday,Mumbai,Eastern Suburbs,Eastern Express Highway (Vikhroli - Ghatkopar),19.145048,72.976104,Heavy Commercial / Truck,Urban,Minor,2,1,3,Distraction,High,High,36.5,Clear,High,1,5,0.95,1.0,UNIQUE,,-1,68.6
ACC-IND-002788,OPEN_ACCIDENT_DATASET,2788,2024-06-16,11:00,2024,6,Sunday,Mumbai,Andheri West,Swami Vivekanand (SV) Road (Andheri West),19.11849,72.798647,Two-Wheeler / Bike,Urban,Grievous/Major,1,0,1,Drunk Driving,High,High,36.5,Fog,Low,1,3,0.95,1.0,UNIQUE,,-1,62.6
ACC-IND-002802,OPEN_ACCIDENT_DATASET,2802,2024-05-05,21:00,2024,5,Sunday,Mumbai,Kurla / Ghatkopar,LBS Marg (Kurla - Ghatkopar),19.080989,72.889514,Heavy Commercial / Truck,Urban,Minor,2,1,3,Drunk Driving,High,High,36.5,Fog,Low,0,5,0.95,1.0,UNIQUE,,7,68.6
ACC-IND-002805,OPEN_ACCIDENT_DATASET,2805,2024-11-12,7:00,2024,11,Wednesday,Mumbai,Dadar Central,Dadar TT Circle / Dr. Ambedkar Road,19.017149,72.849265,Two-Wheeler / Bike,Rural,Minor,1,0,1,Weather,High,High,36.5,Fog,Low,0,1,0.95,1.0,UNIQUE,,3,40.1
ACC-IND-002806,OPEN_ACCIDENT_DATASET,2806,2023-10-26,1:00,2023,10,Thursday,Mumbai,Western Suburbs,Western Express Highway (Kandivali - Goregaon),19.196063,72.773351,Heavy Commercial / Truck,Urban,Minor,3,0,3,Overspeeding,Low,Moderate,36.5,Rain,Medium,0,5,0.95,1.0,UNIQUE,,-1,52.0
ACC-IND-002815,OPEN_ACCIDENT_DATASET,2815,2024-01-11,9:00,2024,1,Friday,Mumbai,South Mumbai,Marine Drive Promenade / Netaji Subhash Road,18.860272,72.870639,Heavy Commercial / Truck,Highway,Minor,0,0,0,Distraction,High,High,36.5,Clear,High,0,1,0.95,1.0,UNIQUE,,14,44.6
ACC-IND-002827,OPEN_ACCIDENT_DATASET,2827,2024-08-18,8:00,2024,8,Sunday,Mumbai,South Mumbai,Marine Drive Promenade / Netaji Subhash Road,18.859323,72.911893,Car / SUV,Highway,Minor,2,0,2,Overspeeding,Low,Moderate,36.5,Rain,Low,1,2,0.95,1.0,UNIQUE,,-1,46.0
ACC-IND-002831,OPEN_ACCIDENT_DATASET,2831,2023-02-24,0:00,2023,2,Friday,Mumbai,Dadar Central,Dadar TT Circle / Dr. Ambedkar Road,19.018364,72.837582,Two-Wheeler / Bike,Urban,Minor,1,0,1,Overspeeding,Low,Moderate,36.5,Clear,High,1,5,0.95,1.0,UNIQUE,,3,52.0
ACC-IND-002835,OPEN_ACCIDENT_DATASET,2835,2024-07-02,8:00,2024,7,Wednesday,Mumbai,Powai / Andheri East,Jogeshwari-Vikhroli Link Road (JVLR),19.145344,72.926464,Heavy Commercial / Truck,Urban,Minor,5,0,5,Weather,Low,Moderate,36.5,Rain,Low,1,5,0.95,1.0,UNIQUE,,-1,52.0
ACC-IND-002849,OPEN_ACCIDENT_DATASET,2849,2024-02-19,17:00,2024,2,Monday,Mumbai,Thane West,Ghodbunder Road (Thane West),19.185054,72.987397,Two-Wheeler / Bike,Rural,Minor,1,0,1,Overspeeding,High,High,36.5,Clear,High,0,3,0.95,1.0,UNIQUE,,-1,52.1
ACC-IND-002852,OPEN_ACCIDENT_DATASET,2852,2025-01-22,16:00,2025,1,Wednesday,Mumbai,Powai / Andheri East,Jogeshwari-Vikhroli Link Road (JVLR),19.126621,72.886198,Car / SUV,Rural,Minor,2,0,2,Weather,High,High,36.5,Fog,Low,0,4,0.95,1.0,UNIQUE,,8,56.6
ACC-IND-002853,OPEN_ACCIDENT_DATASET,2853,2024-03-08,20:00,2024,3,Saturday,Mumbai,Navi Mumbai Gateway,Sion Panvel Highway (Mankhurd - Vashi),19.048066,72.987837,Car / SUV,Urban,Minor,2,0,2,Distraction,High,High,36.5,Rain,Low,0,3,0.95,1.0,UNIQUE,,-1,52.1
ACC-IND-002859,OPEN_ACCIDENT_DATASET,2859,2022-03-21,19:00,2022,3,Monday,Mumbai,Bandra West,Western Express Highway (Bandra - Santacruz),19.061498,72.814561,Two-Wheeler / Bike,Rural,Grievous/Major,1,0,1,Weather,High,High,36.5,Fog,Low,1,3,0.95,1.0,UNIQUE,,-1,62.6
ACC-IND-002878,OPEN_ACCIDENT_DATASET,2878,2024-08-26,1:00,2024,8,Monday,Mumbai,Western Suburbs,Western Express Highway (Kandivali - Goregaon),19.273188,72.77493,Heavy Commercial / Truck,Urban,Minor,4,1,5,Distraction,Low,Moderate,36.5,Fog,Low,1,5,0.95,1.0,UNIQUE,,-1,64.0
ACC-IND-002885,OPEN_ACCIDENT_DATASET,2885,2023-12-03,9:00,2023,12,Sunday,Mumbai,Thane West,Ghodbunder Road (Thane West),19.238388,72.923923,Two-Wheeler / Bike,Rural,Grievous/Major,1,0,1,Overspeeding,Medium,Moderate,36.5,Clear,High,0,5,0.95,1.0,UNIQUE,,-1,62.5
ACC-IND-002889,OPEN_ACCIDENT_DATASET,2889,2022-06-25,11:00,2022,6,Saturday,Mumbai,Sion-Chembur,Eastern Express Highway (Sion - Chembur),19.045485,72.894047,Car / SUV,Urban,Minor,2,0,2,Drunk Driving,Medium,Moderate,36.5,Clear,High,0,2,0.95,1.0,UNIQUE,,5,41.5
ACC-IND-002892,OPEN_ACCIDENT_DATASET,2892,2022-10-31,13:00,2022,10,Monday,Mumbai,Thane West,Ghodbunder Road (Thane West),19.283099,72.913105,Car / SUV,Highway,Grievous/Major,2,0,2,Drunk Driving,High,High,36.5,Fog,Low,0,2,0.95,1.0,UNIQUE,,-1,61.1
ACC-IND-002893,OPEN_ACCIDENT_DATASET,2893,2023-11-20,1:00,2023,11,Monday,Mumbai,Western Suburbs,Western Express Highway (Kandivali - Goregaon),19.17947,72.8347,Heavy Commercial / Truck,Urban,Minor,3,0,3,Overspeeding,Medium,Moderate,36.5,Clear,High,0,5,0.95,1.0,UNIQUE,,11,52.0
ACC-IND-002932,OPEN_ACCIDENT_DATASET,2932,2022-06-21,10:00,2022,6,Tuesday,Mumbai,Kurla / Ghatkopar,LBS Marg (Kurla - Ghatkopar),19.076369,72.890053,Heavy Commercial / Truck,Urban,Fatal,3,1,4,Overspeeding,High,High,36.5,Rain,Low,1,4,0.95,1.0,UNIQUE,,7,86.6
ACC-IND-002934,OPEN_ACCIDENT_DATASET,2934,2022-01-01,0:00,2022,1,Saturday,Mumbai,South Mumbai,Marine Drive Promenade / Netaji Subhash Road,18.944889,72.841558,Heavy Commercial / Truck,Highway,Fatal,4,1,5,Poor Road,Low,Moderate,36.5,Clear,High,0,5,0.95,1.0,UNIQUE,,-1,82.0
ACC-IND-002935,OPEN_ACCIDENT_DATASET,2935,2025-05-03,4:00,2025,5,Wednesday,Mumbai,Eastern Suburbs,Eastern Express Highway (Vikhroli - Ghatkopar),19.119913,72.947733,Heavy Commercial / Truck,Urban,Minor,0,0,0,Weather,Low,Moderate,36.5,Rain,Medium,0,3,0.95,1.0,UNIQUE,,-1,47.5
ACC-IND-002945,OPEN_ACCIDENT_DATASET,2945,2022-04-25,23:00,2022,4,Monday,Mumbai,Kurla / Ghatkopar,LBS Marg (Kurla - Ghatkopar),19.080479,72.885932,Heavy Commercial / Truck,Urban,Minor,4,0,4,Overspeeding,High,High,36.5,Fog,Low,1,4,0.95,1.0,UNIQUE,,7,56.6
ACC-IND-002948,OPEN_ACCIDENT_DATASET,2948,2023-10-20,18:00,2023,10,Friday,Mumbai,Western Suburbs,Western Express Highway (Kandivali - Goregaon),19.152382,72.833618,Two-Wheeler / Bike,Highway,Grievous/Major,1,0,1,Distraction,Medium,Moderate,36.5,Fog,Low,0,1,0.95,1.0,UNIQUE,,-1,50.5
ACC-IND-002957,OPEN_ACCIDENT_DATASET,2957,2022-09-01,1:00,2022,9,Sunday,Mumbai,Kurla East,Santa Cruz-Chembur Link Road (SCLR),19.07223,72.877061,Two-Wheeler / Bike,Urban,Grievous/Major,1,0,1,Weather,Low,Moderate,36.5,Clear,High,1,1,0.95,1.0,UNIQUE,,7,46.0
ACC-IND-002961,OPEN_ACCIDENT_DATASET,2961,2022-11-28,0:00,2022,11,Monday,Mumbai,Western Suburbs,Western Express Highway (Kandivali - Goregaon),19.258086,72.845097,Heavy Commercial / Truck,Urban,Grievous/Major,0,0,0,Overspeeding,Low,Moderate,36.5,Fog,Low,0,2,0.95,1.0,UNIQUE,,-1,52.0
ACC-IND-002963,OPEN_ACCIDENT_DATASET,2963,2022-05-28,3:00,2022,5,Saturday,Mumbai,Thane West,Ghodbunder Road (Thane West),19.259423,72.966901,Heavy Commercial / Truck,Highway,Minor,3,1,4,Drunk Driving,High,High,36.5,Clear,High,1,4,0.95,1.0,UNIQUE,,1,68.6
ACC-IND-002982,OPEN_ACCIDENT_DATASET,2982,2023-07-18,21:00,2023,7,Tuesday,Mumbai,South Mumbai,Marine Drive Promenade / Netaji Subhash Road,18.871281,72.876027,Heavy Commercial / Truck,Highway,Grievous/Major,0,0,0,Drunk Driving,Low,Moderate,36.5,Clear,High,0,1,0.95,1.0,UNIQUE,,14,50.5
ACC-IND-002983,OPEN_ACCIDENT_DATASET,2983,2023-02-24,0:00,2023,2,Friday,Mumbai,Western Suburbs,Western Express Highway (Kandivali - Goregaon),19.180277,72.858775,Heavy Commercial / Truck,Highway,Minor,3,1,4,Drunk Driving,Medium,Moderate,36.5,Rain,Medium,1,4,0.95,1.0,UNIQUE,,11,64.0
ACC-IND-002984,OPEN_ACCIDENT_DATASET,2984,2023-10-27,1:00,2023,10,Friday,Mumbai,Western Suburbs,Western Express Highway (Kandivali - Goregaon),19.215641,72.852767,Car / SUV,Highway,Minor,2,0,2,Overspeeding,High,High,36.5,Fog,Low,0,4,0.95,1.0,UNIQUE,,-1,56.6
ACC-IND-002996,OPEN_ACCIDENT_DATASET,2996,2023-11-21,7:00,2023,11,Tuesday,Mumbai,South Mumbai,Marine Drive Promenade / Netaji Subhash Road,18.967971,72.8191,Heavy Commercial / Truck,Urban,Minor,3,0,3,Distraction,High,High,36.5,Clear,High,1,3,0.95,1.0,UNIQUE,,-1,52.1
ACC-IND-002997,OPEN_ACCIDENT_DATASET,2997,2022-08-02,13:00,2022,8,Tuesday,Mumbai,Kurla / Ghatkopar,LBS Marg (Kurla - Ghatkopar),19.071783,72.893764,Heavy Commercial / Truck,Highway,Minor,0,0,0,Poor Road,Medium,Moderate,36.5,Fog,Low,0,4,0.95,1.0,UNIQUE,,7,52.0
ACC-IND-003014,OPEN_ACCIDENT_DATASET,3014,2023-11-18,13:00,2023,11,Saturday,Mumbai,Navi Mumbai Gateway,Sion Panvel Highway (Mankhurd - Vashi),19.043611,72.918752,Car / SUV,Urban,Minor,2,0,2,Poor Road,Medium,Moderate,36.5,Clear,High,1,5,0.95,1.0,UNIQUE,,-1,52.0
ACC-IND-003024,OPEN_ACCIDENT_DATASET,3024,2022-09-01,4:00,2022,9,Sunday,Mumbai,Navi Mumbai Gateway,Sion Panvel Highway (Mankhurd - Vashi),19.097296,72.984555,Car / SUV,Highway,Fatal,1,1,2,Poor Road,Low,Moderate,36.5,Rain,Medium,1,2,0.95,1.0,UNIQUE,,-1,76.0
ACC-IND-003027,OPEN_ACCIDENT_DATASET,3027,2022-04-04,5:00,2022,4,Monday,Mumbai,Lower Parel,Lower Parel Commercial Hub / Senapati Bapat Marg,18.998714,72.828135,Car / SUV,Rural,Grievous/Major,2,0,2,Poor Road,High,High,36.5,Fog,Low,1,3,0.95,1.0,UNIQUE,,3,62.6
ACC-IND-003033,OPEN_ACCIDENT_DATASET,3033,2024-03-08,20:00,2024,3,Saturday,Mumbai,South Mumbai,Marine Drive Promenade / Netaji Subhash Road,18.940256,72.936211,Car / SUV,Rural,Minor,2,0,2,Overspeeding,High,High,36.5,Fog,Low,0,2,0.95,1.0,UNIQUE,,-1,46.1
ACC-IND-003036,OPEN_ACCIDENT_DATASET,3036,2022-08-14,8:00,2022,8,Sunday,Mumbai,Andheri West,Swami Vivekanand (SV) Road (Andheri West),19.109288,72.83234,Two-Wheeler / Bike,Urban,Grievous/Major,1,0,1,Drunk Driving,High,High,36.5,Rain,Low,1,3,0.95,1.0,UNIQUE,,10,62.6
ACC-IND-003039,OPEN_ACCIDENT_DATASET,3039,2023-08-19,9:00,2023,8,Saturday,Mumbai,Dadar Central,Dadar TT Circle / Dr. Ambedkar Road,19.017329,72.842461,Heavy Commercial / Truck,Highway,Fatal,2,1,3,Distraction,Medium,Moderate,36.5,Clear,High,0,3,0.95,1.0,UNIQUE,,3,82.0
ACC-IND-003041,OPEN_ACCIDENT_DATASET,3041,2022-09-23,0:00,2022,9,Friday,Mumbai,Thane West,Ghodbunder Road (Thane West),19.217645,72.910596,Heavy Commercial / Truck,Highway,Minor,4,0,4,Weather,Low,Moderate,36.5,Rain,Medium,0,5,0.95,1.0,UNIQUE,,-1,52.0
ACC-IND-003046,OPEN_ACCIDENT_DATASET,3046,2023-04-27,19:00,2023,4,Thursday,Mumbai,Eastern Suburbs,Eastern Express Highway (Vikhroli - Ghatkopar),19.143259,72.945512,Two-Wheeler / Bike,Rural,Minor,1,0,1,Distraction,High,High,36.5,Clear,High,1,5,0.95,1.0,UNIQUE,,-1,56.6
ACC-IND-003050,OPEN_ACCIDENT_DATASET,3050,2022-10-30,2:00,2022,10,Sunday,Mumbai,Andheri West,Swami Vivekanand (SV) Road (Andheri West),19.112636,72.836278,Two-Wheeler / Bike,Highway,Grievous/Major,1,0,1,Distraction,Low,Moderate,36.5,Fog,Low,0,1,0.95,1.0,UNIQUE,,10,50.5
ACC-IND-003053,OPEN_ACCIDENT_DATASET,3053,2023-05-22,13:00,2023,5,Monday,Mumbai,Lower Parel,Lower Parel Commercial Hub / Senapati Bapat Marg,18.993766,72.832469,Heavy Commercial / Truck,Urban,Minor,0,0,0,Overspeeding,Medium,Moderate,36.5,Rain,Low,0,5,0.95,1.0,UNIQUE,,3,52.0
ACC-IND-003057,OPEN_ACCIDENT_DATASET,3057,2024-02-29,13:00,2024,2,Thursday,Mumbai,Navi Mumbai Gateway,Sion Panvel Highway (Mankhurd - Vashi),19.02188,72.953077,Heavy Commercial / Truck,Urban,Grievous/Major,0,0,0,Distraction,Low,Moderate,36.5,Fog,Low,1,2,0.95,1.0,UNIQUE,,-1,52.0
ACC-IND-003064,OPEN_ACCIDENT_DATASET,3064,2022-07-26,8:00,2022,7,Tuesday,Mumbai,Powai / Andheri East,Jogeshwari-Vikhroli Link Road (JVLR),19.159236,72.924707,Car / SUV,Urban,Minor,2,0,2,Overspeeding,High,High,36.5,Rain,Low,1,4,0.95,1.0,UNIQUE,,-1,56.6
ACC-IND-003085,OPEN_ACCIDENT_DATASET,3085,2024-10-23,0:00,2024,10,Wednesday,Mumbai,Western Suburbs,Western Express Highway (Kandivali - Goregaon),19.172125,72.83612,Car / SUV,Urban,Minor,2,0,2,Distraction,Medium,Moderate,36.5,Rain,Medium,0,2,0.95,1.0,UNIQUE,,-1,41.5
ACC-IND-003092,OPEN_ACCIDENT_DATASET,3092,2022-05-18,1:00,2022,5,Wednesday,Mumbai,Lower Parel,Lower Parel Commercial Hub / Senapati Bapat Marg,18.993696,72.824654,Heavy Commercial / Truck,Highway,Minor,3,1,4,Drunk Driving,Medium,Moderate,36.5,Fog,Low,0,5,0.95,1.0,UNIQUE,,3,64.0
ACC-IND-003097,OPEN_ACCIDENT_DATASET,3097,2025-12-03,7:00,2025,12,Wednesday,Mumbai,Sion-Chembur,Eastern Express Highway (Sion - Chembur),19.004206,72.895194,Heavy Commercial / Truck,Urban,Minor,0,0,0,Poor Road,Medium,Moderate,36.5,Clear,High,1,1,0.95,1.0,UNIQUE,,-1,35.5
ACC-IND-003099,OPEN_ACCIDENT_DATASET,3099,2022-08-21,4:00,2022,8,Sunday,Mumbai,Powai / Andheri East,Jogeshwari-Vikhroli Link Road (JVLR),19.126216,72.886545,Heavy Commercial / Truck,Highway,Minor,3,1,4,Distraction,Low,Moderate,36.5,Clear,High,0,5,0.95,1.0,UNIQUE,,8,64.0
ACC-IND-003101,OPEN_ACCIDENT_DATASET,3101,2023-09-13,23:00,2023,9,Wednesday,Mumbai,Kurla / Ghatkopar,LBS Marg (Kurla - Ghatkopar),19.076949,72.890854,Two-Wheeler / Bike,Rural,Fatal,0,1,1,Drunk Driving,Low,Moderate,36.5,Fog,Low,1,1,0.95,1.0,UNIQUE,,7,65.5
ACC-IND-003114,OPEN_ACCIDENT_DATASET,3114,2024-04-23,11:00,2024,4,Tuesday,Mumbai,Kurla / Ghatkopar,LBS Marg (Kurla - Ghatkopar),19.07732,72.892351,Heavy Commercial / Truck,Urban,Minor,0,0,0,Distraction,Low,Moderate,36.5,Rain,Medium,0,1,0.95,1.0,UNIQUE,,7,35.5
ACC-IND-003130,OPEN_ACCIDENT_DATASET,3130,2022-06-29,16:00,2022,6,Wednesday,Mumbai,Thane West,Ghodbunder Road (Thane West),19.269876,72.913116,Heavy Commercial / Truck,Urban,Minor,3,1,4,Drunk Driving,High,High,36.5,Fog,Low,1,4,0.95,1.0,UNIQUE,,-1,68.6
ACC-IND-003145,OPEN_ACCIDENT_DATASET,3145,2022-07-25,12:00,2022,7,Monday,Mumbai,Thane West,Ghodbunder Road (Thane West),19.25548,72.967227,Two-Wheeler / Bike,Urban,Minor,1,0,1,Drunk Driving,High,High,36.5,Clear,High,1,1,0.95,1.0,UNIQUE,,1,40.1
ACC-IND-003149,OPEN_ACCIDENT_DATASET,3149,2022-12-11,16:00,2022,12,Saturday,Mumbai,Lower Parel,Lower Parel Commercial Hub / Senapati Bapat Marg,18.970293,72.862966,Heavy Commercial / Truck,Highway,Fatal,2,1,3,Weather,Low,Moderate,36.5,Rain,Low,1,3,0.95,1.0,UNIQUE,,-1,82.0
ACC-IND-003153,OPEN_ACCIDENT_DATASET,3153,2025-03-18,21:00,2025,3,Tuesday,Mumbai,Sion-Chembur,Eastern Express Highway (Sion - Chembur),19.015737,72.889805,Heavy Commercial / Truck,Urban,Grievous/Major,0,0,0,Drunk Driving,High,High,36.5,Rain,Medium,1,2,0.95,1.0,UNIQUE,,-1,56.6
ACC-IND-003159,OPEN_ACCIDENT_DATASET,3159,2024-07-14,1:00,2024,7,Sunday,Mumbai,Western Suburbs,Western Express Highway (Kandivali - Goregaon),19.235142,72.853048,Two-Wheeler / Bike,Highway,Grievous/Major,1,0,1,Overspeeding,High,High,36.5,Clear,High,1,2,0.95,1.0,UNIQUE,,-1,61.1
ACC-IND-003163,OPEN_ACCIDENT_DATASET,3163,2024-08-09,6:00,2024,8,Sunday,Mumbai,South Mumbai,Marine Drive Promenade / Netaji Subhash Road,18.860023,72.82929,Car / SUV,Highway,Minor,2,0,2,Overspeeding,Low,Moderate,36.5,Fog,Low,0,5,0.95,1.0,UNIQUE,,-1,52.0
ACC-IND-003168,OPEN_ACCIDENT_DATASET,3168,2023-07-30,1:00,2023,7,Sunday,Mumbai,South Mumbai,Marine Drive Promenade / Netaji Subhash Road,18.929652,72.938395,Heavy Commercial / Truck,Highway,Grievous/Major,2,1,3,Drunk Driving,Low,Moderate,36.5,Rain,Low,0,3,0.95,1.0,UNIQUE,,-1,74.5
ACC-IND-003178,OPEN_ACCIDENT_DATASET,3178,2023-03-28,10:00,2023,3,Tuesday,Mumbai,Kurla East,Santa Cruz-Chembur Link Road (SCLR),19.072174,72.881251,Heavy Commercial / Truck,Urban,Minor,2,1,3,Weather,Low,Moderate,36.5,Rain,Medium,0,4,0.95,1.0,UNIQUE,,7,64.0
ACC-IND-003183,OPEN_ACCIDENT_DATASET,3183,2023-09-23,3:00,2023,9,Saturday,Mumbai,Lower Parel,Lower Parel Commercial Hub / Senapati Bapat Marg,18.990151,72.826046,Car / SUV,Rural,Grievous/Major,2,0,2,Poor Road,Medium,Moderate,36.5,Clear,High,0,4,0.95,1.0,UNIQUE,,3,62.5
ACC-IND-003198,OPEN_ACCIDENT_DATASET,3198,2022-01-27,0:00,2022,1,Thursday,Mumbai,Western Suburbs,Western Express Highway (Kandivali - Goregaon),19.164259,72.855354,Two-Wheeler / Bike,Rural,Minor,1,0,1,Overspeeding,Low,Moderate,36.5,Fog,Low,1,1,0.95,1.0,UNIQUE,,11,35.5
ACC-IND-003202,OPEN_ACCIDENT_DATASET,3202,2023-01-22,23:00,2023,1,Sunday,Mumbai,South Mumbai,Marine Drive Promenade / Netaji Subhash Road,18.85277,72.862675,Two-Wheeler / Bike,Urban,Minor,1,0,1,Overspeeding,Medium,Moderate,36.5,Fog,Low,1,1,0.95,1.0,UNIQUE,,-1,35.5
ACC-IND-003206,OPEN_ACCIDENT_DATASET,3206,2022-01-25,22:00,2022,1,Tuesday,Mumbai,Western Suburbs,Western Express Highway (Kandivali - Goregaon),19.150184,72.862188,Car / SUV,Rural,Fatal,1,1,2,Poor Road,Medium,Moderate,36.5,Clear,High,0,2,0.95,1.0,UNIQUE,,-1,71.5
ACC-IND-003213,OPEN_ACCIDENT_DATASET,3213,2023-05-19,8:00,2023,5,Friday,Mumbai,Eastern Suburbs,Eastern Express Highway (Vikhroli - Ghatkopar),19.09633,72.913964,Car / SUV,Highway,Minor,2,0,2,Poor Road,High,High,36.5,Clear,High,1,2,0.95,1.0,UNIQUE,,2,50.6
ACC-IND-003221,OPEN_ACCIDENT_DATASET,3221,2022-10-07,23:00,2022,10,Sunday,Mumbai,South Mumbai,Marine Drive Promenade / Netaji Subhash Road,18.871296,72.835448,Two-Wheeler / Bike,Rural,Minor,1,0,1,Drunk Driving,Low,Moderate,36.5,Rain,Low,0,1,0.95,1.0,UNIQUE,,-1,35.5
ACC-IND-003232,OPEN_ACCIDENT_DATASET,3232,2024-08-03,7:00,2024,8,Friday,Mumbai,Sion-Chembur,Eastern Express Highway (Sion - Chembur),19.028088,72.908517,Heavy Commercial / Truck,Rural,Fatal,3,1,4,Poor Road,High,High,36.5,Rain,Low,0,4,0.95,1.0,UNIQUE,,-1,86.6
ACC-IND-003245,OPEN_ACCIDENT_DATASET,3245,2025-03-28,1:00,2025,3,Friday,Mumbai,South Mumbai,Marine Drive Promenade / Netaji Subhash Road,18.929765,72.876034,Two-Wheeler / Bike,Urban,Minor,1,0,1,Overspeeding,High,High,36.5,Rain,Medium,1,2,0.95,1.0,UNIQUE,,-1,46.1
ACC-IND-003257,OPEN_ACCIDENT_DATASET,3257,2023-07-23,1:00,2023,7,Sunday,Mumbai,Kurla / Ghatkopar,LBS Marg (Kurla - Ghatkopar),19.079293,72.890243,Car / SUV,Highway,Minor,2,0,2,Weather,Low,Moderate,36.5,Clear,High,1,4,0.95,1.0,UNIQUE,,7,52.0
ACC-IND-003263,OPEN_ACCIDENT_DATASET,3263,2022-01-26,15:00,2022,1,Wednesday,Mumbai,Navi Mumbai Gateway,Sion Panvel Highway (Mankhurd - Vashi),18.97178,72.943643,Heavy Commercial / Truck,Rural,Minor,0,0,0,Poor Road,Low,Moderate,36.5,Rain,Low,1,1,0.95,1.0,UNIQUE,,-1,35.5
ACC-IND-003272,OPEN_ACCIDENT_DATASET,3272,2024-10-30,18:00,2024,10,Wednesday,Mumbai,South Mumbai,Marine Drive Promenade / Netaji Subhash Road,18.940083,72.819703,Two-Wheeler / Bike,Highway,Minor,1,0,1,Overspeeding,High,High,36.5,Rain,Low,1,4,0.95,1.0,UNIQUE,,6,56.6
ACC-IND-003273,OPEN_ACCIDENT_DATASET,3273,2022-04-08,14:00,2022,4,Thursday,Mumbai,Navi Mumbai Gateway,Sion Panvel Highway (Mankhurd - Vashi),18.901185,72.98578,Two-Wheeler / Bike,Urban,Fatal,0,1,1,Poor Road,Medium,Moderate,36.5,Clear,High,0,1,0.95,1.0,UNIQUE,,-1,65.5
ACC-IND-003280,OPEN_ACCIDENT_DATASET,3280,2024-06-19,3:00,2024,6,Wednesday,Mumbai,Thane West,Ghodbunder Road (Thane West),19.279686,72.933098,Heavy Commercial / Truck,Highway,Minor,4,0,4,Poor Road,Low,Moderate,36.5,Clear,High,1,5,0.95,1.0,UNIQUE,,-1,52.0
ACC-IND-003282,OPEN_ACCIDENT_DATASET,3282,2025-01-22,6:00,2025,1,Wednesday,Mumbai,Navi Mumbai Gateway,Sion Panvel Highway (Mankhurd - Vashi),18.997413,72.989876,Heavy Commercial / Truck,Highway,Minor,3,0,3,Poor Road,High,High,36.5,Fog,Low,0,3,0.95,1.0,UNIQUE,,13,56.6
ACC-IND-003289,OPEN_ACCIDENT_DATASET,3289,2023-02-04,13:00,2023,2,Sunday,Mumbai,Lower Parel,Lower Parel Commercial Hub / Senapati Bapat Marg,18.990714,72.829219,Heavy Commercial / Truck,Rural,Fatal,2,1,3,Weather,High,High,36.5,Clear,High,0,3,0.95,1.0,UNIQUE,,3,82.1
ACC-IND-003290,OPEN_ACCIDENT_DATASET,3290,2024-09-27,1:00,2024,9,Friday,Mumbai,Western Suburbs,Western Express Highway (Kandivali - Goregaon),19.198875,72.796327,Heavy Commercial / Truck,Urban,Minor,0,0,0,Weather,Medium,Moderate,36.5,Clear,High,0,3,0.95,1.0,UNIQUE,,-1,47.5
ACC-IND-003296,OPEN_ACCIDENT_DATASET,3296,2025-08-01,5:00,2025,8,Wednesday,Mumbai,Thane West,Ghodbunder Road (Thane West),19.260761,72.916804,Heavy Commercial / Truck,Rural,Fatal,4,1,5,Drunk Driving,High,High,36.5,Clear,High,1,5,0.95,1.0,UNIQUE,,-1,86.6
ACC-IND-003299,OPEN_ACCIDENT_DATASET,3299,2024-12-31,17:00,2024,12,Tuesday,Mumbai,Dadar Central,Dadar TT Circle / Dr. Ambedkar Road,19.014721,72.8402,Car / SUV,Highway,Minor,2,0,2,Drunk Driving,Medium,Moderate,36.5,Rain,Low,0,4,0.95,1.0,UNIQUE,,3,52.0
ACC-IND-003307,OPEN_ACCIDENT_DATASET,3307,2024-09-01,13:00,2024,9,Tuesday,Mumbai,Navi Mumbai Gateway,Sion Panvel Highway (Mankhurd - Vashi),18.968111,72.99427,Heavy Commercial / Truck,Rural,Minor,0,0,0,Weather,Medium,Moderate,36.5,Clear,High,0,5,0.95,1.0,UNIQUE,,-1,52.0
ACC-IND-003308,OPEN_ACCIDENT_DATASET,3308,2022-06-14,5:00,2022,6,Tuesday,Mumbai,Kurla East,Santa Cruz-Chembur Link Road (SCLR),19.072403,72.880542,Heavy Commercial / Truck,Highway,Grievous/Major,3,0,3,Distraction,Medium,Moderate,36.5,Rain,Low,0,4,0.95,1.0,UNIQUE,,7,62.5
ACC-IND-003326,OPEN_ACCIDENT_DATASET,3326,2023-10-13,14:00,2023,10,Friday,Mumbai,Lower Parel,Lower Parel Commercial Hub / Senapati Bapat Marg,18.995552,72.826705,Heavy Commercial / Truck,Urban,Minor,4,0,4,Overspeeding,High,High,36.5,Rain,Low,1,5,0.95,1.0,UNIQUE,,3,56.6
ACC-IND-003328,OPEN_ACCIDENT_DATASET,3328,2024-12-25,20:00,2024,12,Wednesday,Mumbai,Navi Mumbai Gateway,Sion Panvel Highway (Mankhurd - Vashi),19.02556,72.97299,Car / SUV,Rural,Minor,2,0,2,Distraction,Medium,Moderate,36.5,Fog,Low,0,3,0.95,1.0,UNIQUE,,-1,47.5
ACC-IND-003333,OPEN_ACCIDENT_DATASET,3333,2024-05-29,18:00,2024,5,Wednesday,Mumbai,Powai / Andheri East,Jogeshwari-Vikhroli Link Road (JVLR),19.12442,72.883746,Car / SUV,Rural,Minor,2,0,2,Drunk Driving,High,High,36.5,Fog,Low,1,3,0.95,1.0,UNIQUE,,8,52.1
ACC-IND-003338,OPEN_ACCIDENT_DATASET,3338,2022-05-06,8:00,2022,5,Sunday,Mumbai,Thane West,Ghodbunder Road (Thane West),19.244606,72.997699,Two-Wheeler / Bike,Urban,Minor,1,0,1,Distraction,Medium,Moderate,36.5,Rain,Low,0,2,0.95,1.0,UNIQUE,,-1,41.5
ACC-IND-003358,OPEN_ACCIDENT_DATASET,3358,2022-02-19,7:00,2022,2,Saturday,Mumbai,Andheri West,Swami Vivekanand (SV) Road (Andheri West),19.103818,72.810696,Heavy Commercial / Truck,Highway,Minor,0,0,0,Overspeeding,High,High,36.5,Clear,High,1,1,0.95,1.0,UNIQUE,,-1,44.6
ACC-IND-003369,OPEN_ACCIDENT_DATASET,3369,2022-10-16,12:00,2022,10,Sunday,Mumbai,South Mumbai,Marine Drive Promenade / Netaji Subhash Road,18.88265,72.966232,Car / SUV,Rural,Minor,2,0,2,Poor Road,Low,Moderate,36.5,Fog,Low,1,2,0.95,1.0,UNIQUE,,19,41.5
ACC-IND-003376,OPEN_ACCIDENT_DATASET,3376,2023-03-10,16:00,2023,3,Tuesday,Mumbai,Bandra West,Western Express Highway (Bandra - Santacruz),19.078603,72.794354,Two-Wheeler / Bike,Rural,Grievous/Major,1,0,1,Weather,Low,Moderate,36.5,Fog,Low,1,1,0.95,1.0,UNIQUE,,-1,46.0
ACC-IND-003388,OPEN_ACCIDENT_DATASET,3388,2024-09-11,4:00,2024,9,Saturday,Mumbai,Andheri West,Swami Vivekanand (SV) Road (Andheri West),19.115249,72.832992,Heavy Commercial / Truck,Rural,Minor,0,0,0,Weather,Low,Moderate,36.5,Clear,High,0,2,0.95,1.0,UNIQUE,,10,41.5
ACC-IND-003389,OPEN_ACCIDENT_DATASET,3389,2024-09-03,23:00,2024,9,Saturday,Mumbai,South Mumbai,Marine Drive Promenade / Netaji Subhash Road,18.944882,72.826248,Heavy Commercial / Truck,Highway,Grievous/Major,3,1,4,Weather,High,High,36.5,Rain,Low,0,5,0.95,1.0,UNIQUE,,6,79.1
ACC-IND-003395,OPEN_ACCIDENT_DATASET,3395,2025-02-13,6:00,2025,2,Thursday,Mumbai,Eastern Suburbs,Eastern Express Highway (Vikhroli - Ghatkopar),19.101364,72.915722,Two-Wheeler / Bike,Highway,Grievous/Major,1,0,1,Distraction,Low,Moderate,36.5,Rain,Low,0,5,0.95,1.0,UNIQUE,,2,62.5
ACC-IND-003402,OPEN_ACCIDENT_DATASET,3402,2023-01-18,13:00,2023,1,Wednesday,Mumbai,Thane West,Ghodbunder Road (Thane West),19.245461,72.89709,Heavy Commercial / Truck,Urban,Minor,4,0,4,Weather,Low,Moderate,36.5,Fog,Low,1,4,0.95,1.0,UNIQUE,,-1,52.0
ACC-IND-003404,OPEN_ACCIDENT_DATASET,3404,2023-03-05,5:00,2023,3,Wednesday,Mumbai,Eastern Suburbs,Eastern Express Highway (Vikhroli - Ghatkopar),19.150071,72.940519,Two-Wheeler / Bike,Highway,Minor,1,0,1,Distraction,Medium,Moderate,36.5,Clear,High,1,1,0.95,1.0,UNIQUE,,-1,40.0
ACC-IND-003418,OPEN_ACCIDENT_DATASET,3418,2023-10-19,9:00,2023,10,Thursday,Mumbai,Thane West,Ghodbunder Road (Thane West),19.259693,72.962362,Two-Wheeler / Bike,Highway,Minor,1,0,1,Weather,High,High,36.5,Fog,Low,1,2,0.95,1.0,UNIQUE,,1,50.6
ACC-IND-003419,OPEN_ACCIDENT_DATASET,3419,2023-10-15,17:00,2023,10,Sunday,Mumbai,Navi Mumbai Gateway,Sion Panvel Highway (Mankhurd - Vashi),18.88199,72.998594,Heavy Commercial / Truck,Urban,Minor,2,1,3,Distraction,Low,Moderate,36.5,Clear,High,0,3,0.95,1.0,UNIQUE,,-1,59.5
ACC-IND-003423,OPEN_ACCIDENT_DATASET,3423,2024-11-16,19:00,2024,11,Saturday,Mumbai,Lower Parel,Lower Parel Commercial Hub / Senapati Bapat Marg,18.971963,72.850512,Car / SUV,Urban,Fatal,1,1,2,Distraction,High,High,36.5,Clear,High,0,2,0.95,1.0,UNIQUE,,-1,76.1
ACC-IND-003428,OPEN_ACCIDENT_DATASET,3428,2023-01-14,3:00,2023,1,Saturday,Mumbai,South Mumbai,Marine Drive Promenade / Netaji Subhash Road,18.939155,72.826072,Heavy Commercial / Truck,Urban,Grievous/Major,4,0,4,Weather,Low,Moderate,36.5,Clear,High,1,4,0.95,1.0,UNIQUE,,6,62.5
ACC-IND-003440,OPEN_ACCIDENT_DATASET,3440,2024-04-13,6:00,2024,4,Saturday,Mumbai,Andheri West,Swami Vivekanand (SV) Road (Andheri West),19.146049,72.809694,Heavy Commercial / Truck,Urban,Minor,3,0,3,Overspeeding,Medium,Moderate,36.5,Clear,High,1,4,0.95,1.0,UNIQUE,,-1,52.0
ACC-IND-003452,OPEN_ACCIDENT_DATASET,3452,2023-01-10,7:00,2023,1,Sunday,Mumbai,South Mumbai,Marine Drive Promenade / Netaji Subhash Road,18.95964,72.875701,Heavy Commercial / Truck,Highway,Minor,0,0,0,Drunk Driving,Medium,Moderate,36.5,Fog,Low,1,1,0.95,1.0,UNIQUE,,-1,40.0
ACC-IND-003455,OPEN_ACCIDENT_DATASET,3455,2023-05-30,11:00,2023,5,Tuesday,Mumbai,Thane West,Ghodbunder Road (Thane West),19.187004,72.992083,Car / SUV,Rural,Minor,2,0,2,Overspeeding,Low,Moderate,36.5,Fog,Low,1,4,0.95,1.0,UNIQUE,,-1,52.0
ACC-IND-003457,OPEN_ACCIDENT_DATASET,3457,2023-09-28,15:00,2023,9,Thursday,Mumbai,Navi Mumbai Gateway,Sion Panvel Highway (Mankhurd - Vashi),18.989569,72.926813,Two-Wheeler / Bike,Rural,Minor,1,0,1,Distraction,Low,Moderate,36.5,Clear,High,0,2,0.95,1.0,UNIQUE,,-1,41.5
ACC-IND-003471,OPEN_ACCIDENT_DATASET,3471,2022-03-11,23:00,2022,3,Thursday,Mumbai,Western Suburbs,Western Express Highway (Kandivali - Goregaon),19.16552,72.851167,Car / SUV,Highway,Minor,2,0,2,Drunk Driving,Low,Moderate,36.5,Fog,Low,1,5,0.95,1.0,UNIQUE,,11,52.0
ACC-IND-003494,OPEN_ACCIDENT_DATASET,3494,2024-09-05,12:00,2024,9,Thursday,Mumbai,Thane West,Ghodbunder Road (Thane West),19.260703,72.892682,Two-Wheeler / Bike,Rural,Minor,1,0,1,Overspeeding,Low,Moderate,36.5,Fog,Low,0,2,0.95,1.0,UNIQUE,,-1,41.5
ACC-IND-003495,OPEN_ACCIDENT_DATASET,3495,2024-08-21,19:00,2024,8,Wednesday,Mumbai,Sion-Chembur,Eastern Express Highway (Sion - Chembur),18.995722,72.90214,Heavy Commercial / Truck,Urban,Grievous/Major,3,1,4,Drunk Driving,High,High,36.5,Rain,Low,1,4,0.95,1.0,UNIQUE,,-1,79.1
ACC-IND-003507,OPEN_ACCIDENT_DATASET,3507,2024-07-16,12:00,2024,7,Tuesday,Mumbai,Dadar Central,Dadar TT Circle / Dr. Ambedkar Road,19.018639,72.843904,Heavy Commercial / Truck,Rural,Grievous/Major,0,0,0,Drunk Driving,Medium,Moderate,36.5,Clear,High,1,1,0.95,1.0,UNIQUE,,3,46.0
ACC-IND-003527,OPEN_ACCIDENT_DATASET,3527,2024-10-29,19:00,2024,10,Tuesday,Mumbai,South Mumbai,Marine Drive Promenade / Netaji Subhash Road,18.88921,72.921774,Heavy Commercial / Truck,Urban,Minor,2,1,3,Overspeeding,High,High,36.5,Fog,Low,1,4,0.95,1.0,UNIQUE,,-1,68.6
ACC-IND-003537,OPEN_ACCIDENT_DATASET,3537,2024-02-07,21:00,2024,2,Tuesday,Mumbai,Dadar Central,Dadar TT Circle / Dr. Ambedkar Road,19.016179,72.841913,Car / SUV,Urban,Minor,2,0,2,Overspeeding,Low,Moderate,36.5,Fog,Low,1,4,0.95,1.0,UNIQUE,,3,52.0
ACC-IND-003542,OPEN_ACCIDENT_DATASET,3542,2023-11-13,1:00,2023,11,Monday,Mumbai,Kurla East,Santa Cruz-Chembur Link Road (SCLR),19.07313,72.878557,Heavy Commercial / Truck,Rural,Minor,4,1,5,Weather,Low,Moderate,36.5,Fog,Low,1,5,0.95,1.0,UNIQUE,,7,64.0
ACC-IND-003543,OPEN_ACCIDENT_DATASET,3543,2022-07-16,14:00,2022,7,Saturday,Mumbai,Kurla / Ghatkopar,LBS Marg (Kurla - Ghatkopar),19.082457,72.887523,Two-Wheeler / Bike,Rural,Minor,1,0,1,Weather,Medium,Moderate,36.5,Rain,Low,0,1,0.95,1.0,UNIQUE,,7,35.5
ACC-IND-003544,OPEN_ACCIDENT_DATASET,3544,2022-08-09,10:00,2022,8,Thursday,Mumbai,Andheri West,Swami Vivekanand (SV) Road (Andheri West),19.111458,72.83297,Two-Wheeler / Bike,Rural,Minor,1,0,1,Drunk Driving,Medium,Moderate,36.5,Rain,Medium,0,4,0.95,1.0,UNIQUE,,10,52.0
ACC-IND-003556,OPEN_ACCIDENT_DATASET,3556,2023-02-15,13:00,2023,2,Wednesday,Mumbai,Lower Parel,Lower Parel Commercial Hub / Senapati Bapat Marg,19.019828,72.799239,Heavy Commercial / Truck,Highway,Grievous/Major,2,1,3,Overspeeding,Medium,Moderate,36.5,Clear,High,1,3,0.95,1.0,UNIQUE,,-1,74.5
ACC-IND-003590,OPEN_ACCIDENT_DATASET,3590,2022-10-27,2:00,2022,10,Thursday,Mumbai,South Mumbai,Marine Drive Promenade / Netaji Subhash Road,18.940481,72.810663,Car / SUV,Rural,Grievous/Major,2,0,2,Distraction,Low,Moderate,36.5,Fog,Low,1,4,0.95,1.0,UNIQUE,,6,62.5
ACC-IND-003597,OPEN_ACCIDENT_DATASET,3597,2024-01-20,20:00,2024,1,Saturday,Mumbai,South Mumbai,Marine Drive Promenade / Netaji Subhash Road,18.945177,72.82031,Heavy Commercial / Truck,Urban,Minor,3,1,4,Drunk Driving,High,High,36.5,Clear,High,1,5,0.95,1.0,UNIQUE,,6,68.6
ACC-IND-003598,OPEN_ACCIDENT_DATASET,3598,2023-10-07,20:00,2023,10,Monday,Mumbai,Lower Parel,Lower Parel Commercial Hub / Senapati Bapat Marg,18.983739,72.867057,Two-Wheeler / Bike,Highway,Minor,1,0,1,Weather,High,High,36.5,Clear,High,0,2,0.95,1.0,UNIQUE,,-1,50.6
ACC-IND-003607,OPEN_ACCIDENT_DATASET,3607,2024-02-16,0:00,2024,2,Friday,Mumbai,Kurla East,Santa Cruz-Chembur Link Road (SCLR),19.073258,72.882885,Car / SUV,Highway,Minor,2,0,2,Distraction,Medium,Moderate,36.5,Rain,Low,1,4,0.95,1.0,UNIQUE,,7,52.0
ACC-IND-003615,OPEN_ACCIDENT_DATASET,3615,2024-10-05,7:00,2024,10,Friday,Mumbai,South Mumbai,Marine Drive Promenade / Netaji Subhash Road,18.942908,72.870014,Heavy Commercial / Truck,Rural,Fatal,4,1,5,Poor Road,High,High,36.5,Fog,Low,1,5,0.95,1.0,UNIQUE,,-1,86.6
ACC-IND-003629,OPEN_ACCIDENT_DATASET,3629,2023-09-30,2:00,2023,9,Saturday,Mumbai,Thane West,Ghodbunder Road (Thane West),19.292037,72.952211,Heavy Commercial / Truck,Rural,Fatal,3,1,4,Weather,Low,Moderate,36.5,Clear,High,1,4,0.95,1.0,UNIQUE,,9,82.0
ACC-IND-003635,OPEN_ACCIDENT_DATASET,3635,2024-01-10,14:00,2024,1,Tuesday,Mumbai,Bandra West,Western Express Highway (Bandra - Santacruz),19.052159,72.798547,Heavy Commercial / Truck,Rural,Grievous/Major,3,0,3,Overspeeding,Low,Moderate,36.5,Fog,Low,1,4,0.95,1.0,UNIQUE,,-1,62.5
ACC-IND-003643,OPEN_ACCIDENT_DATASET,3643,2023-07-24,18:00,2023,7,Monday,Mumbai,Navi Mumbai Gateway,Sion Panvel Highway (Mankhurd - Vashi),19.000248,72.955008,Heavy Commercial / Truck,Highway,Grievous/Major,0,0,0,Weather,High,High,36.5,Clear,High,1,1,0.95,1.0,UNIQUE,,-1,55.1
ACC-IND-003646,OPEN_ACCIDENT_DATASET,3646,2024-09-19,16:00,2024,9,Thursday,Mumbai,Kurla East,Santa Cruz-Chembur Link Road (SCLR),19.072998,72.884397,Heavy Commercial / Truck,Rural,Grievous/Major,0,0,0,Overspeeding,Medium,Moderate,36.5,Rain,Low,1,3,0.95,1.0,UNIQUE,,7,58.0
ACC-IND-003657,OPEN_ACCIDENT_DATASET,3657,2022-02-24,19:00,2022,2,Thursday,Mumbai,Western Suburbs,Western Express Highway (Kandivali - Goregaon),19.215079,72.815244,Heavy Commercial / Truck,Highway,Minor,0,0,0,Drunk Driving,High,High,36.5,Fog,Low,0,5,0.95,1.0,UNIQUE,,-1,56.6
ACC-IND-003663,OPEN_ACCIDENT_DATASET,3663,2023-03-06,4:00,2023,3,Saturday,Mumbai,Dadar Central,Dadar TT Circle / Dr. Ambedkar Road,19.016364,72.847726,Car / SUV,Urban,Minor,2,0,2,Poor Road,Low,Moderate,36.5,Rain,Low,0,3,0.95,1.0,UNIQUE,,3,47.5
ACC-IND-003665,OPEN_ACCIDENT_DATASET,3665,2023-03-18,10:00,2023,3,Saturday,Mumbai,Thane West,Ghodbunder Road (Thane West),19.259534,72.962978,Two-Wheeler / Bike,Urban,Grievous/Major,1,0,1,Poor Road,High,High,36.5,Rain,Low,1,4,0.95,1.0,UNIQUE,,1,67.1
ACC-IND-003686,OPEN_ACCIDENT_DATASET,3686,2024-01-18,4:00,2024,1,Thursday,Mumbai,South Mumbai,Marine Drive Promenade / Netaji Subhash Road,18.927319,72.875036,Two-Wheeler / Bike,Urban,Minor,1,0,1,Distraction,Low,Moderate,36.5,Fog,Low,1,2,0.95,1.0,UNIQUE,,-1,41.5
ACC-IND-003703,OPEN_ACCIDENT_DATASET,3703,2023-04-22,17:00,2023,4,Saturday,Mumbai,Sion-Chembur,Eastern Express Highway (Sion - Chembur),18.991909,72.908936,Car / SUV,Highway,Minor,2,0,2,Weather,High,High,36.5,Rain,Low,1,3,0.95,1.0,UNIQUE,,-1,56.6
ACC-IND-003709,OPEN_ACCIDENT_DATASET,3709,2024-01-15,14:00,2024,1,Monday,Mumbai,Navi Mumbai Gateway,Sion Panvel Highway (Mankhurd - Vashi),19.05619,72.935934,Heavy Commercial / Truck,Rural,Grievous/Major,0,0,0,Weather,High,High,36.5,Rain,Low,0,3,0.95,1.0,UNIQUE,,4,62.6
ACC-IND-003716,OPEN_ACCIDENT_DATASET,3716,2022-06-19,21:00,2022,6,Sunday,Mumbai,Lower Parel,Lower Parel Commercial Hub / Senapati Bapat Marg,18.991978,72.824229,Car / SUV,Rural,Minor,2,0,2,Drunk Driving,Low,Moderate,36.5,Clear,High,0,4,0.95,1.0,UNIQUE,,3,52.0
ACC-IND-003732,OPEN_ACCIDENT_DATASET,3732,2023-03-29,6:00,2023,3,Wednesday,Mumbai,Bandra West,Western Express Highway (Bandra - Santacruz),19.069702,72.841415,Two-Wheeler / Bike,Rural,Minor,1,0,1,Poor Road,Low,Moderate,36.5,Fog,Low,0,1,0.95,1.0,UNIQUE,,0,35.5
ACC-IND-003756,OPEN_ACCIDENT_DATASET,3756,2023-03-31,4:00,2023,3,Friday,Mumbai,Eastern Suburbs,Eastern Express Highway (Vikhroli - Ghatkopar),19.139383,72.993195,Car / SUV,Urban,Grievous/Major,2,0,2,Drunk Driving,Medium,Moderate,36.5,Fog,Low,0,4,0.95,1.0,UNIQUE,,-1,62.5
ACC-IND-003762,OPEN_ACCIDENT_DATASET,3762,2023-06-08,16:00,2023,6,Sunday,Mumbai,Western Suburbs,Western Express Highway (Kandivali - Goregaon),19.233901,72.867348,Heavy Commercial / Truck,Highway,Minor,0,0,0,Drunk Driving,High,High,36.5,Rain,Low,1,1,0.95,1.0,UNIQUE,,-1,44.6
ACC-IND-003764,OPEN_ACCIDENT_DATASET,3764,2022-12-11,13:00,2022,12,Saturday,Mumbai,Western Suburbs,Western Express Highway (Kandivali - Goregaon),19.195804,72.894014,Heavy Commercial / Truck,Rural,Grievous/Major,0,0,0,Poor Road,Medium,Moderate,36.5,Fog,Low,0,1,0.95,1.0,UNIQUE,,-1,46.0
ACC-IND-003767,OPEN_ACCIDENT_DATASET,3767,2024-04-13,7:00,2024,4,Saturday,Mumbai,Dadar Central,Dadar TT Circle / Dr. Ambedkar Road,19.010552,72.84391,Heavy Commercial / Truck,Urban,Minor,0,0,0,Distraction,Medium,Moderate,36.5,Fog,Low,1,2,0.95,1.0,UNIQUE,,3,41.5
ACC-IND-003777,OPEN_ACCIDENT_DATASET,3777,2022-04-22,23:00,2022,4,Friday,Mumbai,Western Suburbs,Western Express Highway (Kandivali - Goregaon),19.232942,72.84409,Two-Wheeler / Bike,Urban,Minor,1,0,1,Drunk Driving,Low,Moderate,36.5,Clear,High,0,1,0.95,1.0,UNIQUE,,-1,35.5
ACC-IND-003778,OPEN_ACCIDENT_DATASET,3778,2022-05-17,11:00,2022,5,Tuesday,Mumbai,Andheri West,Swami Vivekanand (SV) Road (Andheri West),19.11032,72.835694,Car / SUV,Rural,Fatal,1,1,2,Poor Road,Low,Moderate,36.5,Fog,Low,1,2,0.95,1.0,UNIQUE,,10,71.5
ACC-IND-003789,OPEN_ACCIDENT_DATASET,3789,2022-08-08,4:00,2022,8,Monday,Mumbai,Kurla East,Santa Cruz-Chembur Link Road (SCLR),19.070994,72.874593,Heavy Commercial / Truck,Highway,Grievous/Major,3,0,3,Overspeeding,Low,Moderate,36.5,Clear,High,0,4,0.95,1.0,UNIQUE,,7,62.5
ACC-IND-003794,OPEN_ACCIDENT_DATASET,3794,2023-02-10,15:00,2023,2,Monday,Mumbai,South Mumbai,Marine Drive Promenade / Netaji Subhash Road,18.911011,72.842399,Heavy Commercial / Truck,Urban,Minor,4,0,4,Overspeeding,Low,Moderate,36.5,Clear,High,0,5,0.95,1.0,UNIQUE,,-1,52.0
ACC-IND-003804,OPEN_ACCIDENT_DATASET,3804,2025-12-03,21:00,2025,12,Wednesday,Mumbai,Andheri West,Swami Vivekanand (SV) Road (Andheri West),19.116529,72.841214,Heavy Commercial / Truck,Urban,Grievous/Major,3,0,3,Poor Road,High,High,36.5,Fog,Low,0,4,0.95,1.0,UNIQUE,,10,67.1
ACC-IND-003808,OPEN_ACCIDENT_DATASET,3808,2022-02-02,6:00,2022,2,Wednesday,Mumbai,Western Suburbs,Western Express Highway (Kandivali - Goregaon),19.237956,72.817671,Heavy Commercial / Truck,Rural,Fatal,3,1,4,Overspeeding,Medium,Moderate,36.5,Rain,Medium,1,4,0.95,1.0,UNIQUE,,-1,82.0
ACC-IND-003810,OPEN_ACCIDENT_DATASET,3810,2024-06-30,22:00,2024,6,Sunday,Mumbai,Navi Mumbai Gateway,Sion Panvel Highway (Mankhurd - Vashi),19.075057,72.933608,Two-Wheeler / Bike,Urban,Grievous/Major,1,0,1,Weather,Low,Moderate,36.5,Rain,Low,0,4,0.95,1.0,UNIQUE,,-1,62.5
ACC-IND-003819,OPEN_ACCIDENT_DATASET,3819,2023-10-21,11:00,2023,10,Saturday,Mumbai,Bandra West,Western Express Highway (Bandra - Santacruz),19.04587,72.853078,Heavy Commercial / Truck,Urban,Minor,0,0,0,Weather,High,High,36.5,Clear,High,0,3,0.95,1.0,UNIQUE,,-1,52.1
ACC-IND-003824,OPEN_ACCIDENT_DATASET,3824,2022-07-18,0:00,2022,7,Monday,Mumbai,Western Suburbs,Western Express Highway (Kandivali - Goregaon),19.212343,72.831524,Two-Wheeler / Bike,Highway,Grievous/Major,1,0,1,Weather,High,High,36.5,Clear,High,0,1,0.95,1.0,UNIQUE,,-1,55.1
ACC-IND-003829,OPEN_ACCIDENT_DATASET,3829,2022-03-20,14:00,2022,3,Sunday,Mumbai,Kurla / Ghatkopar,LBS Marg (Kurla - Ghatkopar),19.076361,72.889803,Heavy Commercial / Truck,Highway,Minor,0,0,0,Weather,Medium,Moderate,36.5,Fog,Low,0,1,0.95,1.0,UNIQUE,,7,40.0
ACC-IND-003835,OPEN_ACCIDENT_DATASET,3835,2022-10-16,3:00,2022,10,Sunday,Mumbai,Powai / Andheri East,Jogeshwari-Vikhroli Link Road (JVLR),19.116049,72.890219,Heavy Commercial / Truck,Urban,Minor,3,1,4,Weather,Medium,Moderate,36.5,Clear,High,1,4,0.95,1.0,UNIQUE,,8,64.0
ACC-IND-003837,OPEN_ACCIDENT_DATASET,3837,2022-10-06,22:00,2022,10,Friday,Mumbai,Kurla East,Santa Cruz-Chembur Link Road (SCLR),19.068207,72.874948,Heavy Commercial / Truck,Highway,Grievous/Major,0,0,0,Poor Road,Low,Moderate,36.5,Clear,High,0,5,0.95,1.0,UNIQUE,,7,62.5
ACC-IND-003838,OPEN_ACCIDENT_DATASET,3838,2022-01-17,9:00,2022,1,Monday,Mumbai,Sion-Chembur,Eastern Express Highway (Sion - Chembur),19.041399,72.889552,Two-Wheeler / Bike,Rural,Minor,1,0,1,Drunk Driving,Medium,Moderate,36.5,Fog,Low,0,1,0.95,1.0,UNIQUE,,5,35.5
ACC-IND-003845,OPEN_ACCIDENT_DATASET,3845,2022-01-23,20:00,2022,1,Sunday,Mumbai,Kurla East,Santa Cruz-Chembur Link Road (SCLR),19.066106,72.88883,Heavy Commercial / Truck,Rural,Fatal,2,1,3,Weather,Medium,Moderate,36.5,Clear,High,0,3,0.95,1.0,UNIQUE,,7,77.5
ACC-IND-003846,OPEN_ACCIDENT_DATASET,3846,2024-04-12,2:00,2024,4,Wednesday,Mumbai,Thane West,Ghodbunder Road (Thane West),19.286922,72.861842,Heavy Commercial / Truck,Urban,Minor,0,0,0,Distraction,Low,Moderate,36.5,Rain,Low,0,2,0.95,1.0,UNIQUE,,-1,41.5
ACC-IND-003861,OPEN_ACCIDENT_DATASET,3861,2022-05-11,8:00,2022,5,Saturday,Mumbai,South Mumbai,Marine Drive Promenade / Netaji Subhash Road,18.943152,72.833291,Heavy Commercial / Truck,Highway,Minor,0,0,0,Overspeeding,High,High,36.5,Fog,Low,1,2,0.95,1.0,UNIQUE,,6,50.6
ACC-IND-003863,OPEN_ACCIDENT_DATASET,3863,2024-04-16,18:00,2024,4,Tuesday,Mumbai,Eastern Suburbs,Eastern Express Highway (Vikhroli - Ghatkopar),19.100452,72.913335,Heavy Commercial / Truck,Urban,Fatal,3,1,4,Overspeeding,High,High,36.5,Rain,Medium,0,4,0.95,1.0,UNIQUE,,2,86.6
ACC-IND-003876,OPEN_ACCIDENT_DATASET,3876,2023-12-16,9:00,2023,12,Saturday,Mumbai,Navi Mumbai Gateway,Sion Panvel Highway (Mankhurd - Vashi),19.043211,72.914182,Heavy Commercial / Truck,Urban,Grievous/Major,4,0,4,Overspeeding,Medium,Moderate,36.5,Clear,High,1,5,0.95,1.0,UNIQUE,,-1,62.5
ACC-IND-003882,OPEN_ACCIDENT_DATASET,3882,2024-01-10,10:00,2024,1,Tuesday,Mumbai,South Mumbai,Marine Drive Promenade / Netaji Subhash Road,18.878625,72.903937,Car / SUV,Highway,Fatal,1,1,2,Drunk Driving,Low,Moderate,36.5,Clear,High,1,2,0.95,1.0,UNIQUE,,-1,76.0
ACC-IND-003906,OPEN_ACCIDENT_DATASET,3906,2022-02-24,22:00,2022,2,Thursday,Mumbai,Western Suburbs,Western Express Highway (Kandivali - Goregaon),19.245466,72.866693,Heavy Commercial / Truck,Highway,Minor,0,0,0,Overspeeding,Low,Moderate,36.5,Clear,High,1,4,0.95,1.0,UNIQUE,,-1,52.0
ACC-IND-003911,OPEN_ACCIDENT_DATASET,3911,2024-06-25,18:00,2024,6,Tuesday,Mumbai,Lower Parel,Lower Parel Commercial Hub / Senapati Bapat Marg,18.991911,72.817415,Heavy Commercial / Truck,Urban,Grievous/Major,5,0,5,Distraction,High,High,36.5,Clear,High,0,5,0.95,1.0,UNIQUE,,3,67.1
ACC-IND-003925,OPEN_ACCIDENT_DATASET,3925,2025-04-02,14:00,2025,4,Tuesday,Mumbai,Navi Mumbai Gateway,Sion Panvel Highway (Mankhurd - Vashi),19.008029,72.99755,Heavy Commercial / Truck,Rural,Fatal,3,1,4,Poor Road,Low,Moderate,36.5,Fog,Low,1,4,0.95,1.0,UNIQUE,,13,82.0
ACC-IND-003931,OPEN_ACCIDENT_DATASET,3931,2022-03-02,14:00,2022,3,Thursday,Mumbai,Lower Parel,Lower Parel Commercial Hub / Senapati Bapat Marg,19.017584,72.810754,Heavy Commercial / Truck,Urban,Minor,0,0,0,Drunk Driving,Low,Moderate,36.5,Rain,Low,0,3,0.95,1.0,UNIQUE,,-1,47.5
ACC-IND-003935,OPEN_ACCIDENT_DATASET,3935,2022-11-27,15:00,2022,11,Sunday,Mumbai,Thane West,Ghodbunder Road (Thane West),19.278676,72.935834,Car / SUV,Highway,Fatal,1,1,2,Overspeeding,Low,Moderate,36.5,Rain,Low,0,2,0.95,1.0,UNIQUE,,-1,76.0
ACC-IND-003958,OPEN_ACCIDENT_DATASET,3958,2024-12-20,1:00,2024,12,Friday,Mumbai,Kurla East,Santa Cruz-Chembur Link Road (SCLR),19.073241,72.883488,Heavy Commercial / Truck,Rural,Minor,3,1,4,Overspeeding,Low,Moderate,36.5,Clear,High,0,5,0.95,1.0,UNIQUE,,7,64.0
ACC-IND-003968,OPEN_ACCIDENT_DATASET,3968,2023-12-02,1:00,2023,12,Sunday,Mumbai,Sion-Chembur,Eastern Express Highway (Sion - Chembur),19.041225,72.887238,Heavy Commercial / Truck,Rural,Grievous/Major,2,1,3,Overspeeding,Low,Moderate,36.5,Clear,High,0,3,0.95,1.0,UNIQUE,,5,70.0
ACC-IND-003969,OPEN_ACCIDENT_DATASET,3969,2025-10-02,2:00,2025,10,Monday,Mumbai,South Mumbai,Marine Drive Promenade / Netaji Subhash Road,18.868102,72.889649,Heavy Commercial / Truck,Rural,Minor,3,0,3,Distraction,Low,Moderate,36.5,Fog,Low,1,4,0.95,1.0,UNIQUE,,-1,52.0
ACC-IND-003980,OPEN_ACCIDENT_DATASET,3980,2025-03-13,14:00,2025,3,Thursday,Mumbai,Eastern Suburbs,Eastern Express Highway (Vikhroli - Ghatkopar),19.120133,72.982572,Heavy Commercial / Truck,Highway,Grievous/Major,4,0,4,Drunk Driving,Low,Moderate,36.5,Clear,High,0,5,0.95,1.0,UNIQUE,,-1,62.5
ACC-IND-003988,OPEN_ACCIDENT_DATASET,3988,2023-08-15,13:00,2023,8,Tuesday,Mumbai,South Mumbai,Marine Drive Promenade / Netaji Subhash Road,18.94374,72.860744,Heavy Commercial / Truck,Rural,Minor,0,0,0,Weather,Low,Moderate,36.5,Rain,Medium,0,4,0.95,1.0,UNIQUE,,-1,52.0
ACC-IND-004014,OPEN_ACCIDENT_DATASET,4014,2025-01-19,11:00,2025,1,Sunday,Mumbai,Western Suburbs,Western Express Highway (Kandivali - Goregaon),19.149542,72.821681,Car / SUV,Urban,Minor,2,0,2,Distraction,Medium,Moderate,36.5,Rain,Low,0,5,0.95,1.0,UNIQUE,,-1,52.0
ACC-IND-004037,OPEN_ACCIDENT_DATASET,4037,2024-01-26,3:00,2024,1,Friday,Mumbai,Powai / Andheri East,Jogeshwari-Vikhroli Link Road (JVLR),19.133087,72.895236,Car / SUV,Rural,Minor,2,0,2,Distraction,Low,Moderate,36.5,Rain,Low,0,5,0.95,1.0,UNIQUE,,8,52.0
ACC-IND-004047,OPEN_ACCIDENT_DATASET,4047,2022-04-20,14:00,2022,4,Wednesday,Mumbai,Dadar Central,Dadar TT Circle / Dr. Ambedkar Road,18.991729,72.871466,Heavy Commercial / Truck,Highway,Grievous/Major,2,1,3,Distraction,Low,Moderate,36.5,Rain,Low,0,3,0.95,1.0,UNIQUE,,-1,74.5
ACC-IND-004060,OPEN_ACCIDENT_DATASET,4060,2022-06-17,19:00,2022,6,Friday,Mumbai,Western Suburbs,Western Express Highway (Kandivali - Goregaon),19.291824,72.824529,Car / SUV,Highway,Minor,2,0,2,Drunk Driving,High,High,36.5,Rain,Low,0,5,0.95,1.0,UNIQUE,,-1,56.6
ACC-IND-004062,OPEN_ACCIDENT_DATASET,4062,2024-01-09,11:00,2024,1,Sunday,Mumbai,Navi Mumbai Gateway,Sion Panvel Highway (Mankhurd - Vashi),19.067488,72.979199,Heavy Commercial / Truck,Urban,Grievous/Major,4,0,4,Poor Road,Low,Moderate,36.5,Rain,Low,1,4,0.95,1.0,UNIQUE,,-1,62.5
ACC-IND-004065,OPEN_ACCIDENT_DATASET,4065,2024-07-16,7:00,2024,7,Tuesday,Mumbai,Thane West,Ghodbunder Road (Thane West),19.277451,72.941855,Heavy Commercial / Truck,Urban,Minor,0,0,0,Poor Road,Medium,Moderate,36.5,Clear,High,1,1,0.95,1.0,UNIQUE,,-1,35.5
ACC-IND-004069,OPEN_ACCIDENT_DATASET,4069,2025-02-17,7:00,2025,2,Monday,Mumbai,Western Suburbs,Western Express Highway (Kandivali - Goregaon),19.161368,72.856012,Heavy Commercial / Truck,Urban,Grievous/Major,4,0,4,Distraction,High,High,36.5,Clear,High,1,5,0.95,1.0,UNIQUE,,11,67.1
ACC-IND-004077,OPEN_ACCIDENT_DATASET,4077,2023-11-30,22:00,2023,11,Thursday,Mumbai,South Mumbai,Marine Drive Promenade / Netaji Subhash Road,18.860502,72.827602,Two-Wheeler / Bike,Highway,Minor,1,0,1,Drunk Driving,Medium,Moderate,36.5,Clear,High,0,1,0.95,1.0,UNIQUE,,-1,40.0
ACC-IND-004078,OPEN_ACCIDENT_DATASET,4078,2024-04-18,13:00,2024,4,Thursday,Mumbai,South Mumbai,Marine Drive Promenade / Netaji Subhash Road,18.941492,72.820021,Two-Wheeler / Bike,Urban,Grievous/Major,1,0,1,Weather,High,High,36.5,Clear,High,0,2,0.95,1.0,UNIQUE,,6,56.6
ACC-IND-004087,OPEN_ACCIDENT_DATASET,4087,2023-10-11,22:00,2023,10,Friday,Mumbai,Thane West,Ghodbunder Road (Thane West),19.265267,72.91267,Two-Wheeler / Bike,Rural,Minor,1,0,1,Weather,Medium,Moderate,36.5,Clear,High,0,2,0.95,1.0,UNIQUE,,-1,41.5
ACC-IND-004107,OPEN_ACCIDENT_DATASET,4107,2023-06-26,23:00,2023,6,Monday,Mumbai,Thane West,Ghodbunder Road (Thane West),19.260082,72.960269,Heavy Commercial / Truck,Highway,Grievous/Major,0,0,0,Poor Road,Medium,Moderate,36.5,Rain,Low,0,5,0.95,1.0,UNIQUE,,1,62.5
ACC-IND-004110,OPEN_ACCIDENT_DATASET,4110,2022-12-20,16:00,2022,12,Tuesday,Mumbai,Navi Mumbai Gateway,Sion Panvel Highway (Mankhurd - Vashi),19.02166,72.919749,Heavy Commercial / Truck,Rural,Minor,0,0,0,Overspeeding,Low,Moderate,36.5,Rain,Medium,0,1,0.95,1.0,UNIQUE,,-1,35.5
ACC-IND-004115,OPEN_ACCIDENT_DATASET,4115,2023-07-09,11:00,2023,7,Thursday,Mumbai,South Mumbai,Marine Drive Promenade / Netaji Subhash Road,18.879864,72.898237,Two-Wheeler / Bike,Highway,Minor,1,0,1,Poor Road,High,High,36.5,Fog,Low,1,1,0.95,1.0,UNIQUE,,-1,44.6
ACC-IND-004129,OPEN_ACCIDENT_DATASET,4129,2023-05-01,3:00,2023,5,Thursday,Mumbai,Andheri West,Swami Vivekanand (SV) Road (Andheri West),19.114311,72.842318,Two-Wheeler / Bike,Rural,Minor,1,0,1,Drunk Driving,Low,Moderate,36.5,Rain,Low,0,4,0.95,1.0,UNIQUE,,10,52.0
ACC-IND-004130,OPEN_ACCIDENT_DATASET,4130,2022-05-05,23:00,2022,5,Thursday,Mumbai,South Mumbai,Marine Drive Promenade / Netaji Subhash Road,18.939002,72.824823,Car / SUV,Rural,Grievous/Major,2,0,2,Weather,High,High,36.5,Fog,Low,0,2,0.95,1.0,UNIQUE,,6,56.6
ACC-IND-004134,OPEN_ACCIDENT_DATASET,4134,2024-05-27,9:00,2024,5,Monday,Mumbai,Navi Mumbai Gateway,Sion Panvel Highway (Mankhurd - Vashi),18.980941,72.982119,Heavy Commercial / Truck,Urban,Fatal,4,1,5,Poor Road,High,High,36.5,Fog,Low,0,5,0.95,1.0,UNIQUE,,-1,86.6
ACC-IND-004136,OPEN_ACCIDENT_DATASET,4136,2024-08-22,3:00,2024,8,Thursday,Mumbai,Western Suburbs,Western Express Highway (Kandivali - Goregaon),19.203259,72.8977,Heavy Commercial / Truck,Highway,Fatal,2,1,3,Overspeeding,Medium,Moderate,36.5,Fog,Low,0,3,0.95,1.0,UNIQUE,,-1,82.0
ACC-IND-004140,OPEN_ACCIDENT_DATASET,4140,2023-12-31,7:00,2023,12,Sunday,Mumbai,Eastern Suburbs,Eastern Express Highway (Vikhroli - Ghatkopar),19.141894,72.977276,Two-Wheeler / Bike,Rural,Grievous/Major,1,0,1,Drunk Driving,Low,Moderate,36.5,Rain,Medium,1,1,0.95,1.0,UNIQUE,,-1,46.0
ACC-IND-004145,OPEN_ACCIDENT_DATASET,4145,2022-12-05,19:00,2022,12,Thursday,Mumbai,Navi Mumbai Gateway,Sion Panvel Highway (Mankhurd - Vashi),18.902233,72.981034,Heavy Commercial / Truck,Urban,Grievous/Major,0,0,0,Weather,Low,Moderate,36.5,Fog,Low,1,2,0.95,1.0,UNIQUE,,-1,52.0
ACC-IND-004151,OPEN_ACCIDENT_DATASET,4151,2022-01-02,21:00,2022,1,Tuesday,Mumbai,Lower Parel,Lower Parel Commercial Hub / Senapati Bapat Marg,19.025676,72.793979,Heavy Commercial / Truck,Highway,Minor,0,0,0,Distraction,High,High,36.5,Clear,High,0,5,0.95,1.0,UNIQUE,,-1,56.6
ACC-IND-004152,OPEN_ACCIDENT_DATASET,4152,2024-08-03,19:00,2024,8,Friday,Mumbai,Thane West,Ghodbunder Road (Thane West),19.236763,72.988382,Two-Wheeler / Bike,Highway,Grievous/Major,1,0,1,Drunk Driving,High,High,36.5,Clear,High,0,3,0.95,1.0,UNIQUE,,20,67.1
ACC-IND-004171,OPEN_ACCIDENT_DATASET,4171,2023-05-21,4:00,2023,5,Sunday,Mumbai,Thane West,Ghodbunder Road (Thane West),19.232322,72.955577,Heavy Commercial / Truck,Rural,Minor,4,0,4,Drunk Driving,High,High,36.5,Rain,Low,1,5,0.95,1.0,UNIQUE,,-1,56.6
ACC-IND-004189,OPEN_ACCIDENT_DATASET,4189,2024-06-25,19:00,2024,6,Tuesday,Mumbai,Sion-Chembur,Eastern Express Highway (Sion - Chembur),19.043302,72.887864,Car / SUV,Rural,Minor,2,0,2,Poor Road,High,High,36.5,Rain,Medium,1,3,0.95,1.0,UNIQUE,,5,52.1
ACC-IND-004193,OPEN_ACCIDENT_DATASET,4193,2024-07-20,10:00,2024,7,Saturday,Mumbai,Western Suburbs,Western Express Highway (Kandivali - Goregaon),19.244436,72.830454,Heavy Commercial / Truck,Rural,Grievous/Major,2,1,3,Weather,Medium,Moderate,36.5,Fog,Low,1,3,0.95,1.0,UNIQUE,,-1,70.0
ACC-IND-004196,OPEN_ACCIDENT_DATASET,4196,2023-04-26,13:00,2023,4,Wednesday,Mumbai,Dadar Central,Dadar TT Circle / Dr. Ambedkar Road,19.02284,72.846611,Two-Wheeler / Bike,Highway,Fatal,0,1,1,Poor Road,High,High,36.5,Fog,Low,1,1,0.95,1.0,UNIQUE,,3,74.6
ACC-IND-004209,OPEN_ACCIDENT_DATASET,4209,2024-02-07,18:00,2024,2,Tuesday,Mumbai,Navi Mumbai Gateway,Sion Panvel Highway (Mankhurd - Vashi),19.059881,72.967387,Two-Wheeler / Bike,Urban,Minor,1,0,1,Drunk Driving,Medium,Moderate,36.5,Fog,Low,0,1,0.95,1.0,UNIQUE,,-1,35.5
ACC-IND-004212,OPEN_ACCIDENT_DATASET,4212,2025-01-28,13:00,2025,1,Tuesday,Mumbai,Western Suburbs,Western Express Highway (Kandivali - Goregaon),19.168014,72.852401,Two-Wheeler / Bike,Urban,Minor,1,0,1,Weather,Medium,Moderate,36.5,Rain,Medium,1,2,0.95,1.0,UNIQUE,,11,41.5
ACC-IND-004215,OPEN_ACCIDENT_DATASET,4215,2025-02-22,15:00,2025,2,Saturday,Mumbai,Western Suburbs,Western Express Highway (Kandivali - Goregaon),19.268604,72.852184,Heavy Commercial / Truck,Highway,Minor,2,1,3,Drunk Driving,Medium,Moderate,36.5,Clear,High,1,3,0.95,1.0,UNIQUE,,-1,64.0
ACC-IND-004219,OPEN_ACCIDENT_DATASET,4219,2023-01-21,10:00,2023,1,Saturday,Mumbai,Powai / Andheri East,Jogeshwari-Vikhroli Link Road (JVLR),19.136183,72.909895,Two-Wheeler / Bike,Rural,Minor,1,0,1,Distraction,High,High,36.5,Rain,Medium,1,4,0.95,1.0,UNIQUE,,-1,56.6
ACC-IND-004228,OPEN_ACCIDENT_DATASET,4228,2022-04-18,14:00,2022,4,Monday,Mumbai,Sion-Chembur,Eastern Express Highway (Sion - Chembur),19.04481,72.885087,Heavy Commercial / Truck,Urban,Minor,2,1,3,Distraction,High,High,36.5,Rain,Low,0,5,0.95,1.0,UNIQUE,,5,68.6
ACC-IND-004233,OPEN_ACCIDENT_DATASET,4233,2023-06-26,16:00,2023,6,Monday,Mumbai,Thane West,Ghodbunder Road (Thane West),19.230646,72.898629,Heavy Commercial / Truck,Rural,Minor,0,0,0,Weather,High,High,36.5,Fog,Low,0,1,0.95,1.0,UNIQUE,,-1,40.1
ACC-IND-004245,OPEN_ACCIDENT_DATASET,4245,2022-12-28,12:00,2022,12,Wednesday,Mumbai,Thane West,Ghodbunder Road (Thane West),19.183412,72.950384,Heavy Commercial / Truck,Rural,Minor,2,1,3,Drunk Driving,Low,Moderate,36.5,Fog,Low,0,3,0.95,1.0,UNIQUE,,-1,59.5
ACC-IND-004256,OPEN_ACCIDENT_DATASET,4256,2024-11-27,13:00,2024,11,Wednesday,Mumbai,Powai / Andheri East,Jogeshwari-Vikhroli Link Road (JVLR),19.129367,72.884549,Two-Wheeler / Bike,Highway,Minor,1,0,1,Overspeeding,Medium,Moderate,36.5,Fog,Low,0,2,0.95,1.0,UNIQUE,,8,46.0
ACC-IND-004277,OPEN_ACCIDENT_DATASET,4277,2023-06-27,17:00,2023,6,Tuesday,Mumbai,Western Suburbs,Western Express Highway (Kandivali - Goregaon),19.166253,72.850449,Car / SUV,Urban,Grievous/Major,2,0,2,Drunk Driving,Medium,Moderate,36.5,Clear,High,0,5,0.95,1.0,UNIQUE,,11,62.5
ACC-IND-004282,OPEN_ACCIDENT_DATASET,4282,2023-03-12,5:00,2023,3,Sunday,Mumbai,Sion-Chembur,Eastern Express Highway (Sion - Chembur),18.955995,72.930346,Two-Wheeler / Bike,Rural,Fatal,0,1,1,Poor Road,High,High,36.5,Rain,Medium,1,1,0.95,1.0,UNIQUE,,-1,70.1
ACC-IND-004286,OPEN_ACCIDENT_DATASET,4286,2022-12-02,2:00,2022,12,Saturday,Mumbai,South Mumbai,Marine Drive Promenade / Netaji Subhash Road,18.858166,72.90846,Heavy Commercial / Truck,Rural,Minor,0,0,0,Distraction,Low,Moderate,36.5,Rain,Medium,0,1,0.95,1.0,UNIQUE,,-1,35.5
ACC-IND-004293,OPEN_ACCIDENT_DATASET,4293,2023-06-24,13:00,2023,6,Saturday,Mumbai,Eastern Suburbs,Eastern Express Highway (Vikhroli - Ghatkopar),19.095363,72.951296,Heavy Commercial / Truck,Rural,Minor,2,1,3,Drunk Driving,High,High,36.5,Clear,High,0,5,0.95,1.0,UNIQUE,,-1,68.6
ACC-IND-004301,OPEN_ACCIDENT_DATASET,4301,2022-09-15,15:00,2022,9,Thursday,Mumbai,Western Suburbs,Western Express Highway (Kandivali - Goregaon),19.238325,72.80549,Heavy Commercial / Truck,Rural,Grievous/Major,0,0,0,Poor Road,Medium,Moderate,36.5,Rain,Low,1,1,0.95,1.0,UNIQUE,,15,46.0
ACC-IND-004307,OPEN_ACCIDENT_DATASET,4307,2024-03-13,8:00,2024,3,Wednesday,Mumbai,Western Suburbs,Western Express Highway (Kandivali - Goregaon),19.28996,72.839792,Heavy Commercial / Truck,Urban,Minor,0,0,0,Drunk Driving,Low,Moderate,36.5,Fog,Low,1,1,0.95,1.0,UNIQUE,,-1,35.5
ACC-IND-004324,OPEN_ACCIDENT_DATASET,4324,2022-07-30,0:00,2022,7,Saturday,Mumbai,Thane West,Ghodbunder Road (Thane West),19.202765,72.923947,Heavy Commercial / Truck,Urban,Minor,0,0,0,Poor Road,Low,Moderate,36.5,Fog,Low,1,1,0.95,1.0,UNIQUE,,-1,35.5
ACC-IND-004332,OPEN_ACCIDENT_DATASET,4332,2024-12-17,1:00,2024,12,Tuesday,Mumbai,South Mumbai,Marine Drive Promenade / Netaji Subhash Road,18.882799,72.987195,Car / SUV,Highway,Fatal,1,1,2,Weather,High,High,36.5,Rain,Medium,0,2,0.95,1.0,UNIQUE,,-1,80.6
ACC-IND-004337,OPEN_ACCIDENT_DATASET,4337,2023-07-25,2:00,2023,7,Tuesday,Mumbai,Navi Mumbai Gateway,Sion Panvel Highway (Mankhurd - Vashi),19.075849,72.945324,Heavy Commercial / Truck,Rural,Minor,2,1,3,Weather,Low,Moderate,36.5,Fog,Low,0,5,0.95,1.0,UNIQUE,,-1,64.0
ACC-IND-004338,OPEN_ACCIDENT_DATASET,4338,2025-03-18,3:00,2025,3,Tuesday,Mumbai,Navi Mumbai Gateway,Sion Panvel Highway (Mankhurd - Vashi),19.041724,72.933967,Heavy Commercial / Truck,Highway,Fatal,4,1,5,Drunk Driving,Medium,Moderate,36.5,Rain,Low,0,5,0.95,1.0,UNIQUE,,4,82.0
ACC-IND-004339,OPEN_ACCIDENT_DATASET,4339,2022-05-30,0:00,2022,5,Monday,Mumbai,Navi Mumbai Gateway,Sion Panvel Highway (Mankhurd - Vashi),18.989398,72.954585,Heavy Commercial / Truck,Highway,Grievous/Major,0,0,0,Overspeeding,Low,Moderate,36.5,Fog,Low,1,4,0.95,1.0,UNIQUE,,-1,62.5
ACC-IND-004352,OPEN_ACCIDENT_DATASET,4352,2022-11-06,5:00,2022,11,Saturday,Mumbai,Western Suburbs,Western Express Highway (Kandivali - Goregaon),19.241094,72.787311,Two-Wheeler / Bike,Urban,Minor,1,0,1,Weather,Low,Moderate,36.5,Fog,Low,1,2,0.95,1.0,UNIQUE,,-1,41.5
ACC-IND-004360,OPEN_ACCIDENT_DATASET,4360,2024-08-29,6:00,2024,8,Thursday,Mumbai,Western Suburbs,Western Express Highway (Kandivali - Goregaon),19.180349,72.795737,Car / SUV,Rural,Fatal,1,1,2,Weather,High,High,36.5,Rain,Low,1,2,0.95,1.0,UNIQUE,,-1,76.1
ACC-IND-004366,OPEN_ACCIDENT_DATASET,4366,2024-12-06,11:00,2024,12,Wednesday,Mumbai,South Mumbai,Marine Drive Promenade / Netaji Subhash Road,18.921113,72.876485,Car / SUV,Rural,Grievous/Major,2,0,2,Weather,Medium,Moderate,36.5,Fog,Low,1,4,0.95,1.0,UNIQUE,,-1,62.5
ACC-IND-004369,OPEN_ACCIDENT_DATASET,4369,2025-01-16,20:00,2025,1,Thursday,Mumbai,Bandra West,Western Express Highway (Bandra - Santacruz),19.069702,72.844071,Two-Wheeler / Bike,Rural,Grievous/Major,1,0,1,Overspeeding,Medium,Moderate,36.5,Clear,High,1,5,0.95,1.0,UNIQUE,,0,62.5
ACC-IND-004389,OPEN_ACCIDENT_DATASET,4389,2023-09-03,8:00,2023,9,Thursday,Mumbai,Navi Mumbai Gateway,Sion Panvel Highway (Mankhurd - Vashi),18.909272,72.997714,Heavy Commercial / Truck,Rural,Fatal,4,1,5,Weather,Medium,Moderate,36.5,Rain,Low,0,5,0.95,1.0,UNIQUE,,-1,82.0
ACC-IND-004402,OPEN_ACCIDENT_DATASET,4402,2024-06-24,19:00,2024,6,Monday,Mumbai,South Mumbai,Marine Drive Promenade / Netaji Subhash Road,18.961777,72.830536,Heavy Commercial / Truck,Highway,Fatal,4,1,5,Poor Road,High,High,36.5,Clear,High,1,5,0.95,1.0,UNIQUE,,-1,86.6
ACC-IND-004403,OPEN_ACCIDENT_DATASET,4403,2023-09-28,22:00,2023,9,Thursday,Mumbai,South Mumbai,Marine Drive Promenade / Netaji Subhash Road,18.941732,72.826927,Car / SUV,Urban,Minor,2,0,2,Poor Road,Medium,Moderate,36.5,Clear,High,1,3,0.95,1.0,UNIQUE,,6,47.5
ACC-IND-004406,OPEN_ACCIDENT_DATASET,4406,2023-12-26,23:00,2023,12,Tuesday,Mumbai,Western Suburbs,Western Express Highway (Kandivali - Goregaon),19.277435,72.842862,Heavy Commercial / Truck,Highway,Minor,3,1,4,Weather,Low,Moderate,36.5,Fog,Low,1,4,0.95,1.0,UNIQUE,,-1,64.0
ACC-IND-004407,OPEN_ACCIDENT_DATASET,4407,2022-11-14,11:00,2022,11,Monday,Mumbai,Western Suburbs,Western Express Highway (Kandivali - Goregaon),19.169153,72.852862,Two-Wheeler / Bike,Rural,Minor,1,0,1,Distraction,High,High,36.5,Clear,High,0,2,0.95,1.0,UNIQUE,,11,46.1
ACC-IND-004418,OPEN_ACCIDENT_DATASET,4418,2023-11-23,7:00,2023,11,Thursday,Mumbai,Lower Parel,Lower Parel Commercial Hub / Senapati Bapat Marg,18.996309,72.832215,Heavy Commercial / Truck,Urban,Minor,5,0,5,Weather,High,High,36.5,Clear,High,0,5,0.95,1.0,UNIQUE,,3,56.6
ACC-IND-004426,OPEN_ACCIDENT_DATASET,4426,2024-12-20,5:00,2024,12,Friday,Mumbai,Kurla East,Santa Cruz-Chembur Link Road (SCLR),19.072991,72.87965,Two-Wheeler / Bike,Rural,Minor,1,0,1,Overspeeding,Low,Moderate,36.5,Rain,Medium,1,2,0.95,1.0,UNIQUE,,7,41.5
ACC-IND-004437,OPEN_ACCIDENT_DATASET,4437,2023-11-06,15:00,2023,11,Sunday,Mumbai,Navi Mumbai Gateway,Sion Panvel Highway (Mankhurd - Vashi),19.058058,72.935311,Heavy Commercial / Truck,Urban,Fatal,2,1,3,Weather,High,High,36.5,Fog,Low,1,3,0.95,1.0,UNIQUE,,4,82.1
ACC-IND-004447,OPEN_ACCIDENT_DATASET,4447,2022-06-14,21:00,2022,6,Tuesday,Mumbai,Lower Parel,Lower Parel Commercial Hub / Senapati Bapat Marg,19.000248,72.800613,Heavy Commercial / Truck,Urban,Grievous/Major,0,0,0,Distraction,Low,Moderate,36.5,Rain,Medium,1,3,0.95,1.0,UNIQUE,,-1,58.0
ACC-IND-004457,OPEN_ACCIDENT_DATASET,4457,2022-01-09,17:00,2022,1,Thursday,Mumbai,Western Suburbs,Western Express Highway (Kandivali - Goregaon),19.154014,72.813543,Heavy Commercial / Truck,Rural,Fatal,2,1,3,Weather,High,High,36.5,Fog,Low,1,3,0.95,1.0,UNIQUE,,-1,82.1
ACC-IND-004460,OPEN_ACCIDENT_DATASET,4460,2023-09-25,5:00,2023,9,Monday,Mumbai,Lower Parel,Lower Parel Commercial Hub / Senapati Bapat Marg,18.987965,72.815617,Heavy Commercial / Truck,Rural,Minor,4,1,5,Drunk Driving,High,High,36.5,Rain,Medium,1,5,0.95,1.0,UNIQUE,,3,68.6
ACC-IND-004463,OPEN_ACCIDENT_DATASET,4463,2024-06-17,15:00,2024,6,Monday,Mumbai,Thane West,Ghodbunder Road (Thane West),19.273963,72.893243,Two-Wheeler / Bike,Rural,Minor,1,0,1,Weather,High,High,36.5,Fog,Low,0,1,0.95,1.0,UNIQUE,,-1,40.1
ACC-IND-004470,OPEN_ACCIDENT_DATASET,4470,2024-08-12,10:00,2024,8,Sunday,Mumbai,Lower Parel,Lower Parel Commercial Hub / Senapati Bapat Marg,18.996386,72.8341,Two-Wheeler / Bike,Highway,Grievous/Major,1,0,1,Poor Road,High,High,36.5,Clear,High,1,5,0.95,1.0,UNIQUE,,3,67.1
ACC-IND-004477,OPEN_ACCIDENT_DATASET,4477,2024-09-19,3:00,2024,9,Thursday,Mumbai,Powai / Andheri East,Jogeshwari-Vikhroli Link Road (JVLR),19.130623,72.889247,Car / SUV,Highway,Grievous/Major,2,0,2,Weather,Low,Moderate,36.5,Clear,High,0,5,0.95,1.0,UNIQUE,,8,62.5
ACC-IND-004480,OPEN_ACCIDENT_DATASET,4480,2023-12-10,23:00,2023,12,Thursday,Mumbai,Andheri West,Swami Vivekanand (SV) Road (Andheri West),19.112023,72.838788,Heavy Commercial / Truck,Highway,Minor,3,1,4,Distraction,Medium,Moderate,36.5,Fog,Low,1,4,0.95,1.0,UNIQUE,,10,64.0
ACC-IND-004496,OPEN_ACCIDENT_DATASET,4496,2022-01-28,20:00,2022,1,Friday,Mumbai,Thane West,Ghodbunder Road (Thane West),19.252213,72.881928,Car / SUV,Rural,Minor,2,0,2,Weather,High,High,36.5,Fog,Low,0,3,0.95,1.0,UNIQUE,,-1,52.1
ACC-IND-004501,OPEN_ACCIDENT_DATASET,4501,2023-09-20,22:00,2023,9,Wednesday,Mumbai,Western Suburbs,Western Express Highway (Kandivali - Goregaon),19.175263,72.90208,Car / SUV,Rural,Fatal,1,1,2,Drunk Driving,Low,Moderate,36.5,Fog,Low,1,2,0.95,1.0,UNIQUE,,12,71.5
ACC-IND-004503,OPEN_ACCIDENT_DATASET,4503,2023-06-22,13:00,2023,6,Thursday,Mumbai,Western Suburbs,Western Express Highway (Kandivali - Goregaon),19.140857,72.844709,Heavy Commercial / Truck,Urban,Grievous/Major,0,0,0,Distraction,High,High,36.5,Rain,Low,0,4,0.95,1.0,UNIQUE,,17,67.1
ACC-IND-004507,OPEN_ACCIDENT_DATASET,4507,2022-01-20,23:00,2022,1,Thursday,Mumbai,South Mumbai,Marine Drive Promenade / Netaji Subhash Road,18.941786,72.820886,Two-Wheeler / Bike,Rural,Grievous/Major,1,0,1,Distraction,Medium,Moderate,36.5,Fog,Low,0,1,0.95,1.0,UNIQUE,,6,46.0
ACC-IND-004520,OPEN_ACCIDENT_DATASET,4520,2023-09-21,16:00,2023,9,Thursday,Mumbai,South Mumbai,Marine Drive Promenade / Netaji Subhash Road,18.903119,72.843584,Two-Wheeler / Bike,Urban,Grievous/Major,1,0,1,Overspeeding,Medium,Moderate,36.5,Rain,Medium,0,1,0.95,1.0,UNIQUE,,-1,46.0
ACC-IND-004530,OPEN_ACCIDENT_DATASET,4530,2025-03-24,6:00,2025,3,Monday,Mumbai,Kurla East,Santa Cruz-Chembur Link Road (SCLR),19.078218,72.881008,Heavy Commercial / Truck,Rural,Grievous/Major,2,1,3,Drunk Driving,High,High,36.5,Rain,Medium,1,4,0.95,1.0,UNIQUE,,7,79.1
ACC-IND-004534,OPEN_ACCIDENT_DATASET,4534,2022-06-28,1:00,2022,6,Tuesday,Mumbai,Thane West,Ghodbunder Road (Thane West),19.290965,72.856334,Heavy Commercial / Truck,Highway,Grievous/Major,2,1,3,Drunk Driving,Medium,Moderate,36.5,Fog,Low,0,5,0.95,1.0,UNIQUE,,-1,74.5
ACC-IND-004537,OPEN_ACCIDENT_DATASET,4537,2024-09-07,16:00,2024,9,Tuesday,Mumbai,Eastern Suburbs,Eastern Express Highway (Vikhroli - Ghatkopar),19.124739,72.974812,Heavy Commercial / Truck,Rural,Minor,3,0,3,Drunk Driving,Medium,Moderate,36.5,Rain,Medium,1,5,0.95,1.0,UNIQUE,,-1,52.0
ACC-IND-004553,OPEN_ACCIDENT_DATASET,4553,2022-05-28,0:00,2022,5,Saturday,Mumbai,South Mumbai,Marine Drive Promenade / Netaji Subhash Road,18.899792,72.945689,Two-Wheeler / Bike,Rural,Minor,1,0,1,Drunk Driving,Medium,Moderate,36.5,Rain,Medium,0,1,0.95,1.0,UNIQUE,,-1,35.5
ACC-IND-004561,OPEN_ACCIDENT_DATASET,4561,2024-12-01,1:00,2024,12,Friday,Mumbai,Lower Parel,Lower Parel Commercial Hub / Senapati Bapat Marg,18.994503,72.825653,Two-Wheeler / Bike,Rural,Grievous/Major,1,0,1,Distraction,Medium,Moderate,36.5,Rain,Medium,0,2,0.95,1.0,UNIQUE,,3,52.0
ACC-IND-004564,OPEN_ACCIDENT_DATASET,4564,2025-05-04,8:00,2025,5,Saturday,Mumbai,Bandra West,Western Express Highway (Bandra - Santacruz),19.069813,72.83956,Car / SUV,Urban,Grievous/Major,2,0,2,Distraction,High,High,36.5,Rain,Low,0,4,0.95,1.0,UNIQUE,,0,67.1
ACC-IND-004571,OPEN_ACCIDENT_DATASET,4571,2025-05-04,12:00,2025,5,Saturday,Mumbai,Andheri West,Swami Vivekanand (SV) Road (Andheri West),19.114543,72.832915,Two-Wheeler / Bike,Urban,Minor,1,0,1,Poor Road,Low,Moderate,36.5,Clear,High,0,5,0.95,1.0,UNIQUE,,10,52.0
ACC-IND-004578,OPEN_ACCIDENT_DATASET,4578,2024-02-16,18:00,2024,2,Friday,Mumbai,Navi Mumbai Gateway,Sion Panvel Highway (Mankhurd - Vashi),19.037326,72.919578,Heavy Commercial / Truck,Urban,Minor,0,0,0,Overspeeding,Medium,Moderate,36.5,Rain,Medium,0,4,0.95,1.0,UNIQUE,,-1,52.0
ACC-IND-004581,OPEN_ACCIDENT_DATASET,4581,2023-08-01,18:00,2023,8,Sunday,Mumbai,Navi Mumbai Gateway,Sion Panvel Highway (Mankhurd - Vashi),19.099224,72.992853,Heavy Commercial / Truck,Rural,Minor,0,0,0,Weather,Medium,Moderate,36.5,Fog,Low,1,3,0.95,1.0,UNIQUE,,-1,47.5
ACC-IND-004592,OPEN_ACCIDENT_DATASET,4592,2022-04-26,21:00,2022,4,Tuesday,Mumbai,Western Suburbs,Western Express Highway (Kandivali - Goregaon),19.238056,72.79928,Heavy Commercial / Truck,Highway,Minor,2,1,3,Overspeeding,Low,Moderate,36.5,Rain,Low,1,4,0.95,1.0,UNIQUE,,15,64.0
ACC-IND-004594,OPEN_ACCIDENT_DATASET,4594,2024-08-03,19:00,2024,8,Friday,Mumbai,Thane West,Ghodbunder Road (Thane West),19.294572,72.965581,Heavy Commercial / Truck,Highway,Minor,0,0,0,Weather,Medium,Moderate,36.5,Clear,High,1,4,0.95,1.0,UNIQUE,,9,52.0
ACC-IND-004604,OPEN_ACCIDENT_DATASET,4604,2025-03-18,8:00,2025,3,Tuesday,Mumbai,Western Suburbs,Western Express Highway (Kandivali - Goregaon),19.20498,72.841083,Two-Wheeler / Bike,Rural,Fatal,0,1,1,Overspeeding,Medium,Moderate,36.5,Rain,Low,1,1,0.95,1.0,UNIQUE,,-1,65.5
ACC-IND-004612,OPEN_ACCIDENT_DATASET,4612,2024-06-27,12:00,2024,6,Thursday,Mumbai,Dadar Central,Dadar TT Circle / Dr. Ambedkar Road,19.023426,72.838343,Heavy Commercial / Truck,Rural,Minor,2,1,3,Poor Road,High,High,36.5,Clear,High,0,3,0.95,1.0,UNIQUE,,3,64.1
ACC-IND-004616,OPEN_ACCIDENT_DATASET,4616,2023-02-17,2:00,2023,2,Friday,Mumbai,Sion-Chembur,Eastern Express Highway (Sion - Chembur),18.995768,72.915911,Heavy Commercial / Truck,Highway,Minor,0,0,0,Weather,Medium,Moderate,36.5,Rain,Medium,0,1,0.95,1.0,UNIQUE,,-1,40.0
ACC-IND-004617,OPEN_ACCIDENT_DATASET,4617,2023-03-08,20:00,2023,3,Thursday,Mumbai,Western Suburbs,Western Express Highway (Kandivali - Goregaon),19.246525,72.836944,Heavy Commercial / Truck,Highway,Minor,0,0,0,Weather,Medium,Moderate,36.5,Clear,High,1,1,0.95,1.0,UNIQUE,,-1,40.0
ACC-IND-004619,OPEN_ACCIDENT_DATASET,4619,2023-10-21,3:00,2023,10,Saturday,Mumbai,Navi Mumbai Gateway,Sion Panvel Highway (Mankhurd - Vashi),19.052996,72.937886,Heavy Commercial / Truck,Highway,Minor,3,1,4,Distraction,Low,Moderate,36.5,Rain,Medium,0,4,0.95,1.0,UNIQUE,,4,64.0
ACC-IND-004627,OPEN_ACCIDENT_DATASET,4627,2023-06-07,18:00,2023,6,Thursday,Mumbai,Thane West,Ghodbunder Road (Thane West),19.261188,72.962528,Heavy Commercial / Truck,Rural,Fatal,2,1,3,Drunk Driving,High,High,36.5,Rain,Low,0,3,0.95,1.0,UNIQUE,,1,82.1
ACC-IND-004637,OPEN_ACCIDENT_DATASET,4637,2024-10-05,12:00,2024,10,Friday,Mumbai,South Mumbai,Marine Drive Promenade / Netaji Subhash Road,18.940386,72.82044,Car / SUV,Rural,Minor,2,0,2,Overspeeding,Medium,Moderate,36.5,Fog,Low,1,2,0.95,1.0,UNIQUE,,6,41.5
ACC-IND-004642,OPEN_ACCIDENT_DATASET,4642,2024-10-14,20:00,2024,10,Monday,Mumbai,Bandra West,Western Express Highway (Bandra - Santacruz),19.06696,72.844567,Two-Wheeler / Bike,Rural,Grievous/Major,1,0,1,Distraction,High,High,36.5,Clear,High,1,1,0.95,1.0,UNIQUE,,0,50.6
ACC-IND-004651,OPEN_ACCIDENT_DATASET,4651,2022-12-28,15:00,2022,12,Wednesday,Mumbai,Dadar Central,Dadar TT Circle / Dr. Ambedkar Road,19.01926,72.844469,Heavy Commercial / Truck,Rural,Fatal,4,1,5,Weather,High,High,36.5,Rain,Medium,0,5,0.95,1.0,UNIQUE,,3,86.6
ACC-IND-004656,OPEN_ACCIDENT_DATASET,4656,2024-10-25,0:00,2024,10,Friday,Mumbai,Eastern Suburbs,Eastern Express Highway (Vikhroli - Ghatkopar),19.093858,72.916143,Car / SUV,Urban,Minor,2,0,2,Poor Road,Medium,Moderate,36.5,Clear,High,0,4,0.95,1.0,UNIQUE,,2,52.0
ACC-IND-004657,OPEN_ACCIDENT_DATASET,4657,2024-03-07,16:00,2024,3,Wednesday,Mumbai,Navi Mumbai Gateway,Sion Panvel Highway (Mankhurd - Vashi),19.069894,72.930411,Two-Wheeler / Bike,Rural,Minor,1,0,1,Distraction,High,High,36.5,Clear,High,1,1,0.95,1.0,UNIQUE,,-1,40.1
ACC-IND-004661,OPEN_ACCIDENT_DATASET,4661,2022-10-20,3:00,2022,10,Thursday,Mumbai,Kurla / Ghatkopar,LBS Marg (Kurla - Ghatkopar),19.079671,72.887281,Two-Wheeler / Bike,Rural,Grievous/Major,1,0,1,Distraction,Medium,Moderate,36.5,Clear,High,1,3,0.95,1.0,UNIQUE,,7,58.0
ACC-IND-004662,OPEN_ACCIDENT_DATASET,4662,2024-03-06,18:00,2024,3,Monday,Mumbai,Thane West,Ghodbunder Road (Thane West),19.261476,72.955587,Heavy Commercial / Truck,Urban,Minor,3,1,4,Distraction,High,High,36.5,Fog,Low,0,5,0.95,1.0,UNIQUE,,1,68.6
ACC-IND-004663,OPEN_ACCIDENT_DATASET,4663,2023-10-02,11:00,2023,10,Friday,Mumbai,South Mumbai,Marine Drive Promenade / Netaji Subhash Road,18.942616,72.823651,Heavy Commercial / Truck,Rural,Grievous/Major,3,1,4,Distraction,Low,Moderate,36.5,Rain,Low,0,4,0.95,1.0,UNIQUE,,6,74.5
ACC-IND-004675,OPEN_ACCIDENT_DATASET,4675,2025-01-31,18:00,2025,1,Friday,Mumbai,Navi Mumbai Gateway,Sion Panvel Highway (Mankhurd - Vashi),18.936837,72.963583,Heavy Commercial / Truck,Urban,Minor,5,0,5,Weather,High,High,36.5,Fog,Low,0,5,0.95,1.0,UNIQUE,,-1,56.6
ACC-IND-004678,OPEN_ACCIDENT_DATASET,4678,2025-01-21,3:00,2025,1,Tuesday,Mumbai,Lower Parel,Lower Parel Commercial Hub / Senapati Bapat Marg,18.993707,72.829582,Heavy Commercial / Truck,Highway,Fatal,3,1,4,Poor Road,Low,Moderate,36.5,Fog,Low,1,4,0.95,1.0,UNIQUE,,3,82.0
ACC-IND-004698,OPEN_ACCIDENT_DATASET,4698,2023-12-17,9:00,2023,12,Sunday,Mumbai,Powai / Andheri East,Jogeshwari-Vikhroli Link Road (JVLR),19.125584,72.880785,Car / SUV,Rural,Minor,2,0,2,Distraction,Medium,Moderate,36.5,Fog,Low,1,2,0.95,1.0,UNIQUE,,8,41.5
ACC-IND-004702,OPEN_ACCIDENT_DATASET,4702,2024-11-23,8:00,2024,11,Saturday,Mumbai,South Mumbai,Marine Drive Promenade / Netaji Subhash Road,18.942002,72.82491,Two-Wheeler / Bike,Urban,Minor,1,0,1,Weather,Medium,Moderate,36.5,Rain,Low,0,5,0.95,1.0,UNIQUE,,6,52.0
ACC-IND-004707,OPEN_ACCIDENT_DATASET,4707,2022-11-09,0:00,2022,11,Sunday,Mumbai,Bandra West,Western Express Highway (Bandra - Santacruz),19.066847,72.845591,Two-Wheeler / Bike,Highway,Minor,1,0,1,Overspeeding,Low,Moderate,36.5,Clear,High,1,1,0.95,1.0,UNIQUE,,0,40.0
ACC-IND-004708,OPEN_ACCIDENT_DATASET,4708,2022-12-07,23:00,2022,12,Tuesday,Mumbai,Eastern Suburbs,Eastern Express Highway (Vikhroli - Ghatkopar),19.150227,72.947942,Heavy Commercial / Truck,Highway,Minor,0,0,0,Drunk Driving,Medium,Moderate,36.5,Fog,Low,0,1,0.95,1.0,UNIQUE,,-1,40.0
ACC-IND-004713,OPEN_ACCIDENT_DATASET,4713,2022-12-04,22:00,2022,12,Tuesday,Mumbai,Kurla / Ghatkopar,LBS Marg (Kurla - Ghatkopar),19.081387,72.892783,Two-Wheeler / Bike,Highway,Minor,1,0,1,Poor Road,High,High,36.5,Fog,Low,0,3,0.95,1.0,UNIQUE,,7,56.6
ACC-IND-004714,OPEN_ACCIDENT_DATASET,4714,2023-08-22,23:00,2023,8,Tuesday,Mumbai,Andheri West,Swami Vivekanand (SV) Road (Andheri West),19.116459,72.83909,Heavy Commercial / Truck,Rural,Minor,2,1,3,Drunk Driving,Low,Moderate,36.5,Fog,Low,0,4,0.95,1.0,UNIQUE,,10,64.0
ACC-IND-004723,OPEN_ACCIDENT_DATASET,4723,2024-07-31,7:00,2024,7,Wednesday,Mumbai,South Mumbai,Marine Drive Promenade / Netaji Subhash Road,18.851731,72.930972,Heavy Commercial / Truck,Highway,Grievous/Major,3,0,3,Distraction,Low,Moderate,36.5,Fog,Low,1,5,0.95,1.0,UNIQUE,,-1,62.5
ACC-IND-004734,OPEN_ACCIDENT_DATASET,4734,2024-07-31,20:00,2024,7,Wednesday,Mumbai,South Mumbai,Marine Drive Promenade / Netaji Subhash Road,18.938581,72.896026,Two-Wheeler / Bike,Rural,Grievous/Major,1,0,1,Overspeeding,Low,Moderate,36.5,Rain,Medium,1,4,0.95,1.0,UNIQUE,,-1,62.5
ACC-IND-004754,OPEN_ACCIDENT_DATASET,4754,2023-02-17,0:00,2023,2,Friday,Mumbai,Western Suburbs,Western Express Highway (Kandivali - Goregaon),19.245286,72.852707,Heavy Commercial / Truck,Urban,Fatal,2,1,3,Drunk Driving,Low,Moderate,36.5,Rain,Medium,1,3,0.95,1.0,UNIQUE,,-1,77.5
ACC-IND-004755,OPEN_ACCIDENT_DATASET,4755,2023-07-01,16:00,2023,7,Saturday,Mumbai,Powai / Andheri East,Jogeshwari-Vikhroli Link Road (JVLR),19.133528,72.861626,Heavy Commercial / Truck,Rural,Grievous/Major,3,0,3,Overspeeding,Medium,Moderate,36.5,Clear,High,1,3,0.95,1.0,UNIQUE,,16,58.0
ACC-IND-004774,OPEN_ACCIDENT_DATASET,4774,2023-04-26,2:00,2023,4,Wednesday,Mumbai,Powai / Andheri East,Jogeshwari-Vikhroli Link Road (JVLR),19.155637,72.918162,Heavy Commercial / Truck,Highway,Minor,3,1,4,Drunk Driving,Medium,Moderate,36.5,Rain,Medium,0,5,0.95,1.0,UNIQUE,,-1,64.0
ACC-IND-004782,OPEN_ACCIDENT_DATASET,4782,2025-03-29,3:00,2025,3,Saturday,Mumbai,Lower Parel,Lower Parel Commercial Hub / Senapati Bapat Marg,18.995222,72.829602,Two-Wheeler / Bike,Urban,Grievous/Major,1,0,1,Overspeeding,Low,Moderate,36.5,Fog,Low,0,1,0.95,1.0,UNIQUE,,3,46.0
ACC-IND-004783,OPEN_ACCIDENT_DATASET,4783,2024-06-06,0:00,2024,6,Thursday,Mumbai,Western Suburbs,Western Express Highway (Kandivali - Goregaon),19.179654,72.805946,Heavy Commercial / Truck,Rural,Grievous/Major,0,0,0,Overspeeding,Low,Moderate,36.5,Clear,High,0,3,0.95,1.0,UNIQUE,,-1,58.0
ACC-IND-004796,OPEN_ACCIDENT_DATASET,4796,2023-02-06,13:00,2023,2,Friday,Mumbai,Thane West,Ghodbunder Road (Thane West),19.295426,72.902012,Two-Wheeler / Bike,Highway,Fatal,0,1,1,Distraction,High,High,36.5,Clear,High,1,1,0.95,1.0,UNIQUE,,-1,74.6
ACC-IND-004809,OPEN_ACCIDENT_DATASET,4809,2025-03-02,5:00,2025,3,Monday,Mumbai,South Mumbai,Marine Drive Promenade / Netaji Subhash Road,18.963453,72.880658,Heavy Commercial / Truck,Highway,Minor,3,0,3,Distraction,Medium,Moderate,36.5,Fog,Low,1,4,0.95,1.0,UNIQUE,,-1,52.0
ACC-IND-004814,OPEN_ACCIDENT_DATASET,4814,2024-05-08,23:00,2024,5,Monday,Mumbai,Bandra West,Western Express Highway (Bandra - Santacruz),19.062785,72.846394,Heavy Commercial / Truck,Urban,Fatal,2,1,3,Drunk Driving,Low,Moderate,36.5,Clear,High,0,3,0.95,1.0,UNIQUE,,0,77.5
ACC-IND-004816,OPEN_ACCIDENT_DATASET,4816,2024-04-25,18:00,2024,4,Thursday,Mumbai,Kurla East,Santa Cruz-Chembur Link Road (SCLR),19.067898,72.88261,Heavy Commercial / Truck,Highway,Minor,0,0,0,Overspeeding,High,High,36.5,Rain,Low,1,5,0.95,1.0,UNIQUE,,7,56.6
ACC-IND-004826,OPEN_ACCIDENT_DATASET,4826,2022-11-04,1:00,2022,11,Monday,Mumbai,South Mumbai,Marine Drive Promenade / Netaji Subhash Road,18.884048,72.918658,Car / SUV,Highway,Minor,2,0,2,Weather,Low,Moderate,36.5,Rain,Medium,0,5,0.95,1.0,UNIQUE,,-1,52.0
ACC-IND-004843,OPEN_ACCIDENT_DATASET,4843,2023-05-13,19:00,2023,5,Saturday,Mumbai,Kurla / Ghatkopar,LBS Marg (Kurla - Ghatkopar),19.083843,72.889366,Heavy Commercial / Truck,Rural,Minor,0,0,0,Weather,Medium,Moderate,36.5,Rain,Low,0,2,0.95,1.0,UNIQUE,,7,41.5
ACC-IND-004861,OPEN_ACCIDENT_DATASET,4861,2024-06-16,13:00,2024,6,Sunday,Mumbai,Andheri West,Swami Vivekanand (SV) Road (Andheri West),19.106395,72.821645,Two-Wheeler / Bike,Urban,Grievous/Major,1,0,1,Drunk Driving,Medium,Moderate,36.5,Clear,High,1,2,0.95,1.0,UNIQUE,,-1,52.0
ACC-IND-004889,OPEN_ACCIDENT_DATASET,4889,2022-11-11,14:00,2022,11,Friday,Mumbai,Bandra West,Western Express Highway (Bandra - Santacruz),19.06813,72.84277,Heavy Commercial / Truck,Highway,Grievous/Major,0,0,0,Overspeeding,Low,Moderate,36.5,Clear,High,0,5,0.95,1.0,UNIQUE,,0,62.5
ACC-IND-004895,OPEN_ACCIDENT_DATASET,4895,2022-05-13,10:00,2022,5,Friday,Mumbai,Thane West,Ghodbunder Road (Thane West),19.247632,72.997408,Heavy Commercial / Truck,Highway,Fatal,4,1,5,Poor Road,High,High,36.5,Fog,Low,1,5,0.95,1.0,UNIQUE,,-1,86.6
ACC-IND-004901,OPEN_ACCIDENT_DATASET,4901,2025-01-13,23:00,2025,1,Monday,Mumbai,Dadar Central,Dadar TT Circle / Dr. Ambedkar Road,19.026058,72.824441,Car / SUV,Rural,Fatal,1,1,2,Drunk Driving,Medium,Moderate,36.5,Clear,High,0,2,0.95,1.0,UNIQUE,,-1,71.5
ACC-IND-004912,OPEN_ACCIDENT_DATASET,4912,2023-10-14,16:00,2023,10,Saturday,Mumbai,South Mumbai,Marine Drive Promenade / Netaji Subhash Road,18.850662,72.992398,Heavy Commercial / Truck,Highway,Minor,0,0,0,Overspeeding,Low,Moderate,36.5,Clear,High,1,3,0.95,1.0,UNIQUE,,-1,52.0
ACC-IND-004921,OPEN_ACCIDENT_DATASET,4921,2022-05-12,7:00,2022,5,Monday,Mumbai,Kurla / Ghatkopar,LBS Marg (Kurla - Ghatkopar),19.087904,72.896311,Heavy Commercial / Truck,Highway,Minor,5,0,5,Poor Road,Low,Moderate,36.5,Clear,High,0,5,0.95,1.0,UNIQUE,,7,52.0
ACC-IND-004932,OPEN_ACCIDENT_DATASET,4932,2023-08-28,6:00,2023,8,Monday,Mumbai,Powai / Andheri East,Jogeshwari-Vikhroli Link Road (JVLR),19.126299,72.886254,Heavy Commercial / Truck,Highway,Fatal,4,1,5,Weather,High,High,36.5,Clear,High,1,5,0.95,1.0,UNIQUE,,8,86.6
ACC-IND-004941,OPEN_ACCIDENT_DATASET,4941,2024-07-28,15:00,2024,7,Sunday,Mumbai,Bandra West,Western Express Highway (Bandra - Santacruz),19.073414,72.840497,Heavy Commercial / Truck,Rural,Grievous/Major,0,0,0,Drunk Driving,High,High,36.5,Clear,High,1,5,0.95,1.0,UNIQUE,,0,67.1
ACC-IND-004949,OPEN_ACCIDENT_DATASET,4949,2025-09-04,20:00,2025,9,Wednesday,Mumbai,South Mumbai,Marine Drive Promenade / Netaji Subhash Road,18.946396,72.816677,Heavy Commercial / Truck,Highway,Fatal,3,1,4,Poor Road,Low,Moderate,36.5,Fog,Low,1,4,0.95,1.0,UNIQUE,,6,82.0
ACC-IND-004958,OPEN_ACCIDENT_DATASET,4958,2022-04-04,1:00,2022,4,Monday,Mumbai,Powai / Andheri East,Jogeshwari-Vikhroli Link Road (JVLR),19.125963,72.886673,Two-Wheeler / Bike,Highway,Minor,1,0,1,Poor Road,Low,Moderate,36.5,Rain,Low,1,2,0.95,1.0,UNIQUE,,8,46.0
ACC-IND-004960,OPEN_ACCIDENT_DATASET,4960,2024-09-05,18:00,2024,9,Thursday,Mumbai,Sion-Chembur,Eastern Express Highway (Sion - Chembur),19.024628,72.907427,Two-Wheeler / Bike,Urban,Minor,1,0,1,Overspeeding,High,High,36.5,Fog,Low,0,1,0.95,1.0,UNIQUE,,-1,40.1
ACC-IND-004966,OPEN_ACCIDENT_DATASET,4966,2022-07-02,0:00,2022,7,Monday,Mumbai,Western Suburbs,Western Express Highway (Kandivali - Goregaon),19.145113,72.843976,Heavy Commercial / Truck,Urban,Fatal,2,1,3,Poor Road,Low,Moderate,36.5,Fog,Low,1,3,0.95,1.0,UNIQUE,,17,77.5
ACC-IND-004974,OPEN_ACCIDENT_DATASET,4974,2025-01-21,10:00,2025,1,Tuesday,Mumbai,Western Suburbs,Western Express Highway (Kandivali - Goregaon),19.28017,72.794106,Car / SUV,Rural,Minor,2,0,2,Weather,Medium,Moderate,36.5,Rain,Low,1,2,0.95,1.0,UNIQUE,,-1,41.5
ACC-IND-004978,OPEN_ACCIDENT_DATASET,4978,2024-03-02,0:00,2024,3,Saturday,Mumbai,Thane West,Ghodbunder Road (Thane West),19.262739,72.9634,Heavy Commercial / Truck,Urban,Minor,0,0,0,Weather,Medium,Moderate,36.5,Clear,High,1,4,0.95,1.0,UNIQUE,,1,52.0
ACC-IND-004994,OPEN_ACCIDENT_DATASET,4994,2024-05-29,21:00,2024,5,Wednesday,Mumbai,Eastern Suburbs,Eastern Express Highway (Vikhroli - Ghatkopar),19.101299,72.912748,Heavy Commercial / Truck,Rural,Minor,0,0,0,Drunk Driving,High,High,36.5,Fog,Low,1,4,0.95,1.0,UNIQUE,,2,56.6
ACC-IND-005002,OPEN_ACCIDENT_DATASET,5002,2023-04-07,22:00,2023,4,Tuesday,Mumbai,Sion-Chembur,Eastern Express Highway (Sion - Chembur),18.981445,72.922673,Heavy Commercial / Truck,Rural,Grievous/Major,4,0,4,Poor Road,High,High,36.5,Fog,Low,1,4,0.95,1.0,UNIQUE,,-1,67.1
ACC-IND-005006,OPEN_ACCIDENT_DATASET,5006,2024-03-07,8:00,2024,3,Wednesday,Mumbai,South Mumbai,Marine Drive Promenade / Netaji Subhash Road,18.855018,72.829286,Heavy Commercial / Truck,Highway,Grievous/Major,0,0,0,Overspeeding,Medium,Moderate,36.5,Rain,Low,0,2,0.95,1.0,UNIQUE,,-1,56.5
ACC-IND-005041,OPEN_ACCIDENT_DATASET,5041,2023-09-14,4:00,2023,9,Thursday,Mumbai,South Mumbai,Marine Drive Promenade / Netaji Subhash Road,18.861217,72.980424,Two-Wheeler / Bike,Highway,Minor,1,0,1,Poor Road,High,High,36.5,Clear,High,1,2,0.95,1.0,UNIQUE,,-1,50.6
ACC-IND-005043,OPEN_ACCIDENT_DATASET,5043,2023-06-28,1:00,2023,6,Wednesday,Mumbai,Western Suburbs,Western Express Highway (Kandivali - Goregaon),19.263669,72.800362,Heavy Commercial / Truck,Rural,Minor,0,0,0,Weather,Low,Moderate,36.5,Clear,High,1,2,0.95,1.0,UNIQUE,,-1,41.5
ACC-IND-005052,OPEN_ACCIDENT_DATASET,5052,2025-01-15,0:00,2025,1,Wednesday,Mumbai,Thane West,Ghodbunder Road (Thane West),19.272559,72.887806,Car / SUV,Highway,Minor,2,0,2,Overspeeding,Low,Moderate,36.5,Clear,High,1,2,0.95,1.0,UNIQUE,,-1,46.0
ACC-IND-005054,OPEN_ACCIDENT_DATASET,5054,2022-10-12,0:00,2022,10,Saturday,Mumbai,Dadar Central,Dadar TT Circle / Dr. Ambedkar Road,19.018035,72.843255,Heavy Commercial / Truck,Highway,Fatal,2,1,3,Poor Road,Low,Moderate,36.5,Rain,Medium,0,3,0.95,1.0,UNIQUE,,3,82.0
ACC-IND-005055,OPEN_ACCIDENT_DATASET,5055,2024-04-23,16:00,2024,4,Tuesday,Mumbai,Navi Mumbai Gateway,Sion Panvel Highway (Mankhurd - Vashi),19.032875,72.924544,Heavy Commercial / Truck,Rural,Grievous/Major,0,0,0,Poor Road,Low,Moderate,36.5,Fog,Low,0,4,0.95,1.0,UNIQUE,,-1,62.5
ACC-IND-005082,OPEN_ACCIDENT_DATASET,5082,2023-02-10,1:00,2023,2,Monday,Mumbai,Thane West,Ghodbunder Road (Thane West),19.259485,72.970244,Two-Wheeler / Bike,Rural,Grievous/Major,1,0,1,Drunk Driving,Low,Moderate,36.5,Rain,Medium,1,2,0.95,1.0,UNIQUE,,1,52.0
ACC-IND-005089,OPEN_ACCIDENT_DATASET,5089,2023-12-20,1:00,2023,12,Wednesday,Mumbai,Navi Mumbai Gateway,Sion Panvel Highway (Mankhurd - Vashi),19.076912,72.947582,Two-Wheeler / Bike,Rural,Minor,1,0,1,Drunk Driving,Low,Moderate,36.5,Fog,Low,0,2,0.95,1.0,UNIQUE,,-1,41.5
ACC-IND-005099,OPEN_ACCIDENT_DATASET,5099,2022-06-29,23:00,2022,6,Wednesday,Mumbai,Sion-Chembur,Eastern Express Highway (Sion - Chembur),19.050513,72.890102,Two-Wheeler / Bike,Urban,Minor,1,0,1,Distraction,High,High,36.5,Rain,Medium,0,5,0.95,1.0,UNIQUE,,5,56.6
ACC-IND-005105,OPEN_ACCIDENT_DATASET,5105,2025-07-03,4:00,2025,7,Friday,Mumbai,South Mumbai,Marine Drive Promenade / Netaji Subhash Road,18.943406,72.821952,Two-Wheeler / Bike,Urban,Minor,1,0,1,Distraction,Low,Moderate,36.5,Fog,Low,1,2,0.95,1.0,UNIQUE,,6,41.5
ACC-IND-005109,OPEN_ACCIDENT_DATASET,5109,2024-10-15,3:00,2024,10,Tuesday,Mumbai,Western Suburbs,Western Express Highway (Kandivali - Goregaon),19.254438,72.798585,Two-Wheeler / Bike,Urban,Grievous/Major,1,0,1,Overspeeding,Low,Moderate,36.5,Rain,Low,0,3,0.95,1.0,UNIQUE,,-1,58.0
ACC-IND-005117,OPEN_ACCIDENT_DATASET,5117,2023-03-09,6:00,2023,3,Sunday,Mumbai,Andheri West,Swami Vivekanand (SV) Road (Andheri West),19.113607,72.837079,Heavy Commercial / Truck,Highway,Fatal,2,1,3,Distraction,Low,Moderate,36.5,Rain,Medium,0,3,0.95,1.0,UNIQUE,,10,82.0
ACC-IND-005142,OPEN_ACCIDENT_DATASET,5142,2024-12-02,6:00,2024,12,Monday,Mumbai,Kurla / Ghatkopar,LBS Marg (Kurla - Ghatkopar),19.079904,72.887031,Heavy Commercial / Truck,Highway,Grievous/Major,4,0,4,Weather,High,High,36.5,Fog,Low,0,4,0.95,1.0,UNIQUE,,7,67.1
ACC-IND-005145,OPEN_ACCIDENT_DATASET,5145,2023-03-02,8:00,2023,3,Friday,Mumbai,Navi Mumbai Gateway,Sion Panvel Highway (Mankhurd - Vashi),18.924778,72.966205,Car / SUV,Rural,Grievous/Major,2,0,2,Overspeeding,High,High,36.5,Fog,Low,1,2,0.95,1.0,UNIQUE,,-1,56.6
ACC-IND-005161,OPEN_ACCIDENT_DATASET,5161,2024-03-12,11:00,2024,3,Tuesday,Mumbai,Thane West,Ghodbunder Road (Thane West),19.297329,72.961176,Two-Wheeler / Bike,Rural,Grievous/Major,1,0,1,Poor Road,High,High,36.5,Clear,High,0,1,0.95,1.0,UNIQUE,,9,50.6
ACC-IND-005172,OPEN_ACCIDENT_DATASET,5172,2022-12-08,17:00,2022,12,Friday,Mumbai,Lower Parel,Lower Parel Commercial Hub / Senapati Bapat Marg,18.992345,72.82741,Heavy Commercial / Truck,Highway,Minor,2,1,3,Drunk Driving,Medium,Moderate,36.5,Fog,Low,1,3,0.95,1.0,UNIQUE,,3,64.0
ACC-IND-005187,OPEN_ACCIDENT_DATASET,5187,2024-02-22,2:00,2024,2,Thursday,Mumbai,Western Suburbs,Western Express Highway (Kandivali - Goregaon),19.166711,72.854749,Two-Wheeler / Bike,Urban,Minor,1,0,1,Distraction,Low,Moderate,36.5,Fog,Low,1,1,0.95,1.0,UNIQUE,,11,35.5
ACC-IND-005197,OPEN_ACCIDENT_DATASET,5197,2024-11-23,1:00,2024,11,Saturday,Mumbai,Navi Mumbai Gateway,Sion Panvel Highway (Mankhurd - Vashi),18.961366,72.950498,Car / SUV,Rural,Minor,2,0,2,Distraction,Low,Moderate,36.5,Rain,Low,1,2,0.95,1.0,UNIQUE,,-1,41.5
ACC-IND-005212,OPEN_ACCIDENT_DATASET,5212,2022-11-02,23:00,2022,11,Friday,Mumbai,Lower Parel,Lower Parel Commercial Hub / Senapati Bapat Marg,19.024531,72.791252,Heavy Commercial / Truck,Rural,Minor,0,0,0,Drunk Driving,Medium,Moderate,36.5,Fog,Low,1,1,0.95,1.0,UNIQUE,,-1,35.5
ACC-IND-005226,OPEN_ACCIDENT_DATASET,5226,2023-05-13,15:00,2023,5,Saturday,Mumbai,South Mumbai,Marine Drive Promenade / Netaji Subhash Road,18.912094,72.83412,Car / SUV,Urban,Minor,2,0,2,Overspeeding,High,High,36.5,Rain,Medium,1,4,0.95,1.0,UNIQUE,,-1,56.6
ACC-IND-005252,OPEN_ACCIDENT_DATASET,5252,2024-11-07,4:00,2024,11,Thursday,Mumbai,Western Suburbs,Western Express Highway (Kandivali - Goregaon),19.16078,72.855704,Heavy Commercial / Truck,Urban,Grievous/Major,4,0,4,Weather,Low,Moderate,36.5,Fog,Low,0,4,0.95,1.0,UNIQUE,,11,62.5
ACC-IND-005260,OPEN_ACCIDENT_DATASET,5260,2023-02-19,23:00,2023,2,Sunday,Mumbai,Navi Mumbai Gateway,Sion Panvel Highway (Mankhurd - Vashi),19.07929,72.997366,Heavy Commercial / Truck,Highway,Minor,3,0,3,Weather,Low,Moderate,36.5,Rain,Low,0,3,0.95,1.0,UNIQUE,,-1,52.0
ACC-IND-005262,OPEN_ACCIDENT_DATASET,5262,2023-12-27,8:00,2023,12,Wednesday,Mumbai,Navi Mumbai Gateway,Sion Panvel Highway (Mankhurd - Vashi),19.080825,72.94761,Heavy Commercial / Truck,Rural,Minor,0,0,0,Drunk Driving,High,High,36.5,Clear,High,1,1,0.95,1.0,UNIQUE,,-1,40.1
ACC-IND-005265,OPEN_ACCIDENT_DATASET,5265,2022-04-26,8:00,2022,4,Tuesday,Mumbai,Dadar Central,Dadar TT Circle / Dr. Ambedkar Road,19.006079,72.842004,Heavy Commercial / Truck,Rural,Minor,0,0,0,Drunk Driving,Medium,Moderate,36.5,Rain,Medium,0,5,0.95,1.0,UNIQUE,,3,52.0
ACC-IND-005270,OPEN_ACCIDENT_DATASET,5270,2023-07-29,1:00,2023,7,Saturday,Mumbai,Powai / Andheri East,Jogeshwari-Vikhroli Link Road (JVLR),19.128374,72.88465,Heavy Commercial / Truck,Highway,Fatal,2,1,3,Overspeeding,Low,Moderate,36.5,Rain,Medium,1,3,0.95,1.0,UNIQUE,,8,82.0
ACC-IND-005277,OPEN_ACCIDENT_DATASET,5277,2023-04-25,7:00,2023,4,Tuesday,Mumbai,Eastern Suburbs,Eastern Express Highway (Vikhroli - Ghatkopar),19.11215,72.937231,Heavy Commercial / Truck,Highway,Grievous/Major,0,0,0,Drunk Driving,High,High,36.5,Fog,Low,0,1,0.95,1.0,UNIQUE,,-1,55.1
ACC-IND-005279,OPEN_ACCIDENT_DATASET,5279,2024-05-29,11:00,2024,5,Wednesday,Mumbai,Dadar Central,Dadar TT Circle / Dr. Ambedkar Road,19.0271,72.857153,Two-Wheeler / Bike,Rural,Grievous/Major,1,0,1,Distraction,High,High,36.5,Fog,Low,1,5,0.95,1.0,UNIQUE,,-1,67.1
ACC-IND-005283,OPEN_ACCIDENT_DATASET,5283,2023-12-21,17:00,2023,12,Thursday,Mumbai,Powai / Andheri East,Jogeshwari-Vikhroli Link Road (JVLR),19.132727,72.885823,Heavy Commercial / Truck,Highway,Grievous/Major,0,0,0,Distraction,Medium,Moderate,36.5,Fog,Low,0,5,0.95,1.0,UNIQUE,,8,62.5
ACC-IND-005305,OPEN_ACCIDENT_DATASET,5305,2022-05-26,3:00,2022,5,Thursday,Mumbai,Bandra West,Western Express Highway (Bandra - Santacruz),19.069355,72.842469,Car / SUV,Highway,Minor,2,0,2,Distraction,Medium,Moderate,36.5,Rain,Medium,0,3,0.95,1.0,UNIQUE,,0,52.0
ACC-IND-005311,OPEN_ACCIDENT_DATASET,5311,2022-01-04,15:00,2022,1,Friday,Mumbai,Kurla / Ghatkopar,LBS Marg (Kurla - Ghatkopar),19.077266,72.892015,Car / SUV,Rural,Minor,2,0,2,Distraction,Low,Moderate,36.5,Rain,Low,1,2,0.95,1.0,UNIQUE,,7,41.5
ACC-IND-005326,OPEN_ACCIDENT_DATASET,5326,2023-08-12,18:00,2023,8,Friday,Mumbai,South Mumbai,Marine Drive Promenade / Netaji Subhash Road,18.936773,72.822093,Two-Wheeler / Bike,Rural,Fatal,0,1,1,Poor Road,Low,Moderate,36.5,Rain,Low,0,1,0.95,1.0,UNIQUE,,6,65.5
ACC-IND-005336,OPEN_ACCIDENT_DATASET,5336,2022-05-11,5:00,2022,5,Saturday,Mumbai,Kurla East,Santa Cruz-Chembur Link Road (SCLR),19.074264,72.87906,Two-Wheeler / Bike,Highway,Minor,1,0,1,Overspeeding,High,High,36.5,Fog,Low,1,1,0.95,1.0,UNIQUE,,7,44.6
ACC-IND-005382,OPEN_ACCIDENT_DATASET,5382,2023-12-28,7:00,2023,12,Thursday,Mumbai,Western Suburbs,Western Express Highway (Kandivali - Goregaon),19.203568,72.80265,Two-Wheeler / Bike,Urban,Minor,1,0,1,Distraction,Low,Moderate,36.5,Fog,Low,1,3,0.95,1.0,UNIQUE,,-1,47.5
ACC-IND-005384,OPEN_ACCIDENT_DATASET,5384,2024-11-02,20:00,2024,11,Sunday,Mumbai,Eastern Suburbs,Eastern Express Highway (Vikhroli - Ghatkopar),19.091602,72.911218,Heavy Commercial / Truck,Urban,Minor,2,1,3,Weather,Low,Moderate,36.5,Rain,Low,0,4,0.95,1.0,UNIQUE,,2,64.0
ACC-IND-005389,OPEN_ACCIDENT_DATASET,5389,2025-01-02,11:00,2025,1,Saturday,Mumbai,Kurla / Ghatkopar,LBS Marg (Kurla - Ghatkopar),19.076847,72.894723,Car / SUV,Urban,Grievous/Major,2,0,2,Overspeeding,High,High,36.5,Fog,Low,0,5,0.95,1.0,UNIQUE,,7,67.1
ACC-IND-005400,OPEN_ACCIDENT_DATASET,5400,2024-10-03,14:00,2024,10,Sunday,Mumbai,Lower Parel,Lower Parel Commercial Hub / Senapati Bapat Marg,18.999902,72.814951,Heavy Commercial / Truck,Urban,Grievous/Major,0,0,0,Poor Road,Low,Moderate,36.5,Rain,Low,1,1,0.95,1.0,UNIQUE,,3,46.0
ACC-IND-005406,OPEN_ACCIDENT_DATASET,5406,2024-12-07,23:00,2024,12,Friday,Mumbai,Thane West,Ghodbunder Road (Thane West),19.215982,72.937009,Car / SUV,Urban,Minor,2,0,2,Overspeeding,Medium,Moderate,36.5,Clear,High,1,2,0.95,1.0,UNIQUE,,-1,41.5
ACC-IND-005407,OPEN_ACCIDENT_DATASET,5407,2023-02-10,12:00,2023,2,Monday,Mumbai,Thane West,Ghodbunder Road (Thane West),19.26277,72.962808,Heavy Commercial / Truck,Rural,Minor,2,1,3,Poor Road,Medium,Moderate,36.5,Fog,Low,1,5,0.95,1.0,UNIQUE,,1,64.0
ACC-IND-005418,OPEN_ACCIDENT_DATASET,5418,2023-10-27,0:00,2023,10,Friday,Mumbai,Powai / Andheri East,Jogeshwari-Vikhroli Link Road (JVLR),19.135046,72.91854,Two-Wheeler / Bike,Highway,Grievous/Major,1,0,1,Overspeeding,Low,Moderate,36.5,Rain,Medium,0,4,0.95,1.0,UNIQUE,,-1,62.5
ACC-IND-005431,OPEN_ACCIDENT_DATASET,5431,2022-11-27,5:00,2022,11,Sunday,Mumbai,Bandra West,Western Express Highway (Bandra - Santacruz),19.066443,72.860716,Heavy Commercial / Truck,Highway,Minor,5,0,5,Drunk Driving,High,High,36.5,Fog,Low,1,5,0.95,1.0,UNIQUE,,-1,56.6
ACC-IND-005432,OPEN_ACCIDENT_DATASET,5432,2023-06-20,18:00,2023,6,Tuesday,Mumbai,Lower Parel,Lower Parel Commercial Hub / Senapati Bapat Marg,18.997267,72.825993,Heavy Commercial / Truck,Urban,Grievous/Major,0,0,0,Overspeeding,High,High,36.5,Rain,Low,1,3,0.95,1.0,UNIQUE,,3,62.6
ACC-IND-005443,OPEN_ACCIDENT_DATASET,5443,2024-10-10,1:00,2024,10,Thursday,Mumbai,South Mumbai,Marine Drive Promenade / Netaji Subhash Road,18.944617,72.824667,Heavy Commercial / Truck,Urban,Minor,0,0,0,Distraction,Low,Moderate,36.5,Clear,High,1,2,0.95,1.0,UNIQUE,,6,41.5
ACC-IND-005451,OPEN_ACCIDENT_DATASET,5451,2024-03-03,18:00,2024,3,Sunday,Mumbai,Navi Mumbai Gateway,Sion Panvel Highway (Mankhurd - Vashi),19.052572,72.939469,Heavy Commercial / Truck,Highway,Fatal,4,1,5,Overspeeding,High,High,36.5,Rain,Low,0,5,0.95,1.0,UNIQUE,,4,86.6
ACC-IND-005461,OPEN_ACCIDENT_DATASET,5461,2022-08-30,12:00,2022,8,Tuesday,Mumbai,Thane West,Ghodbunder Road (Thane West),19.268149,72.863616,Heavy Commercial / Truck,Rural,Minor,0,0,0,Overspeeding,High,High,36.5,Rain,Medium,0,2,0.95,1.0,UNIQUE,,-1,46.1
ACC-IND-005467,OPEN_ACCIDENT_DATASET,5467,2023-01-17,0:00,2023,1,Tuesday,Mumbai,Kurla / Ghatkopar,LBS Marg (Kurla - Ghatkopar),19.083377,72.889035,Heavy Commercial / Truck,Rural,Fatal,3,1,4,Distraction,Medium,Moderate,36.5,Clear,High,0,4,0.95,1.0,UNIQUE,,7,82.0
ACC-IND-005473,OPEN_ACCIDENT_DATASET,5473,2022-09-24,0:00,2022,9,Saturday,Mumbai,Dadar Central,Dadar TT Circle / Dr. Ambedkar Road,19.023259,72.828439,Two-Wheeler / Bike,Rural,Grievous/Major,1,0,1,Weather,Low,Moderate,36.5,Fog,Low,0,3,0.95,1.0,UNIQUE,,3,58.0
ACC-IND-005486,OPEN_ACCIDENT_DATASET,5486,2022-03-09,20:00,2022,3,Saturday,Mumbai,Western Suburbs,Western Express Highway (Kandivali - Goregaon),19.165464,72.858287,Heavy Commercial / Truck,Rural,Minor,0,0,0,Poor Road,Medium,Moderate,36.5,Clear,High,0,5,0.95,1.0,UNIQUE,,11,52.0
ACC-IND-005489,OPEN_ACCIDENT_DATASET,5489,2022-03-12,0:00,2022,3,Saturday,Mumbai,Eastern Suburbs,Eastern Express Highway (Vikhroli - Ghatkopar),19.134897,72.957025,Car / SUV,Highway,Fatal,1,1,2,Overspeeding,Medium,Moderate,36.5,Rain,Low,0,2,0.95,1.0,UNIQUE,,-1,76.0
ACC-IND-005490,OPEN_ACCIDENT_DATASET,5490,2024-03-15,0:00,2024,3,Friday,Mumbai,Navi Mumbai Gateway,Sion Panvel Highway (Mankhurd - Vashi),19.056521,72.929366,Car / SUV,Highway,Grievous/Major,2,0,2,Weather,Low,Moderate,36.5,Fog,Low,1,4,0.95,1.0,UNIQUE,,4,62.5
ACC-IND-005492,OPEN_ACCIDENT_DATASET,5492,2023-05-10,20:00,2023,5,Thursday,Mumbai,Western Suburbs,Western Express Highway (Kandivali - Goregaon),19.27026,72.811365,Heavy Commercial / Truck,Highway,Minor,0,0,0,Distraction,High,High,36.5,Fog,Low,0,2,0.95,1.0,UNIQUE,,-1,50.6
ACC-IND-005499,OPEN_ACCIDENT_DATASET,5499,2024-09-26,22:00,2024,9,Thursday,Mumbai,Dadar Central,Dadar TT Circle / Dr. Ambedkar Road,19.022661,72.871871,Two-Wheeler / Bike,Urban,Fatal,0,1,1,Poor Road,Medium,Moderate,36.5,Fog,Low,1,1,0.95,1.0,UNIQUE,,-1,65.5
ACC-IND-005519,OPEN_ACCIDENT_DATASET,5519,2022-11-27,4:00,2022,11,Sunday,Mumbai,Western Suburbs,Western Express Highway (Kandivali - Goregaon),19.255273,72.802493,Car / SUV,Rural,Minor,2,0,2,Weather,Low,Moderate,36.5,Clear,High,1,5,0.95,1.0,UNIQUE,,-1,52.0
ACC-IND-005522,OPEN_ACCIDENT_DATASET,5522,2024-03-19,0:00,2024,3,Tuesday,Mumbai,Thane West,Ghodbunder Road (Thane West),19.276139,72.922188,Two-Wheeler / Bike,Highway,Grievous/Major,1,0,1,Drunk Driving,Low,Moderate,36.5,Rain,Medium,0,1,0.95,1.0,UNIQUE,,-1,50.5
ACC-IND-005524,OPEN_ACCIDENT_DATASET,5524,2024-06-25,12:00,2024,6,Tuesday,Mumbai,Navi Mumbai Gateway,Sion Panvel Highway (Mankhurd - Vashi),19.005539,72.987032,Heavy Commercial / Truck,Highway,Grievous/Major,3,1,4,Drunk Driving,Low,Moderate,36.5,Fog,Low,0,4,0.95,1.0,UNIQUE,,13,74.5
ACC-IND-005536,OPEN_ACCIDENT_DATASET,5536,2025-04-15,0:00,2025,4,Tuesday,Mumbai,Lower Parel,Lower Parel Commercial Hub / Senapati Bapat Marg,18.993693,72.833224,Heavy Commercial / Truck,Highway,Grievous/Major,0,0,0,Drunk Driving,Low,Moderate,36.5,Rain,Medium,0,3,0.95,1.0,UNIQUE,,3,62.5
ACC-IND-005541,OPEN_ACCIDENT_DATASET,5541,2022-02-25,1:00,2022,2,Friday,Mumbai,Sion-Chembur,Eastern Express Highway (Sion - Chembur),19.04193,72.889798,Heavy Commercial / Truck,Urban,Grievous/Major,0,0,0,Drunk Driving,Low,Moderate,36.5,Rain,Medium,1,1,0.95,1.0,UNIQUE,,5,46.0
ACC-IND-005544,OPEN_ACCIDENT_DATASET,5544,2022-06-10,22:00,2022,6,Thursday,Mumbai,Western Suburbs,Western Express Highway (Kandivali - Goregaon),19.182528,72.808209,Heavy Commercial / Truck,Highway,Fatal,2,1,3,Weather,Low,Moderate,36.5,Fog,Low,0,3,0.95,1.0,UNIQUE,,-1,82.0
ACC-IND-005560,OPEN_ACCIDENT_DATASET,5560,2022-07-09,16:00,2022,7,Wednesday,Mumbai,South Mumbai,Marine Drive Promenade / Netaji Subhash Road,18.854486,72.936938,Heavy Commercial / Truck,Highway,Fatal,3,1,4,Poor Road,Medium,Moderate,36.5,Fog,Low,1,4,0.95,1.0,UNIQUE,,-1,82.0
ACC-IND-005561,OPEN_ACCIDENT_DATASET,5561,2025-01-16,15:00,2025,1,Thursday,Mumbai,Dadar Central,Dadar TT Circle / Dr. Ambedkar Road,19.019654,72.84011,Car / SUV,Urban,Minor,2,0,2,Poor Road,Low,Moderate,36.5,Fog,Low,1,4,0.95,1.0,UNIQUE,,3,52.0
ACC-IND-005568,OPEN_ACCIDENT_DATASET,5568,2024-04-13,15:00,2024,4,Saturday,Mumbai,South Mumbai,Marine Drive Promenade / Netaji Subhash Road,18.88644,72.811513,Two-Wheeler / Bike,Highway,Minor,1,0,1,Overspeeding,Low,Moderate,36.5,Rain,Low,1,2,0.95,1.0,UNIQUE,,-1,46.0
ACC-IND-005570,OPEN_ACCIDENT_DATASET,5570,2023-07-23,19:00,2023,7,Sunday,Mumbai,Western Suburbs,Western Express Highway (Kandivali - Goregaon),19.229972,72.829409,Car / SUV,Urban,Minor,2,0,2,Poor Road,High,High,36.5,Fog,Low,0,5,0.95,1.0,UNIQUE,,-1,56.6
ACC-IND-005576,OPEN_ACCIDENT_DATASET,5576,2025-03-02,6:00,2025,3,Monday,Mumbai,Western Suburbs,Western Express Highway (Kandivali - Goregaon),19.20647,72.848125,Two-Wheeler / Bike,Highway,Minor,1,0,1,Weather,High,High,36.5,Clear,High,0,3,0.95,1.0,UNIQUE,,-1,56.6
ACC-IND-005584,OPEN_ACCIDENT_DATASET,5584,2022-12-06,1:00,2022,12,Sunday,Mumbai,Eastern Suburbs,Eastern Express Highway (Vikhroli - Ghatkopar),19.087865,72.92386,Two-Wheeler / Bike,Urban,Grievous/Major,1,0,1,Overspeeding,Low,Moderate,36.5,Rain,Low,0,5,0.95,1.0,UNIQUE,,-1,62.5
ACC-IND-005589,OPEN_ACCIDENT_DATASET,5589,2024-09-12,10:00,2024,9,Monday,Mumbai,Thane West,Ghodbunder Road (Thane West),19.264083,72.966404,Heavy Commercial / Truck,Urban,Minor,0,0,0,Weather,High,High,36.5,Fog,Low,0,2,0.95,1.0,UNIQUE,,1,46.1
ACC-IND-005593,OPEN_ACCIDENT_DATASET,5593,2025-01-02,5:00,2025,1,Saturday,Mumbai,Navi Mumbai Gateway,Sion Panvel Highway (Mankhurd - Vashi),18.986277,72.964202,Two-Wheeler / Bike,Rural,Minor,1,0,1,Overspeeding,Low,Moderate,36.5,Rain,Medium,1,3,0.95,1.0,UNIQUE,,-1,47.5
ACC-IND-005596,OPEN_ACCIDENT_DATASET,5596,2023-03-27,7:00,2023,3,Monday,Mumbai,Kurla East,Santa Cruz-Chembur Link Road (SCLR),19.072068,72.882709,Heavy Commercial / Truck,Urban,Grievous/Major,0,0,0,Drunk Driving,Low,Moderate,36.5,Clear,High,0,1,0.95,1.0,UNIQUE,,7,46.0
ACC-IND-005597,OPEN_ACCIDENT_DATASET,5597,2022-01-15,14:00,2022,1,Saturday,Mumbai,Kurla East,Santa Cruz-Chembur Link Road (SCLR),19.064882,72.889396,Two-Wheeler / Bike,Highway,Minor,1,0,1,Drunk Driving,High,High,36.5,Rain,Low,1,2,0.95,1.0,UNIQUE,,7,50.6
ACC-IND-005600,OPEN_ACCIDENT_DATASET,5600,2023-12-31,10:00,2023,12,Sunday,Mumbai,Western Suburbs,Western Express Highway (Kandivali - Goregaon),19.266488,72.809251,Heavy Commercial / Truck,Rural,Grievous/Major,2,1,3,Distraction,Medium,Moderate,36.5,Fog,Low,0,3,0.95,1.0,UNIQUE,,-1,70.0
ACC-IND-005605,OPEN_ACCIDENT_DATASET,5605,2024-11-04,14:00,2024,11,Thursday,Mumbai,South Mumbai,Marine Drive Promenade / Netaji Subhash Road,18.882502,72.965514,Car / SUV,Urban,Minor,2,0,2,Distraction,Medium,Moderate,36.5,Fog,Low,0,4,0.95,1.0,UNIQUE,,19,52.0
ACC-IND-005608,OPEN_ACCIDENT_DATASET,5608,2024-06-30,10:00,2024,6,Sunday,Mumbai,Navi Mumbai Gateway,Sion Panvel Highway (Mankhurd - Vashi),19.074577,72.999631,Heavy Commercial / Truck,Highway,Fatal,4,1,5,Distraction,High,High,36.5,Clear,High,0,5,0.95,1.0,UNIQUE,,-1,86.6
ACC-IND-005614,OPEN_ACCIDENT_DATASET,5614,2022-03-24,20:00,2022,3,Thursday,Mumbai,Lower Parel,Lower Parel Commercial Hub / Senapati Bapat Marg,18.996074,72.827895,Heavy Commercial / Truck,Urban,Minor,3,0,3,Overspeeding,Low,Moderate,36.5,Rain,Low,1,4,0.95,1.0,UNIQUE,,3,52.0
ACC-IND-005616,OPEN_ACCIDENT_DATASET,5616,2022-04-11,18:00,2022,4,Friday,Mumbai,Thane West,Ghodbunder Road (Thane West),19.168536,72.974967,Two-Wheeler / Bike,Urban,Minor,1,0,1,Overspeeding,High,High,36.5,Clear,High,0,3,0.95,1.0,UNIQUE,,-1,52.1
ACC-IND-005618,OPEN_ACCIDENT_DATASET,5618,2025-01-13,14:00,2025,1,Monday,Mumbai,South Mumbai,Marine Drive Promenade / Netaji Subhash Road,18.949051,72.838324,Heavy Commercial / Truck,Rural,Grievous/Major,4,1,5,Poor Road,Medium,Moderate,36.5,Fog,Low,0,5,0.95,1.0,UNIQUE,,-1,74.5
ACC-IND-005629,OPEN_ACCIDENT_DATASET,5629,2023-12-18,11:00,2023,12,Monday,Mumbai,Western Suburbs,Western Express Highway (Kandivali - Goregaon),19.15854,72.858227,Heavy Commercial / Truck,Rural,Minor,0,0,0,Distraction,High,High,36.5,Fog,Low,1,4,0.95,1.0,UNIQUE,,11,56.6
ACC-IND-005646,OPEN_ACCIDENT_DATASET,5646,2023-06-17,15:00,2023,6,Saturday,Mumbai,South Mumbai,Marine Drive Promenade / Netaji Subhash Road,18.878893,72.856742,Heavy Commercial / Truck,Rural,Grievous/Major,0,0,0,Weather,Low,Moderate,36.5,Fog,Low,0,1,0.95,1.0,UNIQUE,,-1,46.0
ACC-IND-005671,OPEN_ACCIDENT_DATASET,5671,2022-03-04,0:00,2022,3,Sunday,Mumbai,Thane West,Ghodbunder Road (Thane West),19.272788,72.880763,Two-Wheeler / Bike,Highway,Grievous/Major,1,0,1,Overspeeding,Low,Moderate,36.5,Clear,High,1,3,0.95,1.0,UNIQUE,,-1,62.5
ACC-IND-005688,OPEN_ACCIDENT_DATASET,5688,2025-05-01,3:00,2025,5,Sunday,Mumbai,Kurla / Ghatkopar,LBS Marg (Kurla - Ghatkopar),19.076849,72.892022,Two-Wheeler / Bike,Highway,Minor,1,0,1,Poor Road,Low,Moderate,36.5,Rain,Low,1,1,0.95,1.0,UNIQUE,,7,40.0
ACC-IND-005699,OPEN_ACCIDENT_DATASET,5699,2024-04-07,15:00,2024,4,Thursday,Mumbai,Powai / Andheri East,Jogeshwari-Vikhroli Link Road (JVLR),19.130384,72.886699,Heavy Commercial / Truck,Urban,Minor,0,0,0,Overspeeding,Low,Moderate,36.5,Fog,Low,1,3,0.95,1.0,UNIQUE,,8,47.5
ACC-IND-005711,OPEN_ACCIDENT_DATASET,5711,2024-09-22,19:00,2024,9,Sunday,Mumbai,Navi Mumbai Gateway,Sion Panvel Highway (Mankhurd - Vashi),19.054545,72.93578,Heavy Commercial / Truck,Highway,Fatal,4,1,5,Poor Road,Medium,Moderate,36.5,Rain,Medium,1,5,0.95,1.0,UNIQUE,,4,82.0
ACC-IND-005729,OPEN_ACCIDENT_DATASET,5729,2022-12-06,7:00,2022,12,Sunday,Mumbai,Lower Parel,Lower Parel Commercial Hub / Senapati Bapat Marg,19.025827,72.807405,Heavy Commercial / Truck,Rural,Minor,0,0,0,Overspeeding,High,High,36.5,Rain,Low,1,3,0.95,1.0,UNIQUE,,-1,52.1
ACC-IND-005740,OPEN_ACCIDENT_DATASET,5740,2022-03-31,16:00,2022,3,Thursday,Mumbai,Kurla / Ghatkopar,LBS Marg (Kurla - Ghatkopar),19.076718,72.885235,Heavy Commercial / Truck,Rural,Minor,3,0,3,Poor Road,Low,Moderate,36.5,Fog,Low,0,4,0.95,1.0,UNIQUE,,7,52.0
ACC-IND-005758,OPEN_ACCIDENT_DATASET,5758,2022-04-06,23:00,2022,4,Saturday,Mumbai,Thane West,Ghodbunder Road (Thane West),19.257674,72.965416,Heavy Commercial / Truck,Urban,Minor,0,0,0,Poor Road,Low,Moderate,36.5,Clear,High,1,5,0.95,1.0,UNIQUE,,1,52.0
ACC-IND-005772,OPEN_ACCIDENT_DATASET,5772,2024-11-24,2:00,2024,11,Sunday,Mumbai,Bandra West,Western Express Highway (Bandra - Santacruz),19.051099,72.797674,Heavy Commercial / Truck,Rural,Minor,3,0,3,Distraction,Medium,Moderate,36.5,Clear,High,0,3,0.95,1.0,UNIQUE,,-1,47.5
ACC-IND-005775,OPEN_ACCIDENT_DATASET,5775,2023-01-05,21:00,2023,1,Monday,Mumbai,Sion-Chembur,Eastern Express Highway (Sion - Chembur),19.046483,72.889256,Heavy Commercial / Truck,Urban,Grievous/Major,0,0,0,Overspeeding,Low,Moderate,36.5,Clear,High,0,1,0.95,1.0,UNIQUE,,5,46.0
ACC-IND-005777,OPEN_ACCIDENT_DATASET,5777,2023-02-19,15:00,2023,2,Sunday,Mumbai,Powai / Andheri East,Jogeshwari-Vikhroli Link Road (JVLR),19.12902,72.88172,Heavy Commercial / Truck,Urban,Grievous/Major,3,1,4,Weather,Low,Moderate,36.5,Fog,Low,0,5,0.95,1.0,UNIQUE,,8,74.5
ACC-IND-005782,OPEN_ACCIDENT_DATASET,5782,2023-12-16,23:00,2023,12,Saturday,Mumbai,Navi Mumbai Gateway,Sion Panvel Highway (Mankhurd - Vashi),18.976881,72.970771,Two-Wheeler / Bike,Rural,Grievous/Major,1,0,1,Distraction,High,High,36.5,Rain,Low,0,3,0.95,1.0,UNIQUE,,-1,62.6
ACC-IND-005785,OPEN_ACCIDENT_DATASET,5785,2022-09-06,3:00,2022,9,Thursday,Mumbai,Thane West,Ghodbunder Road (Thane West),19.239735,72.897145,Two-Wheeler / Bike,Urban,Minor,1,0,1,Overspeeding,Low,Moderate,36.5,Fog,Low,0,1,0.95,1.0,UNIQUE,,-1,35.5
ACC-IND-005789,OPEN_ACCIDENT_DATASET,5789,2022-12-17,11:00,2022,12,Saturday,Mumbai,Kurla / Ghatkopar,LBS Marg (Kurla - Ghatkopar),19.080995,72.887611,Car / SUV,Highway,Minor,2,0,2,Overspeeding,Medium,Moderate,36.5,Rain,Low,0,3,0.95,1.0,UNIQUE,,7,52.0
ACC-IND-005798,OPEN_ACCIDENT_DATASET,5798,2022-06-04,14:00,2022,6,Wednesday,Mumbai,Kurla / Ghatkopar,LBS Marg (Kurla - Ghatkopar),19.082317,72.884263,Heavy Commercial / Truck,Highway,Minor,0,0,0,Weather,Low,Moderate,36.5,Fog,Low,1,1,0.95,1.0,UNIQUE,,7,40.0
ACC-IND-005800,OPEN_ACCIDENT_DATASET,5800,2022-09-23,0:00,2022,9,Friday,Mumbai,Lower Parel,Lower Parel Commercial Hub / Senapati Bapat Marg,18.965193,72.890517,Heavy Commercial / Truck,Rural,Minor,3,0,3,Poor Road,Low,Moderate,36.5,Rain,Medium,1,3,0.95,1.0,UNIQUE,,-1,47.5
ACC-IND-005824,OPEN_ACCIDENT_DATASET,5824,2024-04-15,10:00,2024,4,Monday,Mumbai,Western Suburbs,Western Express Highway (Kandivali - Goregaon),19.16494,72.855265,Two-Wheeler / Bike,Urban,Grievous/Major,1,0,1,Drunk Driving,High,High,36.5,Rain,Low,1,1,0.95,1.0,UNIQUE,,11,50.6
ACC-IND-005825,OPEN_ACCIDENT_DATASET,5825,2023-02-04,1:00,2023,2,Sunday,Mumbai,Lower Parel,Lower Parel Commercial Hub / Senapati Bapat Marg,19.007771,72.830982,Heavy Commercial / Truck,Highway,Grievous/Major,3,0,3,Overspeeding,Low,Moderate,36.5,Clear,High,1,3,0.95,1.0,UNIQUE,,3,62.5
ACC-IND-005833,OPEN_ACCIDENT_DATASET,5833,2024-08-14,14:00,2024,8,Wednesday,Mumbai,Navi Mumbai Gateway,Sion Panvel Highway (Mankhurd - Vashi),19.039152,72.987117,Two-Wheeler / Bike,Highway,Minor,1,0,1,Distraction,High,High,36.5,Fog,Low,0,2,0.95,1.0,UNIQUE,,-1,50.6
ACC-IND-005839,OPEN_ACCIDENT_DATASET,5839,2025-06-02,13:00,2025,6,Thursday,Mumbai,Western Suburbs,Western Express Highway (Kandivali - Goregaon),19.2091,72.868166,Two-Wheeler / Bike,Urban,Minor,1,0,1,Poor Road,High,High,36.5,Clear,High,1,1,0.95,1.0,UNIQUE,,-1,40.1
ACC-IND-005845,OPEN_ACCIDENT_DATASET,5845,2022-03-23,9:00,2022,3,Wednesday,Mumbai,Western Suburbs,Western Express Highway (Kandivali - Goregaon),19.235277,72.859929,Two-Wheeler / Bike,Highway,Grievous/Major,1,0,1,Weather,High,High,36.5,Fog,Low,0,2,0.95,1.0,UNIQUE,,-1,61.1
ACC-IND-005850,OPEN_ACCIDENT_DATASET,5850,2022-10-31,4:00,2022,10,Monday,Mumbai,Western Suburbs,Western Express Highway (Kandivali - Goregaon),19.168144,72.851253,Car / SUV,Highway,Grievous/Major,2,0,2,Distraction,Medium,Moderate,36.5,Rain,Low,1,3,0.95,1.0,UNIQUE,,11,62.5
ACC-IND-005855,OPEN_ACCIDENT_DATASET,5855,2022-02-06,22:00,2022,2,Thursday,Mumbai,Bandra West,Western Express Highway (Bandra - Santacruz),19.056253,72.80185,Heavy Commercial / Truck,Urban,Minor,0,0,0,Drunk Driving,Low,Moderate,36.5,Clear,High,1,1,0.95,1.0,UNIQUE,,-1,35.5
ACC-IND-005858,OPEN_ACCIDENT_DATASET,5858,2022-03-23,22:00,2022,3,Wednesday,Mumbai,Andheri West,Swami Vivekanand (SV) Road (Andheri West),19.111701,72.838848,Heavy Commercial / Truck,Highway,Grievous/Major,0,0,0,Poor Road,Low,Moderate,36.5,Rain,Medium,1,2,0.95,1.0,UNIQUE,,10,56.5
ACC-IND-005861,OPEN_ACCIDENT_DATASET,5861,2023-04-26,4:00,2023,4,Wednesday,Mumbai,Lower Parel,Lower Parel Commercial Hub / Senapati Bapat Marg,18.991454,72.829599,Heavy Commercial / Truck,Urban,Grievous/Major,3,0,3,Distraction,Low,Moderate,36.5,Rain,Medium,0,4,0.95,1.0,UNIQUE,,3,62.5
ACC-IND-005862,OPEN_ACCIDENT_DATASET,5862,2023-11-13,18:00,2023,11,Monday,Mumbai,South Mumbai,Marine Drive Promenade / Netaji Subhash Road,18.86578,72.980897,Heavy Commercial / Truck,Highway,Grievous/Major,0,0,0,Distraction,High,High,36.5,Fog,Low,0,2,0.95,1.0,UNIQUE,,-1,61.1
ACC-IND-005870,OPEN_ACCIDENT_DATASET,5870,2024-06-14,23:00,2024,6,Friday,Mumbai,Navi Mumbai Gateway,Sion Panvel Highway (Mankhurd - Vashi),19.043116,72.947416,Heavy Commercial / Truck,Rural,Grievous/Major,0,0,0,Drunk Driving,High,High,36.5,Rain,Medium,1,1,0.95,1.0,UNIQUE,,4,50.6
ACC-IND-005891,OPEN_ACCIDENT_DATASET,5891,2022-04-09,3:00,2022,4,Sunday,Mumbai,South Mumbai,Marine Drive Promenade / Netaji Subhash Road,18.882768,72.937604,Heavy Commercial / Truck,Highway,Minor,2,1,3,Poor Road,Low,Moderate,36.5,Rain,Medium,1,4,0.95,1.0,UNIQUE,,-1,64.0
ACC-IND-005899,OPEN_ACCIDENT_DATASET,5899,2024-08-27,12:00,2024,8,Tuesday,Mumbai,Navi Mumbai Gateway,Sion Panvel Highway (Mankhurd - Vashi),19.029372,72.998911,Two-Wheeler / Bike,Urban,Minor,1,0,1,Overspeeding,Medium,Moderate,36.5,Rain,Medium,1,4,0.95,1.0,UNIQUE,,-1,52.0
ACC-IND-005918,OPEN_ACCIDENT_DATASET,5918,2023-12-24,15:00,2023,12,Sunday,Mumbai,Powai / Andheri East,Jogeshwari-Vikhroli Link Road (JVLR),19.117932,72.895178,Heavy Commercial / Truck,Rural,Minor,3,0,3,Distraction,Low,Moderate,36.5,Fog,Low,1,5,0.95,1.0,UNIQUE,,-1,52.0
ACC-IND-005941,OPEN_ACCIDENT_DATASET,5941,2024-02-01,21:00,2024,2,Tuesday,Mumbai,Thane West,Ghodbunder Road (Thane West),19.267833,72.996277,Two-Wheeler / Bike,Rural,Grievous/Major,1,0,1,Weather,High,High,36.5,Rain,Low,0,1,0.95,1.0,UNIQUE,,-1,50.6
ACC-IND-005972,OPEN_ACCIDENT_DATASET,5972,2025-01-02,18:00,2025,1,Saturday,Mumbai,Powai / Andheri East,Jogeshwari-Vikhroli Link Road (JVLR),19.128607,72.888899,Car / SUV,Rural,Fatal,1,1,2,Overspeeding,Medium,Moderate,36.5,Rain,Low,1,2,0.95,1.0,UNIQUE,,8,71.5
ACC-IND-005976,OPEN_ACCIDENT_DATASET,5976,2023-05-30,7:00,2023,5,Tuesday,Mumbai,South Mumbai,Marine Drive Promenade / Netaji Subhash Road,18.944501,72.822196,Two-Wheeler / Bike,Urban,Minor,1,0,1,Drunk Driving,Low,Moderate,36.5,Rain,Medium,1,1,0.95,1.0,UNIQUE,,6,35.5
ACC-IND-005988,OPEN_ACCIDENT_DATASET,5988,2022-09-15,3:00,2022,9,Thursday,Mumbai,Andheri West,Swami Vivekanand (SV) Road (Andheri West),19.118964,72.838977,Two-Wheeler / Bike,Urban,Minor,1,0,1,Poor Road,High,High,36.5,Rain,Low,0,2,0.95,1.0,UNIQUE,,10,46.1
ACC-IND-006006,OPEN_ACCIDENT_DATASET,6006,2023-11-19,1:00,2023,11,Sunday,Mumbai,Western Suburbs,Western Express Highway (Kandivali - Goregaon),19.259958,72.820074,Car / SUV,Rural,Minor,2,0,2,Poor Road,Low,Moderate,36.5,Fog,Low,0,4,0.95,1.0,UNIQUE,,-1,52.0
ACC-IND-006010,OPEN_ACCIDENT_DATASET,6010,2022-05-22,7:00,2022,5,Sunday,Mumbai,Navi Mumbai Gateway,Sion Panvel Highway (Mankhurd - Vashi),19.05304,72.932866,Car / SUV,Rural,Minor,2,0,2,Overspeeding,Low,Moderate,36.5,Fog,Low,1,2,0.95,1.0,UNIQUE,,4,41.5
ACC-IND-006017,OPEN_ACCIDENT_DATASET,6017,2024-01-14,11:00,2024,1,Sunday,Mumbai,Sion-Chembur,Eastern Express Highway (Sion - Chembur),19.027722,72.901359,Heavy Commercial / Truck,Rural,Minor,0,0,0,Overspeeding,Low,Moderate,36.5,Clear,High,0,3,0.95,1.0,UNIQUE,,-1,47.5
ACC-IND-006038,OPEN_ACCIDENT_DATASET,6038,2024-07-24,5:00,2024,7,Wednesday,Mumbai,Powai / Andheri East,Jogeshwari-Vikhroli Link Road (JVLR),19.129069,72.901768,Car / SUV,Highway,Grievous/Major,2,0,2,Distraction,High,High,36.5,Rain,Medium,0,4,0.95,1.0,UNIQUE,,-1,67.1
ACC-IND-006047,OPEN_ACCIDENT_DATASET,6047,2022-08-29,0:00,2022,8,Monday,Mumbai,Eastern Suburbs,Eastern Express Highway (Vikhroli - Ghatkopar),19.094557,72.914021,Car / SUV,Highway,Fatal,1,1,2,Weather,Medium,Moderate,36.5,Rain,Medium,0,2,0.95,1.0,UNIQUE,,2,76.0
ACC-IND-006062,OPEN_ACCIDENT_DATASET,6062,2025-09-04,23:00,2025,9,Wednesday,Mumbai,Western Suburbs,Western Express Highway (Kandivali - Goregaon),19.148645,72.861767,Heavy Commercial / Truck,Urban,Fatal,2,1,3,Overspeeding,Low,Moderate,36.5,Fog,Low,1,3,0.95,1.0,UNIQUE,,-1,77.5
ACC-IND-006070,OPEN_ACCIDENT_DATASET,6070,2024-04-18,3:00,2024,4,Thursday,Mumbai,Thane West,Ghodbunder Road (Thane West),19.243177,72.890345,Heavy Commercial / Truck,Highway,Minor,0,0,0,Overspeeding,Low,Moderate,36.5,Clear,High,0,1,0.95,1.0,UNIQUE,,-1,40.0
ACC-IND-006072,OPEN_ACCIDENT_DATASET,6072,2022-11-12,10:00,2022,11,Sunday,Mumbai,South Mumbai,Marine Drive Promenade / Netaji Subhash Road,18.921199,72.913291,Heavy Commercial / Truck,Rural,Fatal,2,1,3,Distraction,Medium,Moderate,36.5,Clear,High,0,3,0.95,1.0,UNIQUE,,-1,77.5
ACC-IND-006091,OPEN_ACCIDENT_DATASET,6091,2025-02-21,7:00,2025,2,Friday,Mumbai,Kurla / Ghatkopar,LBS Marg (Kurla - Ghatkopar),19.079697,72.886153,Heavy Commercial / Truck,Urban,Fatal,3,1,4,Poor Road,Medium,Moderate,36.5,Fog,Low,1,4,0.95,1.0,UNIQUE,,7,82.0
ACC-IND-006096,OPEN_ACCIDENT_DATASET,6096,2023-08-21,4:00,2023,8,Monday,Mumbai,Thane West,Ghodbunder Road (Thane West),19.262915,72.989311,Heavy Commercial / Truck,Highway,Minor,0,0,0,Overspeeding,Low,Moderate,36.5,Clear,High,0,1,0.95,1.0,UNIQUE,,-1,40.0
ACC-IND-006112,OPEN_ACCIDENT_DATASET,6112,2023-08-27,1:00,2023,8,Sunday,Mumbai,Eastern Suburbs,Eastern Express Highway (Vikhroli - Ghatkopar),19.095181,72.916652,Heavy Commercial / Truck,Rural,Grievous/Major,3,0,3,Drunk Driving,Low,Moderate,36.5,Fog,Low,0,4,0.95,1.0,UNIQUE,,2,62.5
ACC-IND-006122,OPEN_ACCIDENT_DATASET,6122,2023-04-02,1:00,2023,4,Saturday,Mumbai,South Mumbai,Marine Drive Promenade / Netaji Subhash Road,18.892825,72.839405,Two-Wheeler / Bike,Highway,Fatal,0,1,1,Overspeeding,High,High,36.5,Fog,Low,1,1,0.95,1.0,UNIQUE,,-1,74.6
ACC-IND-006123,OPEN_ACCIDENT_DATASET,6123,2023-04-30,18:00,2023,4,Sunday,Mumbai,Western Suburbs,Western Express Highway (Kandivali - Goregaon),19.163725,72.85597,Heavy Commercial / Truck,Highway,Minor,0,0,0,Distraction,High,High,36.5,Clear,High,1,2,0.95,1.0,UNIQUE,,11,50.6
ACC-IND-006143,OPEN_ACCIDENT_DATASET,6143,2022-09-20,2:00,2022,9,Tuesday,Mumbai,Thane West,Ghodbunder Road (Thane West),19.29995,72.860371,Heavy Commercial / Truck,Rural,Grievous/Major,0,0,0,Distraction,Low,Moderate,36.5,Clear,High,1,1,0.95,1.0,UNIQUE,,-1,46.0
ACC-IND-006145,OPEN_ACCIDENT_DATASET,6145,2023-03-30,13:00,2023,3,Thursday,Mumbai,Bandra West,Western Express Highway (Bandra - Santacruz),19.079605,72.823261,Heavy Commercial / Truck,Rural,Minor,4,0,4,Distraction,Medium,Moderate,36.5,Rain,Low,0,5,0.95,1.0,UNIQUE,,-1,52.0
ACC-IND-006151,OPEN_ACCIDENT_DATASET,6151,2023-03-03,8:00,2023,3,Friday,Mumbai,Thane West,Ghodbunder Road (Thane West),19.176424,72.978792,Car / SUV,Highway,Fatal,1,1,2,Distraction,High,High,36.5,Rain,Medium,0,2,0.95,1.0,UNIQUE,,-1,80.6
ACC-IND-006158,OPEN_ACCIDENT_DATASET,6158,2024-07-30,9:00,2024,7,Tuesday,Mumbai,South Mumbai,Marine Drive Promenade / Netaji Subhash Road,18.941143,72.825562,Two-Wheeler / Bike,Urban,Grievous/Major,1,0,1,Distraction,Low,Moderate,36.5,Fog,Low,1,2,0.95,1.0,UNIQUE,,6,52.0
ACC-IND-006163,OPEN_ACCIDENT_DATASET,6163,2022-04-29,5:00,2022,4,Friday,Mumbai,Bandra West,Western Express Highway (Bandra - Santacruz),19.071669,72.841013,Heavy Commercial / Truck,Rural,Minor,2,1,3,Weather,High,High,36.5,Rain,Low,0,4,0.95,1.0,UNIQUE,,0,68.6
ACC-IND-006166,OPEN_ACCIDENT_DATASET,6166,2022-09-26,5:00,2022,9,Monday,Mumbai,Navi Mumbai Gateway,Sion Panvel Highway (Mankhurd - Vashi),19.058749,72.937569,Car / SUV,Urban,Minor,2,0,2,Drunk Driving,Low,Moderate,36.5,Fog,Low,0,2,0.95,1.0,UNIQUE,,4,41.5
ACC-IND-006171,OPEN_ACCIDENT_DATASET,6171,2024-08-19,16:00,2024,8,Monday,Mumbai,Dadar Central,Dadar TT Circle / Dr. Ambedkar Road,19.02692,72.849047,Heavy Commercial / Truck,Highway,Grievous/Major,3,0,3,Drunk Driving,High,High,36.5,Clear,High,0,4,0.95,1.0,UNIQUE,,3,67.1
ACC-IND-006173,OPEN_ACCIDENT_DATASET,6173,2024-08-19,9:00,2024,8,Monday,Mumbai,Lower Parel,Lower Parel Commercial Hub / Senapati Bapat Marg,18.990155,72.829998,Two-Wheeler / Bike,Urban,Grievous/Major,1,0,1,Weather,High,High,36.5,Rain,Medium,0,1,0.95,1.0,UNIQUE,,3,50.6
ACC-IND-006186,OPEN_ACCIDENT_DATASET,6186,2022-02-21,16:00,2022,2,Monday,Mumbai,Western Suburbs,Western Express Highway (Kandivali - Goregaon),19.289223,72.805564,Heavy Commercial / Truck,Highway,Grievous/Major,4,0,4,Drunk Driving,Medium,Moderate,36.5,Fog,Low,0,4,0.95,1.0,UNIQUE,,-1,62.5
ACC-IND-006190,OPEN_ACCIDENT_DATASET,6190,2024-12-12,16:00,2024,12,Thursday,Mumbai,Western Suburbs,Western Express Highway (Kandivali - Goregaon),19.231711,72.873606,Two-Wheeler / Bike,Urban,Minor,1,0,1,Poor Road,Medium,Moderate,36.5,Fog,Low,1,5,0.95,1.0,UNIQUE,,-1,52.0
ACC-IND-006194,OPEN_ACCIDENT_DATASET,6194,2024-05-24,2:00,2024,5,Friday,Mumbai,Kurla East,Santa Cruz-Chembur Link Road (SCLR),19.074305,72.884149,Heavy Commercial / Truck,Rural,Minor,3,0,3,Overspeeding,Low,Moderate,36.5,Rain,Medium,1,3,0.95,1.0,UNIQUE,,7,47.5
ACC-IND-006198,OPEN_ACCIDENT_DATASET,6198,2022-04-09,11:00,2022,4,Sunday,Mumbai,Andheri West,Swami Vivekanand (SV) Road (Andheri West),19.101709,72.790945,Two-Wheeler / Bike,Urban,Fatal,0,1,1,Weather,Medium,Moderate,36.5,Fog,Low,0,1,0.95,1.0,UNIQUE,,-1,65.5
ACC-IND-006203,OPEN_ACCIDENT_DATASET,6203,2023-04-11,23:00,2023,4,Saturday,Mumbai,Eastern Suburbs,Eastern Express Highway (Vikhroli - Ghatkopar),19.116176,72.930068,Car / SUV,Highway,Minor,2,0,2,Weather,Medium,Moderate,36.5,Rain,Low,1,3,0.95,1.0,UNIQUE,,-1,52.0
ACC-IND-006206,OPEN_ACCIDENT_DATASET,6206,2022-09-02,8:00,2022,9,Wednesday,Mumbai,Navi Mumbai Gateway,Sion Panvel Highway (Mankhurd - Vashi),18.998356,72.962481,Heavy Commercial / Truck,Rural,Grievous/Major,0,0,0,Distraction,High,High,36.5,Clear,High,1,3,0.95,1.0,UNIQUE,,-1,62.6
ACC-IND-006209,OPEN_ACCIDENT_DATASET,6209,2022-11-27,22:00,2022,11,Sunday,Mumbai,Navi Mumbai Gateway,Sion Panvel Highway (Mankhurd - Vashi),18.949949,72.93829,Heavy Commercial / Truck,Rural,Minor,2,1,3,Drunk Driving,High,High,36.5,Rain,Medium,0,3,0.95,1.0,UNIQUE,,-1,64.1
ACC-IND-006218,OPEN_ACCIDENT_DATASET,6218,2022-01-26,2:00,2022,1,Wednesday,Mumbai,Navi Mumbai Gateway,Sion Panvel Highway (Mankhurd - Vashi),19.052675,72.934736,Heavy Commercial / Truck,Rural,Grievous/Major,0,0,0,Drunk Driving,Low,Moderate,36.5,Rain,Low,1,3,0.95,1.0,UNIQUE,,4,58.0
ACC-IND-006221,OPEN_ACCIDENT_DATASET,6221,2022-12-12,20:00,2022,12,Monday,Mumbai,Western Suburbs,Western Express Highway (Kandivali - Goregaon),19.15519,72.817505,Heavy Commercial / Truck,Highway,Fatal,4,1,5,Poor Road,Low,Moderate,36.5,Clear,High,0,5,0.95,1.0,UNIQUE,,-1,82.0
ACC-IND-006222,OPEN_ACCIDENT_DATASET,6222,2024-09-10,2:00,2024,9,Wednesday,Mumbai,Thane West,Ghodbunder Road (Thane West),19.229859,72.948098,Heavy Commercial / Truck,Urban,Grievous/Major,0,0,0,Weather,Low,Moderate,36.5,Fog,Low,0,3,0.95,1.0,UNIQUE,,-1,58.0
ACC-IND-006223,OPEN_ACCIDENT_DATASET,6223,2024-11-29,19:00,2024,11,Friday,Mumbai,South Mumbai,Marine Drive Promenade / Netaji Subhash Road,18.940807,72.827559,Car / SUV,Highway,Minor,2,0,2,Weather,Medium,Moderate,36.5,Fog,Low,0,2,0.95,1.0,UNIQUE,,6,46.0
ACC-IND-006230,OPEN_ACCIDENT_DATASET,6230,2024-06-10,7:00,2024,6,Sunday,Mumbai,Navi Mumbai Gateway,Sion Panvel Highway (Mankhurd - Vashi),18.926901,72.971101,Heavy Commercial / Truck,Highway,Minor,0,0,0,Poor Road,Low,Moderate,36.5,Fog,Low,0,1,0.95,1.0,UNIQUE,,-1,40.0
ACC-IND-006238,OPEN_ACCIDENT_DATASET,6238,2022-12-19,7:00,2022,12,Monday,Mumbai,Dadar Central,Dadar TT Circle / Dr. Ambedkar Road,19.040085,72.852681,Heavy Commercial / Truck,Rural,Minor,3,1,4,Distraction,Medium,Moderate,36.5,Rain,Medium,0,4,0.95,1.0,UNIQUE,,-1,64.0
ACC-IND-006263,OPEN_ACCIDENT_DATASET,6263,2024-03-22,21:00,2024,3,Friday,Mumbai,Navi Mumbai Gateway,Sion Panvel Highway (Mankhurd - Vashi),18.98989,72.957304,Two-Wheeler / Bike,Rural,Grievous/Major,1,0,1,Drunk Driving,Low,Moderate,36.5,Fog,Low,0,1,0.95,1.0,UNIQUE,,-1,46.0
ACC-IND-006277,OPEN_ACCIDENT_DATASET,6277,2024-02-09,11:00,2024,2,Monday,Mumbai,Lower Parel,Lower Parel Commercial Hub / Senapati Bapat Marg,18.996117,72.832583,Heavy Commercial / Truck,Urban,Minor,2,1,3,Poor Road,High,High,36.5,Clear,High,0,3,0.95,1.0,UNIQUE,,3,64.1
ACC-IND-006286,OPEN_ACCIDENT_DATASET,6286,2025-04-13,23:00,2025,4,Sunday,Mumbai,Kurla / Ghatkopar,LBS Marg (Kurla - Ghatkopar),19.078088,72.890659,Car / SUV,Highway,Minor,2,0,2,Overspeeding,High,High,36.5,Clear,High,1,2,0.95,1.0,UNIQUE,,7,50.6
ACC-IND-006289,OPEN_ACCIDENT_DATASET,6289,2023-10-25,21:00,2023,10,Wednesday,Mumbai,Navi Mumbai Gateway,Sion Panvel Highway (Mankhurd - Vashi),19.010851,72.986362,Car / SUV,Highway,Minor,2,0,2,Distraction,High,High,36.5,Clear,High,0,3,0.95,1.0,UNIQUE,,13,56.6
ACC-IND-006290,OPEN_ACCIDENT_DATASET,6290,2025-02-01,10:00,2025,2,Thursday,Mumbai,Lower Parel,Lower Parel Commercial Hub / Senapati Bapat Marg,18.975786,72.864812,Heavy Commercial / Truck,Urban,Minor,3,0,3,Distraction,High,High,36.5,Clear,High,0,5,0.95,1.0,UNIQUE,,-1,56.6
ACC-IND-006291,OPEN_ACCIDENT_DATASET,6291,2023-08-19,23:00,2023,8,Saturday,Mumbai,Andheri West,Swami Vivekanand (SV) Road (Andheri West),19.156642,72.791473,Two-Wheeler / Bike,Highway,Grievous/Major,1,0,1,Overspeeding,High,High,36.5,Clear,High,1,2,0.95,1.0,UNIQUE,,-1,61.1
ACC-IND-006298,OPEN_ACCIDENT_DATASET,6298,2024-12-25,14:00,2024,12,Wednesday,Mumbai,Kurla East,Santa Cruz-Chembur Link Road (SCLR),19.075002,72.876724,Heavy Commercial / Truck,Urban,Minor,3,0,3,Weather,Low,Moderate,36.5,Clear,High,1,3,0.95,1.0,UNIQUE,,7,47.5
ACC-IND-006308,OPEN_ACCIDENT_DATASET,6308,2023-10-14,5:00,2023,10,Saturday,Mumbai,Western Suburbs,Western Express Highway (Kandivali - Goregaon),19.276265,72.790859,Heavy Commercial / Truck,Urban,Minor,0,0,0,Overspeeding,Low,Moderate,36.5,Fog,Low,1,1,0.95,1.0,UNIQUE,,-1,35.5
ACC-IND-006309,OPEN_ACCIDENT_DATASET,6309,2024-05-13,7:00,2024,5,Monday,Mumbai,Thane West,Ghodbunder Road (Thane West),19.287295,72.928731,Car / SUV,Highway,Fatal,1,1,2,Weather,Medium,Moderate,36.5,Rain,Low,1,2,0.95,1.0,UNIQUE,,-1,76.0
ACC-IND-006324,OPEN_ACCIDENT_DATASET,6324,2023-03-19,0:00,2023,3,Sunday,Mumbai,Thane West,Ghodbunder Road (Thane West),19.215139,72.931992,Car / SUV,Urban,Minor,2,0,2,Overspeeding,High,High,36.5,Clear,High,1,3,0.95,1.0,UNIQUE,,-1,52.1
ACC-IND-006325,OPEN_ACCIDENT_DATASET,6325,2023-08-30,5:00,2023,8,Wednesday,Mumbai,Kurla / Ghatkopar,LBS Marg (Kurla - Ghatkopar),19.075488,72.893,Heavy Commercial / Truck,Urban,Grievous/Major,0,0,0,Poor Road,High,High,36.5,Clear,High,1,2,0.95,1.0,UNIQUE,,7,56.6
ACC-IND-006330,OPEN_ACCIDENT_DATASET,6330,2023-10-29,9:00,2023,10,Sunday,Mumbai,South Mumbai,Marine Drive Promenade / Netaji Subhash Road,18.966537,72.821589,Two-Wheeler / Bike,Urban,Grievous/Major,1,0,1,Distraction,Low,Moderate,36.5,Rain,Low,0,3,0.95,1.0,UNIQUE,,-1,58.0
ACC-IND-006334,OPEN_ACCIDENT_DATASET,6334,2022-03-05,20:00,2022,3,Tuesday,Mumbai,Bandra West,Western Express Highway (Bandra - Santacruz),19.050465,72.793132,Two-Wheeler / Bike,Rural,Fatal,0,1,1,Poor Road,Medium,Moderate,36.5,Fog,Low,0,1,0.95,1.0,UNIQUE,,-1,65.5
ACC-IND-006339,OPEN_ACCIDENT_DATASET,6339,2025-08-03,1:00,2025,8,Saturday,Mumbai,Eastern Suburbs,Eastern Express Highway (Vikhroli - Ghatkopar),19.111633,72.984187,Two-Wheeler / Bike,Rural,Grievous/Major,1,0,1,Poor Road,Low,Moderate,36.5,Fog,Low,0,5,0.95,1.0,UNIQUE,,-1,62.5
ACC-IND-006343,OPEN_ACCIDENT_DATASET,6343,2024-07-05,18:00,2024,7,Tuesday,Mumbai,Thane West,Ghodbunder Road (Thane West),19.261642,72.966465,Heavy Commercial / Truck,Highway,Minor,3,1,4,Poor Road,High,High,36.5,Clear,High,0,4,0.95,1.0,UNIQUE,,1,68.6
ACC-IND-006346,OPEN_ACCIDENT_DATASET,6346,2024-04-15,3:00,2024,4,Monday,Mumbai,Western Suburbs,Western Express Highway (Kandivali - Goregaon),19.260044,72.787351,Two-Wheeler / Bike,Urban,Grievous/Major,1,0,1,Weather,High,High,36.5,Rain,Medium,0,4,0.95,1.0,UNIQUE,,-1,67.1
ACC-IND-006360,OPEN_ACCIDENT_DATASET,6360,2023-10-08,15:00,2023,10,Thursday,Mumbai,Sion-Chembur,Eastern Express Highway (Sion - Chembur),19.042528,72.887989,Two-Wheeler / Bike,Highway,Minor,1,0,1,Overspeeding,Low,Moderate,36.5,Clear,High,0,1,0.95,1.0,UNIQUE,,5,40.0
ACC-IND-006362,OPEN_ACCIDENT_DATASET,6362,2022-05-04,4:00,2022,5,Tuesday,Mumbai,Bandra West,Western Express Highway (Bandra - Santacruz),19.077582,72.840159,Heavy Commercial / Truck,Urban,Grievous/Major,3,0,3,Poor Road,Low,Moderate,36.5,Clear,High,1,3,0.95,1.0,UNIQUE,,0,58.0
ACC-IND-006367,OPEN_ACCIDENT_DATASET,6367,2024-07-27,6:00,2024,7,Saturday,Mumbai,Eastern Suburbs,Eastern Express Highway (Vikhroli - Ghatkopar),19.111951,72.902061,Two-Wheeler / Bike,Rural,Fatal,0,1,1,Drunk Driving,Medium,Moderate,36.5,Rain,Low,0,1,0.95,1.0,UNIQUE,,-1,65.5
ACC-IND-006370,OPEN_ACCIDENT_DATASET,6370,2023-11-11,15:00,2023,11,Saturday,Mumbai,Western Suburbs,Western Express Highway (Kandivali - Goregaon),19.161516,72.85367,Car / SUV,Highway,Grievous/Major,2,0,2,Distraction,High,High,36.5,Fog,Low,0,2,0.95,1.0,UNIQUE,,11,61.1
ACC-IND-006371,OPEN_ACCIDENT_DATASET,6371,2024-05-11,8:00,2024,5,Tuesday,Mumbai,Bandra West,Western Express Highway (Bandra - Santacruz),19.066217,72.840068,Heavy Commercial / Truck,Urban,Grievous/Major,0,0,0,Overspeeding,Medium,Moderate,36.5,Fog,Low,0,5,0.95,1.0,UNIQUE,,0,62.5
ACC-IND-006378,OPEN_ACCIDENT_DATASET,6378,2022-08-07,2:00,2022,8,Friday,Mumbai,South Mumbai,Marine Drive Promenade / Netaji Subhash Road,18.935491,72.934581,Heavy Commercial / Truck,Highway,Fatal,3,1,4,Poor Road,Low,Moderate,36.5,Clear,High,1,4,0.95,1.0,UNIQUE,,-1,82.0
ACC-IND-006380,OPEN_ACCIDENT_DATASET,6380,2025-10-02,0:00,2025,10,Monday,Mumbai,Thane West,Ghodbunder Road (Thane West),19.29145,72.874812,Heavy Commercial / Truck,Urban,Minor,4,0,4,Overspeeding,Medium,Moderate,36.5,Clear,High,1,5,0.95,1.0,UNIQUE,,-1,52.0
ACC-IND-006391,OPEN_ACCIDENT_DATASET,6391,2022-03-08,10:00,2022,3,Wednesday,Mumbai,Eastern Suburbs,Eastern Express Highway (Vikhroli - Ghatkopar),19.154687,72.971794,Heavy Commercial / Truck,Highway,Minor,2,1,3,Poor Road,High,High,36.5,Clear,High,0,4,0.95,1.0,UNIQUE,,-1,68.6
ACC-IND-006392,OPEN_ACCIDENT_DATASET,6392,2022-04-30,13:00,2022,4,Saturday,Mumbai,South Mumbai,Marine Drive Promenade / Netaji Subhash Road,18.941368,72.820364,Two-Wheeler / Bike,Rural,Grievous/Major,1,0,1,Drunk Driving,Low,Moderate,36.5,Clear,High,1,2,0.95,1.0,UNIQUE,,6,52.0
ACC-IND-006396,OPEN_ACCIDENT_DATASET,6396,2024-11-30,4:00,2024,11,Saturday,Mumbai,Western Suburbs,Western Express Highway (Kandivali - Goregaon),19.168318,72.857714,Heavy Commercial / Truck,Rural,Grievous/Major,0,0,0,Poor Road,Low,Moderate,36.5,Rain,Low,0,1,0.95,1.0,UNIQUE,,11,46.0
ACC-IND-006399,OPEN_ACCIDENT_DATASET,6399,2024-02-27,18:00,2024,2,Tuesday,Mumbai,South Mumbai,Marine Drive Promenade / Netaji Subhash Road,18.866155,72.92848,Heavy Commercial / Truck,Highway,Minor,0,0,0,Overspeeding,High,High,36.5,Fog,Low,0,2,0.95,1.0,UNIQUE,,-1,50.6
ACC-IND-006407,OPEN_ACCIDENT_DATASET,6407,2023-06-07,5:00,2023,6,Thursday,Mumbai,South Mumbai,Marine Drive Promenade / Netaji Subhash Road,18.944707,72.820955,Two-Wheeler / Bike,Urban,Minor,1,0,1,Distraction,Medium,Moderate,36.5,Fog,Low,1,2,0.95,1.0,UNIQUE,,6,41.5
ACC-IND-006415,OPEN_ACCIDENT_DATASET,6415,2022-05-28,18:00,2022,5,Saturday,Mumbai,Western Suburbs,Western Express Highway (Kandivali - Goregaon),19.193446,72.864381,Heavy Commercial / Truck,Highway,Minor,0,0,0,Weather,Low,Moderate,36.5,Rain,Low,1,3,0.95,1.0,UNIQUE,,-1,52.0
ACC-IND-006425,OPEN_ACCIDENT_DATASET,6425,2022-05-01,16:00,2022,5,Wednesday,Mumbai,Thane West,Ghodbunder Road (Thane West),19.249612,72.945657,Heavy Commercial / Truck,Highway,Minor,0,0,0,Poor Road,Low,Moderate,36.5,Fog,Low,0,1,0.95,1.0,UNIQUE,,-1,40.0
ACC-IND-006431,OPEN_ACCIDENT_DATASET,6431,2023-11-28,19:00,2023,11,Tuesday,Mumbai,Western Suburbs,Western Express Highway (Kandivali - Goregaon),19.293888,72.784301,Heavy Commercial / Truck,Highway,Grievous/Major,3,0,3,Poor Road,High,High,36.5,Clear,High,1,4,0.95,1.0,UNIQUE,,-1,67.1
ACC-IND-006443,OPEN_ACCIDENT_DATASET,6443,2024-11-14,8:00,2024,11,Thursday,Mumbai,Thane West,Ghodbunder Road (Thane West),19.275784,72.949318,Two-Wheeler / Bike,Highway,Minor,1,0,1,Poor Road,Medium,Moderate,36.5,Rain,Medium,1,3,0.95,1.0,UNIQUE,,-1,52.0
ACC-IND-006444,OPEN_ACCIDENT_DATASET,6444,2024-01-13,6:00,2024,1,Saturday,Mumbai,Andheri West,Swami Vivekanand (SV) Road (Andheri West),19.14588,72.804455,Car / SUV,Highway,Grievous/Major,2,0,2,Overspeeding,High,High,36.5,Fog,Low,1,4,0.95,1.0,UNIQUE,,-1,67.1
ACC-IND-006453,OPEN_ACCIDENT_DATASET,6453,2025-01-20,5:00,2025,1,Monday,Mumbai,Eastern Suburbs,Eastern Express Highway (Vikhroli - Ghatkopar),19.121028,72.98639,Car / SUV,Highway,Minor,2,0,2,Drunk Driving,High,High,36.5,Fog,Low,1,4,0.95,1.0,UNIQUE,,-1,56.6
ACC-IND-006457,OPEN_ACCIDENT_DATASET,6457,2022-01-11,12:00,2022,1,Tuesday,Mumbai,South Mumbai,Marine Drive Promenade / Netaji Subhash Road,18.941761,72.823578,Two-Wheeler / Bike,Rural,Minor,1,0,1,Poor Road,Low,Moderate,36.5,Clear,High,1,2,0.95,1.0,UNIQUE,,6,41.5
ACC-IND-006463,OPEN_ACCIDENT_DATASET,6463,2024-01-07,2:00,2024,1,Monday,Mumbai,Eastern Suburbs,Eastern Express Highway (Vikhroli - Ghatkopar),19.093971,72.918212,Heavy Commercial / Truck,Urban,Fatal,3,1,4,Overspeeding,Low,Moderate,36.5,Clear,High,0,4,0.95,1.0,UNIQUE,,2,82.0
ACC-IND-006465,OPEN_ACCIDENT_DATASET,6465,2023-03-09,3:00,2023,3,Sunday,Mumbai,Navi Mumbai Gateway,Sion Panvel Highway (Mankhurd - Vashi),19.05247,72.938099,Two-Wheeler / Bike,Rural,Minor,1,0,1,Distraction,Low,Moderate,36.5,Clear,High,1,4,0.95,1.0,UNIQUE,,4,52.0
ACC-IND-006470,OPEN_ACCIDENT_DATASET,6470,2022-04-22,12:00,2022,4,Friday,Mumbai,Thane West,Ghodbunder Road (Thane West),19.243087,72.982528,Heavy Commercial / Truck,Rural,Minor,4,1,5,Weather,Medium,Moderate,36.5,Rain,Medium,0,5,0.95,1.0,UNIQUE,,-1,64.0
ACC-IND-006478,OPEN_ACCIDENT_DATASET,6478,2023-11-19,6:00,2023,11,Sunday,Mumbai,Powai / Andheri East,Jogeshwari-Vikhroli Link Road (JVLR),19.113527,72.881229,Heavy Commercial / Truck,Highway,Grievous/Major,0,0,0,Poor Road,Medium,Moderate,36.5,Rain,Medium,1,4,0.95,1.0,UNIQUE,,-1,62.5
ACC-IND-006482,OPEN_ACCIDENT_DATASET,6482,2024-01-20,13:00,2024,1,Saturday,Mumbai,Thane West,Ghodbunder Road (Thane West),19.253604,72.946072,Heavy Commercial / Truck,Rural,Minor,0,0,0,Distraction,Low,Moderate,36.5,Rain,Medium,0,3,0.95,1.0,UNIQUE,,-1,47.5
ACC-IND-006483,OPEN_ACCIDENT_DATASET,6483,2023-02-14,23:00,2023,2,Tuesday,Mumbai,South Mumbai,Marine Drive Promenade / Netaji Subhash Road,18.856751,72.990765,Two-Wheeler / Bike,Highway,Minor,1,0,1,Poor Road,Low,Moderate,36.5,Fog,Low,1,1,0.95,1.0,UNIQUE,,-1,40.0
ACC-IND-006495,OPEN_ACCIDENT_DATASET,6495,2022-04-14,4:00,2022,4,Thursday,Mumbai,Andheri West,Swami Vivekanand (SV) Road (Andheri West),19.116788,72.839875,Two-Wheeler / Bike,Highway,Minor,1,0,1,Distraction,Low,Moderate,36.5,Clear,High,1,2,0.95,1.0,UNIQUE,,10,46.0
ACC-IND-006496,OPEN_ACCIDENT_DATASET,6496,2022-07-10,17:00,2022,7,Friday,Mumbai,South Mumbai,Marine Drive Promenade / Netaji Subhash Road,18.939692,72.820514,Heavy Commercial / Truck,Highway,Grievous/Major,0,0,0,Drunk Driving,Medium,Moderate,36.5,Rain,Low,1,3,0.95,1.0,UNIQUE,,6,62.5
ACC-IND-006500,OPEN_ACCIDENT_DATASET,6500,2023-09-02,0:00,2023,9,Thursday,Mumbai,Powai / Andheri East,Jogeshwari-Vikhroli Link Road (JVLR),19.160176,72.890721,Heavy Commercial / Truck,Urban,Minor,0,0,0,Overspeeding,Low,Moderate,36.5,Fog,Low,0,3,0.95,1.0,UNIQUE,,-1,47.5
ACC-IND-006513,OPEN_ACCIDENT_DATASET,6513,2022-04-10,6:00,2022,4,Tuesday,Mumbai,South Mumbai,Marine Drive Promenade / Netaji Subhash Road,18.877437,72.913915,Heavy Commercial / Truck,Highway,Minor,0,0,0,Poor Road,High,High,36.5,Rain,Low,0,4,0.95,1.0,UNIQUE,,-1,56.6
ACC-IND-006514,OPEN_ACCIDENT_DATASET,6514,2023-03-25,11:00,2023,3,Saturday,Mumbai,Bandra West,Western Express Highway (Bandra - Santacruz),19.068882,72.843135,Heavy Commercial / Truck,Highway,Grievous/Major,3,1,4,Poor Road,Medium,Moderate,36.5,Rain,Low,0,4,0.95,1.0,UNIQUE,,0,74.5
ACC-IND-006520,OPEN_ACCIDENT_DATASET,6520,2022-02-04,11:00,2022,2,Saturday,Mumbai,Eastern Suburbs,Eastern Express Highway (Vikhroli - Ghatkopar),19.09291,72.902684,Two-Wheeler / Bike,Urban,Minor,1,0,1,Weather,Medium,Moderate,36.5,Rain,Medium,1,1,0.95,1.0,UNIQUE,,2,35.5
ACC-IND-006528,OPEN_ACCIDENT_DATASET,6528,2024-03-20,0:00,2024,3,Wednesday,Mumbai,Eastern Suburbs,Eastern Express Highway (Vikhroli - Ghatkopar),19.098041,72.913685,Car / SUV,Highway,Grievous/Major,2,0,2,Overspeeding,Low,Moderate,36.5,Fog,Low,1,4,0.95,1.0,UNIQUE,,2,62.5
ACC-IND-006532,OPEN_ACCIDENT_DATASET,6532,2025-03-17,3:00,2025,3,Monday,Mumbai,Kurla East,Santa Cruz-Chembur Link Road (SCLR),19.070758,72.880781,Heavy Commercial / Truck,Urban,Minor,3,0,3,Overspeeding,Low,Moderate,36.5,Fog,Low,1,3,0.95,1.0,UNIQUE,,7,47.5
ACC-IND-006543,OPEN_ACCIDENT_DATASET,6543,2022-03-21,13:00,2022,3,Monday,Mumbai,Navi Mumbai Gateway,Sion Panvel Highway (Mankhurd - Vashi),19.05529,72.940941,Heavy Commercial / Truck,Highway,Minor,2,1,3,Weather,Medium,Moderate,36.5,Rain,Medium,0,4,0.95,1.0,UNIQUE,,4,64.0
ACC-IND-006560,OPEN_ACCIDENT_DATASET,6560,2022-07-16,19:00,2022,7,Saturday,Mumbai,South Mumbai,Marine Drive Promenade / Netaji Subhash Road,18.885861,72.847463,Car / SUV,Rural,Minor,2,0,2,Overspeeding,High,High,36.5,Fog,Low,1,4,0.95,1.0,UNIQUE,,-1,56.6
ACC-IND-006569,OPEN_ACCIDENT_DATASET,6569,2024-06-19,14:00,2024,6,Wednesday,Mumbai,Thane West,Ghodbunder Road (Thane West),19.299865,72.961328,Heavy Commercial / Truck,Rural,Fatal,3,1,4,Distraction,High,High,36.5,Clear,High,1,4,0.95,1.0,UNIQUE,,9,86.6
ACC-IND-006572,OPEN_ACCIDENT_DATASET,6572,2023-10-10,13:00,2023,10,Tuesday,Mumbai,Kurla / Ghatkopar,LBS Marg (Kurla - Ghatkopar),19.082125,72.886768,Heavy Commercial / Truck,Rural,Grievous/Major,3,0,3,Overspeeding,Medium,Moderate,36.5,Clear,High,0,3,0.95,1.0,UNIQUE,,7,58.0
ACC-IND-006585,OPEN_ACCIDENT_DATASET,6585,2024-02-22,20:00,2024,2,Thursday,Mumbai,Kurla / Ghatkopar,LBS Marg (Kurla - Ghatkopar),19.077513,72.884004,Heavy Commercial / Truck,Highway,Grievous/Major,0,0,0,Overspeeding,Low,Moderate,36.5,Clear,High,0,1,0.95,1.0,UNIQUE,,7,50.5
ACC-IND-006586,OPEN_ACCIDENT_DATASET,6586,2023-09-30,0:00,2023,9,Saturday,Mumbai,South Mumbai,Marine Drive Promenade / Netaji Subhash Road,18.906578,72.8554,Heavy Commercial / Truck,Rural,Grievous/Major,3,0,3,Poor Road,Low,Moderate,36.5,Rain,Medium,1,5,0.95,1.0,UNIQUE,,-1,62.5
ACC-IND-006600,OPEN_ACCIDENT_DATASET,6600,2025-04-04,9:00,2025,4,Friday,Mumbai,Navi Mumbai Gateway,Sion Panvel Highway (Mankhurd - Vashi),19.034947,72.965197,Heavy Commercial / Truck,Rural,Minor,3,0,3,Poor Road,High,High,36.5,Clear,High,1,4,0.95,1.0,UNIQUE,,-1,56.6
ACC-IND-006603,OPEN_ACCIDENT_DATASET,6603,2024-07-28,12:00,2024,7,Sunday,Mumbai,Eastern Suburbs,Eastern Express Highway (Vikhroli - Ghatkopar),19.09722,72.954942,Heavy Commercial / Truck,Rural,Grievous/Major,4,0,4,Drunk Driving,Low,Moderate,36.5,Clear,High,0,4,0.95,1.0,UNIQUE,,-1,62.5
ACC-IND-006610,OPEN_ACCIDENT_DATASET,6610,2023-04-26,8:00,2023,4,Wednesday,Mumbai,Thane West,Ghodbunder Road (Thane West),19.246929,72.992998,Heavy Commercial / Truck,Urban,Grievous/Major,4,0,4,Drunk Driving,High,High,36.5,Clear,High,1,5,0.95,1.0,UNIQUE,,-1,67.1
ACC-IND-006617,OPEN_ACCIDENT_DATASET,6617,2022-02-27,19:00,2022,2,Sunday,Mumbai,Eastern Suburbs,Eastern Express Highway (Vikhroli - Ghatkopar),19.128046,72.995533,Car / SUV,Rural,Fatal,1,1,2,Distraction,High,High,36.5,Clear,High,0,2,0.95,1.0,UNIQUE,,-1,76.1
ACC-IND-006629,OPEN_ACCIDENT_DATASET,6629,2024-09-17,8:00,2024,9,Tuesday,Mumbai,Thane West,Ghodbunder Road (Thane West),19.255553,72.961593,Heavy Commercial / Truck,Highway,Fatal,2,1,3,Poor Road,Medium,Moderate,36.5,Rain,Low,1,3,0.95,1.0,UNIQUE,,1,82.0
ACC-IND-006640,OPEN_ACCIDENT_DATASET,6640,2023-04-26,15:00,2023,4,Wednesday,Mumbai,Navi Mumbai Gateway,Sion Panvel Highway (Mankhurd - Vashi),18.93081,72.948127,Heavy Commercial / Truck,Rural,Minor,0,0,0,Weather,Medium,Moderate,36.5,Clear,High,0,1,0.95,1.0,UNIQUE,,-1,35.5
ACC-IND-006658,OPEN_ACCIDENT_DATASET,6658,2023-05-21,15:00,2023,5,Sunday,Mumbai,Eastern Suburbs,Eastern Express Highway (Vikhroli - Ghatkopar),19.13648,72.989486,Heavy Commercial / Truck,Urban,Fatal,3,1,4,Drunk Driving,Low,Moderate,36.5,Rain,Low,1,4,0.95,1.0,UNIQUE,,-1,82.0
ACC-IND-006670,OPEN_ACCIDENT_DATASET,6670,2022-02-28,11:00,2022,2,Monday,Mumbai,Thane West,Ghodbunder Road (Thane West),19.283922,72.986536,Heavy Commercial / Truck,Urban,Minor,0,0,0,Poor Road,High,High,36.5,Rain,Low,0,4,0.95,1.0,UNIQUE,,-1,56.6
ACC-IND-006678,OPEN_ACCIDENT_DATASET,6678,2023-12-24,19:00,2023,12,Sunday,Mumbai,South Mumbai,Marine Drive Promenade / Netaji Subhash Road,18.939638,72.822946,Two-Wheeler / Bike,Highway,Grievous/Major,1,0,1,Weather,High,High,36.5,Fog,Low,1,4,0.95,1.0,UNIQUE,,6,67.1
ACC-IND-006684,OPEN_ACCIDENT_DATASET,6684,2023-04-09,17:00,2023,4,Monday,Mumbai,Bandra West,Western Express Highway (Bandra - Santacruz),19.080203,72.812587,Two-Wheeler / Bike,Rural,Fatal,0,1,1,Overspeeding,Medium,Moderate,36.5,Rain,Low,1,1,0.95,1.0,UNIQUE,,-1,65.5
ACC-IND-006688,OPEN_ACCIDENT_DATASET,6688,2024-08-10,17:00,2024,8,Tuesday,Mumbai,Western Suburbs,Western Express Highway (Kandivali - Goregaon),19.24193,72.782359,Heavy Commercial / Truck,Highway,Minor,0,0,0,Drunk Driving,Medium,Moderate,36.5,Clear,High,0,2,0.95,1.0,UNIQUE,,-1,46.0
ACC-IND-006694,OPEN_ACCIDENT_DATASET,6694,2023-12-17,3:00,2023,12,Sunday,Mumbai,Powai / Andheri East,Jogeshwari-Vikhroli Link Road (JVLR),19.170374,72.927325,Heavy Commercial / Truck,Urban,Minor,0,0,0,Poor Road,Low,Moderate,36.5,Fog,Low,1,1,0.95,1.0,UNIQUE,,-1,35.5
ACC-IND-006710,OPEN_ACCIDENT_DATASET,6710,2024-07-19,1:00,2024,7,Friday,Mumbai,Thane West,Ghodbunder Road (Thane West),19.283961,72.901733,Heavy Commercial / Truck,Rural,Grievous/Major,0,0,0,Drunk Driving,Low,Moderate,36.5,Clear,High,1,3,0.95,1.0,UNIQUE,,-1,58.0
ACC-IND-006721,OPEN_ACCIDENT_DATASET,6721,2023-01-26,8:00,2023,1,Thursday,Mumbai,Western Suburbs,Western Express Highway (Kandivali - Goregaon),19.16123,72.847566,Heavy Commercial / Truck,Highway,Minor,3,0,3,Overspeeding,High,High,36.5,Fog,Low,1,4,0.95,1.0,UNIQUE,,11,56.6
ACC-IND-006729,OPEN_ACCIDENT_DATASET,6729,2024-09-29,16:00,2024,9,Sunday,Mumbai,Navi Mumbai Gateway,Sion Panvel Highway (Mankhurd - Vashi),19.03734,72.964112,Heavy Commercial / Truck,Rural,Minor,3,0,3,Overspeeding,Medium,Moderate,36.5,Rain,Low,1,4,0.95,1.0,UNIQUE,,-1,52.0
ACC-IND-006739,OPEN_ACCIDENT_DATASET,6739,2023-07-27,19:00,2023,7,Thursday,Mumbai,South Mumbai,Marine Drive Promenade / Netaji Subhash Road,18.952581,72.904974,Car / SUV,Highway,Minor,2,0,2,Overspeeding,High,High,36.5,Clear,High,0,2,0.95,1.0,UNIQUE,,-1,50.6
ACC-IND-006746,OPEN_ACCIDENT_DATASET,6746,2023-11-18,22:00,2023,11,Saturday,Mumbai,Thane West,Ghodbunder Road (Thane West),19.262965,72.967085,Car / SUV,Urban,Minor,2,0,2,Drunk Driving,High,High,36.5,Fog,Low,0,2,0.95,1.0,UNIQUE,,1,46.1
ACC-IND-006748,OPEN_ACCIDENT_DATASET,6748,2024-09-14,7:00,2024,9,Saturday,Mumbai,Sion-Chembur,Eastern Express Highway (Sion - Chembur),19.017226,72.896609,Car / SUV,Highway,Fatal,1,1,2,Distraction,Medium,Moderate,36.5,Rain,Low,1,2,0.95,1.0,UNIQUE,,-1,76.0
ACC-IND-006751,OPEN_ACCIDENT_DATASET,6751,2025-10-01,5:00,2025,10,Friday,Mumbai,Navi Mumbai Gateway,Sion Panvel Highway (Mankhurd - Vashi),19.057378,72.929449,Car / SUV,Highway,Minor,2,0,2,Distraction,Medium,Moderate,36.5,Clear,High,1,2,0.95,1.0,UNIQUE,,4,46.0
ACC-IND-006755,OPEN_ACCIDENT_DATASET,6755,2023-08-04,1:00,2023,8,Saturday,Mumbai,Andheri West,Swami Vivekanand (SV) Road (Andheri West),19.115924,72.838894,Heavy Commercial / Truck,Urban,Grievous/Major,3,0,3,Poor Road,Low,Moderate,36.5,Clear,High,0,5,0.95,1.0,UNIQUE,,10,62.5
ACC-IND-006758,OPEN_ACCIDENT_DATASET,6758,2024-08-23,17:00,2024,8,Friday,Mumbai,Andheri West,Swami Vivekanand (SV) Road (Andheri West),19.114418,72.825113,Car / SUV,Rural,Minor,2,0,2,Poor Road,High,High,36.5,Clear,High,0,3,0.95,1.0,UNIQUE,,10,52.1
ACC-IND-006762,OPEN_ACCIDENT_DATASET,6762,2024-08-07,22:00,2024,8,Monday,Mumbai,Eastern Suburbs,Eastern Express Highway (Vikhroli - Ghatkopar),19.097367,72.912341,Heavy Commercial / Truck,Rural,Minor,2,1,3,Weather,High,High,36.5,Clear,High,0,3,0.95,1.0,UNIQUE,,2,64.1
ACC-IND-006769,OPEN_ACCIDENT_DATASET,6769,2025-09-01,20:00,2025,9,Thursday,Mumbai,South Mumbai,Marine Drive Promenade / Netaji Subhash Road,18.943529,72.822277,Car / SUV,Rural,Minor,2,0,2,Distraction,Medium,Moderate,36.5,Clear,High,0,2,0.95,1.0,UNIQUE,,6,41.5
ACC-IND-006779,OPEN_ACCIDENT_DATASET,6779,2022-09-25,7:00,2022,9,Sunday,Mumbai,Thane West,Ghodbunder Road (Thane West),19.189523,72.986973,Heavy Commercial / Truck,Rural,Minor,0,0,0,Drunk Driving,High,High,36.5,Fog,Low,0,1,0.95,1.0,UNIQUE,,-1,40.1
ACC-IND-006781,OPEN_ACCIDENT_DATASET,6781,2023-06-13,3:00,2023,6,Tuesday,Mumbai,Andheri West,Swami Vivekanand (SV) Road (Andheri West),19.117476,72.839335,Car / SUV,Rural,Fatal,1,1,2,Weather,Low,Moderate,36.5,Rain,Medium,0,2,0.95,1.0,UNIQUE,,10,71.5
ACC-IND-006787,OPEN_ACCIDENT_DATASET,6787,2022-11-09,21:00,2022,11,Sunday,Mumbai,Bandra West,Western Express Highway (Bandra - Santacruz),19.06864,72.839052,Two-Wheeler / Bike,Rural,Fatal,0,1,1,Distraction,Medium,Moderate,36.5,Rain,Low,1,1,0.95,1.0,UNIQUE,,0,65.5
ACC-IND-006792,OPEN_ACCIDENT_DATASET,6792,2023-02-26,3:00,2023,2,Sunday,Mumbai,Kurla East,Santa Cruz-Chembur Link Road (SCLR),19.065348,72.883156,Car / SUV,Highway,Minor,2,0,2,Overspeeding,Low,Moderate,36.5,Fog,Low,0,3,0.95,1.0,UNIQUE,,7,52.0
ACC-IND-006793,OPEN_ACCIDENT_DATASET,6793,2022-02-02,5:00,2022,2,Wednesday,Mumbai,Kurla / Ghatkopar,LBS Marg (Kurla - Ghatkopar),19.080694,72.890306,Heavy Commercial / Truck,Urban,Minor,0,0,0,Weather,Medium,Moderate,36.5,Fog,Low,1,1,0.95,1.0,UNIQUE,,7,35.5
ACC-IND-006794,OPEN_ACCIDENT_DATASET,6794,2022-04-06,17:00,2022,4,Saturday,Mumbai,Andheri West,Swami Vivekanand (SV) Road (Andheri West),19.116129,72.839277,Car / SUV,Urban,Minor,2,0,2,Poor Road,High,High,36.5,Fog,Low,0,2,0.95,1.0,UNIQUE,,10,46.1
ACC-IND-006816,OPEN_ACCIDENT_DATASET,6816,2022-08-15,22:00,2022,8,Monday,Mumbai,Navi Mumbai Gateway,Sion Panvel Highway (Mankhurd - Vashi),19.045602,72.933018,Heavy Commercial / Truck,Highway,Minor,0,0,0,Drunk Driving,Low,Moderate,36.5,Fog,Low,1,4,0.95,1.0,UNIQUE,,4,52.0
ACC-IND-006824,OPEN_ACCIDENT_DATASET,6824,2025-02-15,21:00,2025,2,Saturday,Mumbai,Eastern Suburbs,Eastern Express Highway (Vikhroli - Ghatkopar),19.117849,72.977056,Car / SUV,Rural,Minor,2,0,2,Distraction,Low,Moderate,36.5,Clear,High,0,3,0.95,1.0,UNIQUE,,-1,47.5
ACC-IND-006830,OPEN_ACCIDENT_DATASET,6830,2024-08-11,22:00,2024,8,Friday,Mumbai,Powai / Andheri East,Jogeshwari-Vikhroli Link Road (JVLR),19.13051,72.892521,Two-Wheeler / Bike,Highway,Fatal,0,1,1,Overspeeding,Low,Moderate,36.5,Fog,Low,1,1,0.95,1.0,UNIQUE,,8,70.0
ACC-IND-006832,OPEN_ACCIDENT_DATASET,6832,2023-12-02,2:00,2023,12,Sunday,Mumbai,Kurla / Ghatkopar,LBS Marg (Kurla - Ghatkopar),19.0814,72.88913,Heavy Commercial / Truck,Urban,Minor,0,0,0,Drunk Driving,Low,Moderate,36.5,Fog,Low,1,1,0.95,1.0,UNIQUE,,7,35.5
ACC-IND-006836,OPEN_ACCIDENT_DATASET,6836,2024-03-14,9:00,2024,3,Thursday,Mumbai,Lower Parel,Lower Parel Commercial Hub / Senapati Bapat Marg,18.993991,72.829646,Car / SUV,Highway,Grievous/Major,2,0,2,Weather,Medium,Moderate,36.5,Fog,Low,0,2,0.95,1.0,UNIQUE,,3,56.5
ACC-IND-006840,OPEN_ACCIDENT_DATASET,6840,2025-09-04,5:00,2025,9,Wednesday,Mumbai,Eastern Suburbs,Eastern Express Highway (Vikhroli - Ghatkopar),19.098375,72.92007,Heavy Commercial / Truck,Urban,Fatal,4,1,5,Weather,High,High,36.5,Clear,High,0,5,0.95,1.0,UNIQUE,,2,86.6
ACC-IND-006862,OPEN_ACCIDENT_DATASET,6862,2025-02-18,22:00,2025,2,Tuesday,Mumbai,Thane West,Ghodbunder Road (Thane West),19.239031,72.991129,Heavy Commercial / Truck,Highway,Minor,0,0,0,Drunk Driving,Medium,Moderate,36.5,Fog,Low,1,2,0.95,1.0,UNIQUE,,20,46.0
ACC-IND-006865,OPEN_ACCIDENT_DATASET,6865,2023-05-24,14:00,2023,5,Wednesday,Mumbai,South Mumbai,Marine Drive Promenade / Netaji Subhash Road,18.87696,72.93435,Heavy Commercial / Truck,Rural,Grievous/Major,4,0,4,Drunk Driving,Medium,Moderate,36.5,Clear,High,0,5,0.95,1.0,UNIQUE,,-1,62.5
ACC-IND-006872,OPEN_ACCIDENT_DATASET,6872,2023-01-09,16:00,2023,1,Friday,Mumbai,Andheri West,Swami Vivekanand (SV) Road (Andheri West),19.11598,72.835928,Heavy Commercial / Truck,Highway,Minor,3,0,3,Poor Road,Medium,Moderate,36.5,Clear,High,1,3,0.95,1.0,UNIQUE,,10,52.0
ACC-IND-006873,OPEN_ACCIDENT_DATASET,6873,2022-09-21,6:00,2022,9,Wednesday,Mumbai,South Mumbai,Marine Drive Promenade / Netaji Subhash Road,18.943346,72.824618,Heavy Commercial / Truck,Rural,Fatal,2,1,3,Poor Road,Medium,Moderate,36.5,Clear,High,1,3,0.95,1.0,UNIQUE,,6,77.5
ACC-IND-006880,OPEN_ACCIDENT_DATASET,6880,2022-10-31,2:00,2022,10,Monday,Mumbai,Thane West,Ghodbunder Road (Thane West),19.292549,72.877,Heavy Commercial / Truck,Highway,Grievous/Major,0,0,0,Poor Road,Low,Moderate,36.5,Rain,Medium,0,5,0.95,1.0,UNIQUE,,-1,62.5
ACC-IND-006889,OPEN_ACCIDENT_DATASET,6889,2023-12-08,20:00,2023,12,Saturday,Mumbai,Navi Mumbai Gateway,Sion Panvel Highway (Mankhurd - Vashi),18.97018,72.981252,Two-Wheeler / Bike,Rural,Grievous/Major,1,0,1,Drunk Driving,High,High,36.5,Fog,Low,1,1,0.95,1.0,UNIQUE,,-1,50.6
ACC-IND-006892,OPEN_ACCIDENT_DATASET,6892,2024-11-12,7:00,2024,11,Wednesday,Mumbai,Andheri West,Swami Vivekanand (SV) Road (Andheri West),19.093617,72.836229,Two-Wheeler / Bike,Highway,Grievous/Major,1,0,1,Distraction,High,High,36.5,Rain,Low,0,4,0.95,1.0,UNIQUE,,-1,67.1
ACC-IND-006896,OPEN_ACCIDENT_DATASET,6896,2023-07-10,6:00,2023,7,Saturday,Mumbai,Kurla East,Santa Cruz-Chembur Link Road (SCLR),19.074597,72.879264,Heavy Commercial / Truck,Rural,Minor,2,1,3,Drunk Driving,High,High,36.5,Clear,High,0,3,0.95,1.0,UNIQUE,,7,64.1
ACC-IND-006906,OPEN_ACCIDENT_DATASET,6906,2024-02-15,12:00,2024,2,Thursday,Mumbai,Sion-Chembur,Eastern Express Highway (Sion - Chembur),19.044109,72.895029,Heavy Commercial / Truck,Urban,Minor,3,0,3,Overspeeding,Medium,Moderate,36.5,Fog,Low,1,5,0.95,1.0,UNIQUE,,5,52.0
ACC-IND-006918,OPEN_ACCIDENT_DATASET,6918,2023-03-29,1:00,2023,3,Wednesday,Mumbai,Thane West,Ghodbunder Road (Thane West),19.200555,72.98948,Heavy Commercial / Truck,Urban,Fatal,2,1,3,Weather,Low,Moderate,36.5,Clear,High,1,3,0.95,1.0,UNIQUE,,-1,77.5
ACC-IND-006938,OPEN_ACCIDENT_DATASET,6938,2022-05-02,20:00,2022,5,Saturday,Mumbai,Thane West,Ghodbunder Road (Thane West),19.279872,72.853997,Two-Wheeler / Bike,Highway,Fatal,0,1,1,Weather,High,High,36.5,Rain,Low,0,1,0.95,1.0,UNIQUE,,-1,74.6
ACC-IND-006942,OPEN_ACCIDENT_DATASET,6942,2024-11-22,0:00,2024,11,Friday,Mumbai,Eastern Suburbs,Eastern Express Highway (Vikhroli - Ghatkopar),19.146152,72.994269,Heavy Commercial / Truck,Highway,Fatal,2,1,3,Weather,Medium,Moderate,36.5,Rain,Low,0,3,0.95,1.0,UNIQUE,,-1,82.0
ACC-IND-006957,OPEN_ACCIDENT_DATASET,6957,2024-08-22,0:00,2024,8,Thursday,Mumbai,Navi Mumbai Gateway,Sion Panvel Highway (Mankhurd - Vashi),19.039462,72.941263,Car / SUV,Rural,Minor,2,0,2,Distraction,Low,Moderate,36.5,Rain,Medium,0,5,0.95,1.0,UNIQUE,,4,52.0
ACC-IND-006960,OPEN_ACCIDENT_DATASET,6960,2023-07-22,23:00,2023,7,Saturday,Mumbai,South Mumbai,Marine Drive Promenade / Netaji Subhash Road,18.91398,72.826632,Two-Wheeler / Bike,Urban,Minor,1,0,1,Drunk Driving,High,High,36.5,Rain,Low,0,3,0.95,1.0,UNIQUE,,-1,52.1
ACC-IND-006962,OPEN_ACCIDENT_DATASET,6962,2024-11-19,4:00,2024,11,Tuesday,Mumbai,Western Suburbs,Western Express Highway (Kandivali - Goregaon),19.203405,72.807374,Two-Wheeler / Bike,Rural,Minor,1,0,1,Poor Road,Low,Moderate,36.5,Clear,High,1,1,0.95,1.0,UNIQUE,,-1,35.5
ACC-IND-006971,OPEN_ACCIDENT_DATASET,6971,2024-12-11,14:00,2024,12,Tuesday,Mumbai,Andheri West,Swami Vivekanand (SV) Road (Andheri West),19.126267,72.820787,Two-Wheeler / Bike,Urban,Fatal,0,1,1,Distraction,Medium,Moderate,36.5,Clear,High,0,1,0.95,1.0,UNIQUE,,-1,65.5
ACC-IND-006996,OPEN_ACCIDENT_DATASET,6996,2022-12-18,19:00,2022,12,Sunday,Mumbai,Powai / Andheri East,Jogeshwari-Vikhroli Link Road (JVLR),19.139103,72.921183,Heavy Commercial / Truck,Highway,Minor,0,0,0,Distraction,Medium,Moderate,36.5,Clear,High,0,5,0.95,1.0,UNIQUE,,-1,52.0
ACC-IND-007023,OPEN_ACCIDENT_DATASET,7023,2022-12-16,20:00,2022,12,Friday,Mumbai,South Mumbai,Marine Drive Promenade / Netaji Subhash Road,18.911994,72.851559,Car / SUV,Rural,Grievous/Major,2,0,2,Overspeeding,Low,Moderate,36.5,Clear,High,0,4,0.95,1.0,UNIQUE,,-1,62.5
ACC-IND-007024,OPEN_ACCIDENT_DATASET,7024,2022-04-07,17:00,2022,4,Monday,Mumbai,Western Suburbs,Western Express Highway (Kandivali - Goregaon),19.196408,72.7977,Heavy Commercial / Truck,Urban,Grievous/Major,0,0,0,Drunk Driving,High,High,36.5,Fog,Low,0,1,0.95,1.0,UNIQUE,,-1,50.6
ACC-IND-007026,OPEN_ACCIDENT_DATASET,7026,2022-11-23,2:00,2022,11,Wednesday,Mumbai,Kurla East,Santa Cruz-Chembur Link Road (SCLR),19.07756,72.876956,Two-Wheeler / Bike,Highway,Grievous/Major,1,0,1,Poor Road,High,High,36.5,Clear,High,1,3,0.95,1.0,UNIQUE,,7,67.1
ACC-IND-007028,OPEN_ACCIDENT_DATASET,7028,2024-07-12,16:00,2024,7,Saturday,Mumbai,Lower Parel,Lower Parel Commercial Hub / Senapati Bapat Marg,18.985935,72.838538,Heavy Commercial / Truck,Rural,Minor,0,0,0,Distraction,Medium,Moderate,36.5,Clear,High,1,2,0.95,1.0,UNIQUE,,3,41.5
ACC-IND-007031,OPEN_ACCIDENT_DATASET,7031,2022-12-16,1:00,2022,12,Friday,Mumbai,Lower Parel,Lower Parel Commercial Hub / Senapati Bapat Marg,18.992622,72.826693,Heavy Commercial / Truck,Urban,Fatal,3,1,4,Distraction,Low,Moderate,36.5,Clear,High,0,4,0.95,1.0,UNIQUE,,3,82.0
ACC-IND-007035,OPEN_ACCIDENT_DATASET,7035,2025-10-01,19:00,2025,10,Friday,Mumbai,Andheri West,Swami Vivekanand (SV) Road (Andheri West),19.113078,72.830184,Car / SUV,Urban,Fatal,1,1,2,Poor Road,High,High,36.5,Clear,High,1,2,0.95,1.0,UNIQUE,,10,76.1
ACC-IND-007063,OPEN_ACCIDENT_DATASET,7063,2023-02-21,11:00,2023,2,Tuesday,Mumbai,Navi Mumbai Gateway,Sion Panvel Highway (Mankhurd - Vashi),19.05345,72.93549,Heavy Commercial / Truck,Urban,Minor,0,0,0,Poor Road,High,High,36.5,Fog,Low,0,5,0.95,1.0,UNIQUE,,4,56.6
ACC-IND-007075,OPEN_ACCIDENT_DATASET,7075,2025-02-25,0:00,2025,2,Tuesday,Mumbai,Dadar Central,Dadar TT Circle / Dr. Ambedkar Road,19.042558,72.840392,Car / SUV,Urban,Grievous/Major,2,0,2,Weather,Low,Moderate,36.5,Fog,Low,1,2,0.95,1.0,UNIQUE,,0,52.0
ACC-IND-007076,OPEN_ACCIDENT_DATASET,7076,2022-11-16,18:00,2022,11,Wednesday,Mumbai,Powai / Andheri East,Jogeshwari-Vikhroli Link Road (JVLR),19.145357,72.916565,Two-Wheeler / Bike,Rural,Fatal,0,1,1,Weather,High,High,36.5,Fog,Low,0,1,0.95,1.0,UNIQUE,,-1,70.1
ACC-IND-007080,OPEN_ACCIDENT_DATASET,7080,2022-11-28,2:00,2022,11,Monday,Mumbai,Andheri West,Swami Vivekanand (SV) Road (Andheri West),19.113175,72.838198,Heavy Commercial / Truck,Highway,Minor,0,0,0,Distraction,Low,Moderate,36.5,Clear,High,0,1,0.95,1.0,UNIQUE,,10,40.0
ACC-IND-007083,OPEN_ACCIDENT_DATASET,7083,2024-07-03,15:00,2024,7,Thursday,Mumbai,Thane West,Ghodbunder Road (Thane West),19.296604,72.873457,Heavy Commercial / Truck,Urban,Minor,0,0,0,Drunk Driving,Medium,Moderate,36.5,Clear,High,0,3,0.95,1.0,UNIQUE,,-1,47.5
ACC-IND-007087,OPEN_ACCIDENT_DATASET,7087,2024-01-17,2:00,2024,1,Wednesday,Mumbai,Eastern Suburbs,Eastern Express Highway (Vikhroli - Ghatkopar),19.099523,72.90922,Heavy Commercial / Truck,Rural,Grievous/Major,0,0,0,Poor Road,Medium,Moderate,36.5,Clear,High,0,1,0.95,1.0,UNIQUE,,2,46.0
ACC-IND-007092,OPEN_ACCIDENT_DATASET,7092,2025-04-01,7:00,2025,4,Saturday,Mumbai,South Mumbai,Marine Drive Promenade / Netaji Subhash Road,18.939194,72.926374,Car / SUV,Rural,Grievous/Major,2,0,2,Overspeeding,Low,Moderate,36.5,Fog,Low,1,4,0.95,1.0,UNIQUE,,-1,62.5
ACC-IND-007100,OPEN_ACCIDENT_DATASET,7100,2025-03-29,19:00,2025,3,Saturday,Mumbai,Eastern Suburbs,Eastern Express Highway (Vikhroli - Ghatkopar),19.094787,72.915899,Heavy Commercial / Truck,Rural,Minor,3,0,3,Weather,High,High,36.5,Fog,Low,1,3,0.95,1.0,UNIQUE,,2,52.1
ACC-IND-007101,OPEN_ACCIDENT_DATASET,7101,2023-06-27,17:00,2023,6,Tuesday,Mumbai,Sion-Chembur,Eastern Express Highway (Sion - Chembur),19.039862,72.892594,Two-Wheeler / Bike,Urban,Fatal,0,1,1,Drunk Driving,Medium,Moderate,36.5,Rain,Medium,1,1,0.95,1.0,UNIQUE,,5,65.5
ACC-IND-007109,OPEN_ACCIDENT_DATASET,7109,2022-09-09,7:00,2022,9,Friday,Mumbai,Lower Parel,Lower Parel Commercial Hub / Senapati Bapat Marg,18.990005,72.828611,Two-Wheeler / Bike,Urban,Minor,1,0,1,Drunk Driving,Medium,Moderate,36.5,Clear,High,0,1,0.95,1.0,UNIQUE,,3,35.5
ACC-IND-007116,OPEN_ACCIDENT_DATASET,7116,2022-07-07,16:00,2022,7,Thursday,Mumbai,Thane West,Ghodbunder Road (Thane West),19.243023,72.935978,Heavy Commercial / Truck,Highway,Grievous/Major,0,0,0,Overspeeding,Low,Moderate,36.5,Fog,Low,1,1,0.95,1.0,UNIQUE,,-1,50.5
ACC-IND-007121,OPEN_ACCIDENT_DATASET,7121,2022-10-05,4:00,2022,10,Tuesday,Mumbai,Eastern Suburbs,Eastern Express Highway (Vikhroli - Ghatkopar),19.115346,72.959463,Heavy Commercial / Truck,Urban,Grievous/Major,3,0,3,Distraction,Low,Moderate,36.5,Clear,High,0,3,0.95,1.0,UNIQUE,,-1,58.0
ACC-IND-007134,OPEN_ACCIDENT_DATASET,7134,2025-02-17,9:00,2025,2,Monday,Mumbai,Thane West,Ghodbunder Road (Thane West),19.233777,72.946697,Heavy Commercial / Truck,Highway,Minor,2,1,3,Drunk Driving,High,High,36.5,Fog,Low,0,4,0.95,1.0,UNIQUE,,-1,68.6
ACC-IND-007145,OPEN_ACCIDENT_DATASET,7145,2024-06-11,12:00,2024,6,Wednesday,Mumbai,Andheri West,Swami Vivekanand (SV) Road (Andheri West),19.110748,72.840294,Heavy Commercial / Truck,Rural,Minor,2,1,3,Weather,Medium,Moderate,36.5,Rain,Low,0,4,0.95,1.0,UNIQUE,,10,64.0
ACC-IND-007149,OPEN_ACCIDENT_DATASET,7149,2024-07-24,19:00,2024,7,Wednesday,Mumbai,Western Suburbs,Western Express Highway (Kandivali - Goregaon),19.227747,72.795557,Two-Wheeler / Bike,Highway,Minor,1,0,1,Distraction,Medium,Moderate,36.5,Rain,Medium,0,1,0.95,1.0,UNIQUE,,-1,40.0
ACC-IND-007158,OPEN_ACCIDENT_DATASET,7158,2024-10-29,4:00,2024,10,Tuesday,Mumbai,Andheri West,Swami Vivekanand (SV) Road (Andheri West),19.118694,72.839058,Heavy Commercial / Truck,Urban,Minor,0,0,0,Poor Road,Medium,Moderate,36.5,Fog,Low,0,4,0.95,1.0,UNIQUE,,10,52.0
ACC-IND-007160,OPEN_ACCIDENT_DATASET,7160,2022-03-05,9:00,2022,3,Tuesday,Mumbai,Sion-Chembur,Eastern Express Highway (Sion - Chembur),19.017364,72.877759,Heavy Commercial / Truck,Rural,Minor,0,0,0,Poor Road,Medium,Moderate,36.5,Rain,Medium,0,1,0.95,1.0,UNIQUE,,-1,35.5
ACC-IND-007162,OPEN_ACCIDENT_DATASET,7162,2022-12-03,10:00,2022,12,Saturday,Mumbai,Thane West,Ghodbunder Road (Thane West),19.262238,72.967352,Two-Wheeler / Bike,Highway,Grievous/Major,1,0,1,Overspeeding,High,High,36.5,Rain,Low,1,1,0.95,1.0,UNIQUE,,1,55.1
ACC-IND-007165,OPEN_ACCIDENT_DATASET,7165,2023-04-13,3:00,2023,4,Thursday,Mumbai,Thane West,Ghodbunder Road (Thane West),19.287431,72.915799,Two-Wheeler / Bike,Highway,Grievous/Major,1,0,1,Distraction,Low,Moderate,36.5,Rain,Low,0,1,0.95,1.0,UNIQUE,,-1,50.5
ACC-IND-007172,OPEN_ACCIDENT_DATASET,7172,2022-08-08,15:00,2022,8,Monday,Mumbai,Andheri West,Swami Vivekanand (SV) Road (Andheri West),19.148099,72.80109,Heavy Commercial / Truck,Rural,Minor,2,1,3,Poor Road,Medium,Moderate,36.5,Clear,High,1,4,0.95,1.0,UNIQUE,,-1,64.0
ACC-IND-007177,OPEN_ACCIDENT_DATASET,7177,2023-09-05,3:00,2023,9,Tuesday,Mumbai,Bandra West,Western Express Highway (Bandra - Santacruz),19.069771,72.842336,Two-Wheeler / Bike,Rural,Minor,1,0,1,Distraction,Low,Moderate,36.5,Rain,Medium,0,1,0.95,1.0,UNIQUE,,0,35.5
ACC-IND-007179,OPEN_ACCIDENT_DATASET,7179,2024-12-18,1:00,2024,12,Wednesday,Mumbai,Andheri West,Swami Vivekanand (SV) Road (Andheri West),19.135589,72.827642,Heavy Commercial / Truck,Rural,Minor,3,1,4,Distraction,Medium,Moderate,36.5,Fog,Low,1,4,0.95,1.0,UNIQUE,,-1,64.0
ACC-IND-007180,OPEN_ACCIDENT_DATASET,7180,2024-05-24,18:00,2024,5,Friday,Mumbai,Western Suburbs,Western Express Highway (Kandivali - Goregaon),19.200897,72.889229,Two-Wheeler / Bike,Urban,Minor,1,0,1,Drunk Driving,High,High,36.5,Clear,High,1,1,0.95,1.0,UNIQUE,,-1,40.1
ACC-IND-007196,OPEN_ACCIDENT_DATASET,7196,2023-03-03,19:00,2023,3,Friday,Mumbai,Kurla / Ghatkopar,LBS Marg (Kurla - Ghatkopar),19.077225,72.887146,Car / SUV,Rural,Minor,2,0,2,Distraction,Medium,Moderate,36.5,Rain,Medium,1,5,0.95,1.0,UNIQUE,,7,52.0
ACC-IND-007214,OPEN_ACCIDENT_DATASET,7214,2025-02-24,7:00,2025,2,Monday,Mumbai,Navi Mumbai Gateway,Sion Panvel Highway (Mankhurd - Vashi),19.093354,72.990783,Car / SUV,Highway,Minor,2,0,2,Distraction,High,High,36.5,Rain,Low,1,5,0.95,1.0,UNIQUE,,-1,56.6
ACC-IND-007240,OPEN_ACCIDENT_DATASET,7240,2022-02-09,2:00,2022,2,Friday,Mumbai,Thane West,Ghodbunder Road (Thane West),19.259575,72.964324,Two-Wheeler / Bike,Urban,Grievous/Major,1,0,1,Overspeeding,Low,Moderate,36.5,Clear,High,0,1,0.95,1.0,UNIQUE,,1,46.0
ACC-IND-007246,OPEN_ACCIDENT_DATASET,7246,2024-10-09,23:00,2024,10,Tuesday,Mumbai,Western Suburbs,Western Express Highway (Kandivali - Goregaon),19.268064,72.783261,Heavy Commercial / Truck,Rural,Minor,0,0,0,Distraction,High,High,36.5,Fog,Low,0,3,0.95,1.0,UNIQUE,,-1,52.1
ACC-IND-007248,OPEN_ACCIDENT_DATASET,7248,2025-01-13,15:00,2025,1,Monday,Mumbai,Lower Parel,Lower Parel Commercial Hub / Senapati Bapat Marg,18.997565,72.827784,Two-Wheeler / Bike,Highway,Grievous/Major,1,0,1,Weather,Medium,Moderate,36.5,Clear,High,0,3,0.95,1.0,UNIQUE,,3,62.5
ACC-IND-007260,OPEN_ACCIDENT_DATASET,7260,2025-10-03,3:00,2025,10,Monday,Mumbai,Kurla East,Santa Cruz-Chembur Link Road (SCLR),19.076983,72.875958,Heavy Commercial / Truck,Urban,Minor,0,0,0,Poor Road,Low,Moderate,36.5,Rain,Low,0,3,0.95,1.0,UNIQUE,,7,47.5
ACC-IND-007261,OPEN_ACCIDENT_DATASET,7261,2022-09-26,4:00,2022,9,Monday,Mumbai,Eastern Suburbs,Eastern Express Highway (Vikhroli - Ghatkopar),19.130061,72.969448,Heavy Commercial / Truck,Urban,Minor,0,0,0,Poor Road,Medium,Moderate,36.5,Rain,Low,0,3,0.95,1.0,UNIQUE,,-1,47.5
ACC-IND-007263,OPEN_ACCIDENT_DATASET,7263,2024-08-07,4:00,2024,8,Monday,Mumbai,South Mumbai,Marine Drive Promenade / Netaji Subhash Road,18.900522,72.867152,Heavy Commercial / Truck,Rural,Minor,0,0,0,Distraction,Low,Moderate,36.5,Rain,Low,1,3,0.95,1.0,UNIQUE,,-1,47.5
ACC-IND-007277,OPEN_ACCIDENT_DATASET,7277,2024-11-08,20:00,2024,11,Sunday,Mumbai,Dadar Central,Dadar TT Circle / Dr. Ambedkar Road,19.019478,72.840412,Heavy Commercial / Truck,Rural,Fatal,4,1,5,Weather,Medium,Moderate,36.5,Clear,High,1,5,0.95,1.0,UNIQUE,,3,82.0
ACC-IND-007280,OPEN_ACCIDENT_DATASET,7280,2022-08-03,1:00,2022,8,Tuesday,Mumbai,Western Suburbs,Western Express Highway (Kandivali - Goregaon),19.169356,72.852403,Car / SUV,Urban,Minor,2,0,2,Weather,Low,Moderate,36.5,Clear,High,0,2,0.95,1.0,UNIQUE,,11,41.5
ACC-IND-007283,OPEN_ACCIDENT_DATASET,7283,2023-04-04,8:00,2023,4,Tuesday,Mumbai,Sion-Chembur,Eastern Express Highway (Sion - Chembur),19.044654,72.891415,Car / SUV,Highway,Minor,2,0,2,Weather,Medium,Moderate,36.5,Clear,High,0,3,0.95,1.0,UNIQUE,,5,52.0
ACC-IND-007286,OPEN_ACCIDENT_DATASET,7286,2022-03-13,12:00,2022,3,Sunday,Mumbai,South Mumbai,Marine Drive Promenade / Netaji Subhash Road,18.955765,72.838098,Heavy Commercial / Truck,Highway,Minor,0,0,0,Poor Road,High,High,36.5,Rain,Medium,1,2,0.95,1.0,UNIQUE,,-1,50.6
ACC-IND-007291,OPEN_ACCIDENT_DATASET,7291,2025-12-01,21:00,2025,12,Sunday,Mumbai,South Mumbai,Marine Drive Promenade / Netaji Subhash Road,18.868349,72.990395,Car / SUV,Urban,Minor,2,0,2,Overspeeding,Low,Moderate,36.5,Fog,Low,1,5,0.95,1.0,UNIQUE,,-1,52.0
ACC-IND-007294,OPEN_ACCIDENT_DATASET,7294,2024-09-04,0:00,2024,9,Tuesday,Mumbai,Eastern Suburbs,Eastern Express Highway (Vikhroli - Ghatkopar),19.146218,72.933776,Heavy Commercial / Truck,Rural,Minor,0,0,0,Distraction,Low,Moderate,36.5,Clear,High,0,3,0.95,1.0,UNIQUE,,-1,47.5
ACC-IND-007300,OPEN_ACCIDENT_DATASET,7300,2023-03-11,0:00,2023,3,Friday,Mumbai,South Mumbai,Marine Drive Promenade / Netaji Subhash Road,18.915861,72.949473,Car / SUV,Highway,Grievous/Major,2,0,2,Drunk Driving,Low,Moderate,36.5,Clear,High,0,5,0.95,1.0,UNIQUE,,-1,62.5
ACC-IND-007302,OPEN_ACCIDENT_DATASET,7302,2023-04-12,2:00,2023,4,Monday,Mumbai,South Mumbai,Marine Drive Promenade / Netaji Subhash Road,18.908589,72.89225,Car / SUV,Rural,Minor,2,0,2,Drunk Driving,Medium,Moderate,36.5,Rain,Low,1,2,0.95,1.0,UNIQUE,,-1,41.5
ACC-IND-007307,OPEN_ACCIDENT_DATASET,7307,2022-02-16,14:00,2022,2,Wednesday,Mumbai,Lower Parel,Lower Parel Commercial Hub / Senapati Bapat Marg,19.029569,72.800382,Car / SUV,Highway,Minor,2,0,2,Weather,High,High,36.5,Fog,Low,0,4,0.95,1.0,UNIQUE,,-1,56.6
ACC-IND-007312,OPEN_ACCIDENT_DATASET,7312,2022-11-26,4:00,2022,11,Saturday,Mumbai,Sion-Chembur,Eastern Express Highway (Sion - Chembur),18.972378,72.915472,Heavy Commercial / Truck,Rural,Minor,4,0,4,Poor Road,Low,Moderate,36.5,Clear,High,0,5,0.95,1.0,UNIQUE,,-1,52.0
ACC-IND-007320,OPEN_ACCIDENT_DATASET,7320,2022-01-16,23:00,2022,1,Sunday,Mumbai,Bandra West,Western Express Highway (Bandra - Santacruz),19.059222,72.844634,Heavy Commercial / Truck,Urban,Fatal,3,1,4,Overspeeding,Low,Moderate,36.5,Fog,Low,1,4,0.95,1.0,UNIQUE,,0,82.0
ACC-IND-007323,OPEN_ACCIDENT_DATASET,7323,2022-02-16,11:00,2022,2,Wednesday,Mumbai,Navi Mumbai Gateway,Sion Panvel Highway (Mankhurd - Vashi),19.057582,72.931634,Heavy Commercial / Truck,Urban,Grievous/Major,0,0,0,Poor Road,Medium,Moderate,36.5,Rain,Medium,0,1,0.95,1.0,UNIQUE,,4,46.0
ACC-IND-007328,OPEN_ACCIDENT_DATASET,7328,2022-04-07,21:00,2022,4,Monday,Mumbai,Western Suburbs,Western Express Highway (Kandivali - Goregaon),19.152358,72.849178,Heavy Commercial / Truck,Rural,Fatal,3,1,4,Overspeeding,Low,Moderate,36.5,Rain,Low,0,4,0.95,1.0,UNIQUE,,11,82.0
ACC-IND-007329,OPEN_ACCIDENT_DATASET,7329,2023-09-17,3:00,2023,9,Sunday,Mumbai,Dadar Central,Dadar TT Circle / Dr. Ambedkar Road,19.020528,72.848294,Car / SUV,Urban,Minor,2,0,2,Distraction,Medium,Moderate,36.5,Clear,High,1,2,0.95,1.0,UNIQUE,,3,41.5
ACC-IND-007342,OPEN_ACCIDENT_DATASET,7342,2023-06-03,12:00,2023,6,Monday,Mumbai,Powai / Andheri East,Jogeshwari-Vikhroli Link Road (JVLR),19.133392,72.859594,Heavy Commercial / Truck,Rural,Grievous/Major,2,1,3,Poor Road,Medium,Moderate,36.5,Clear,High,1,3,0.95,1.0,UNIQUE,,16,70.0
ACC-IND-007350,OPEN_ACCIDENT_DATASET,7350,2022-03-15,11:00,2022,3,Tuesday,Mumbai,Kurla / Ghatkopar,LBS Marg (Kurla - Ghatkopar),19.101076,72.866684,Two-Wheeler / Bike,Rural,Fatal,0,1,1,Weather,High,High,36.5,Fog,Low,0,1,0.95,1.0,UNIQUE,,18,70.1
ACC-IND-007353,OPEN_ACCIDENT_DATASET,7353,2023-02-16,21:00,2023,2,Thursday,Mumbai,Andheri West,Swami Vivekanand (SV) Road (Andheri West),19.130183,72.851436,Car / SUV,Rural,Minor,2,0,2,Weather,Low,Moderate,36.5,Fog,Low,0,2,0.95,1.0,UNIQUE,,-1,41.5
ACC-IND-007357,OPEN_ACCIDENT_DATASET,7357,2024-05-06,9:00,2024,5,Wednesday,Mumbai,Thane West,Ghodbunder Road (Thane West),19.261388,72.966742,Heavy Commercial / Truck,Urban,Fatal,3,1,4,Weather,High,High,36.5,Rain,Medium,1,4,0.95,1.0,UNIQUE,,1,86.6
ACC-IND-007370,OPEN_ACCIDENT_DATASET,7370,2024-06-20,22:00,2024,6,Thursday,Mumbai,Western Suburbs,Western Express Highway (Kandivali - Goregaon),19.162985,72.836693,Heavy Commercial / Truck,Rural,Minor,2,1,3,Drunk Driving,High,High,36.5,Clear,High,0,3,0.95,1.0,UNIQUE,,-1,64.1
ACC-IND-007376,OPEN_ACCIDENT_DATASET,7376,2024-05-29,9:00,2024,5,Wednesday,Mumbai,Andheri West,Swami Vivekanand (SV) Road (Andheri West),19.099052,72.836719,Heavy Commercial / Truck,Urban,Grievous/Major,0,0,0,Distraction,High,High,36.5,Clear,High,0,4,0.95,1.0,UNIQUE,,-1,67.1
ACC-IND-007378,OPEN_ACCIDENT_DATASET,7378,2022-07-19,13:00,2022,7,Tuesday,Mumbai,Dadar Central,Dadar TT Circle / Dr. Ambedkar Road,19.020697,72.848459,Car / SUV,Highway,Grievous/Major,2,0,2,Poor Road,Medium,Moderate,36.5,Clear,High,1,2,0.95,1.0,UNIQUE,,3,56.5
ACC-IND-007398,OPEN_ACCIDENT_DATASET,7398,2022-02-18,15:00,2022,2,Friday,Mumbai,Bandra West,Western Express Highway (Bandra - Santacruz),19.065316,72.843619,Car / SUV,Highway,Minor,2,0,2,Drunk Driving,Medium,Moderate,36.5,Fog,Low,0,2,0.95,1.0,UNIQUE,,0,46.0
ACC-IND-007402,OPEN_ACCIDENT_DATASET,7402,2024-02-13,16:00,2024,2,Tuesday,Mumbai,Eastern Suburbs,Eastern Express Highway (Vikhroli - Ghatkopar),19.098924,72.896359,Car / SUV,Rural,Minor,2,0,2,Overspeeding,High,High,36.5,Clear,High,1,4,0.95,1.0,UNIQUE,,-1,56.6
ACC-IND-007435,OPEN_ACCIDENT_DATASET,7435,2024-03-17,10:00,2024,3,Sunday,Mumbai,Andheri West,Swami Vivekanand (SV) Road (Andheri West),19.093075,72.829163,Heavy Commercial / Truck,Rural,Grievous/Major,3,0,3,Weather,High,High,36.5,Rain,Low,0,3,0.95,1.0,UNIQUE,,-1,62.6
ACC-IND-007436,OPEN_ACCIDENT_DATASET,7436,2024-09-28,21:00,2024,9,Saturday,Mumbai,Western Suburbs,Western Express Highway (Kandivali - Goregaon),19.165252,72.853164,Two-Wheeler / Bike,Rural,Minor,1,0,1,Poor Road,High,High,36.5,Clear,High,1,3,0.95,1.0,UNIQUE,,11,52.1
ACC-IND-007440,OPEN_ACCIDENT_DATASET,7440,2024-03-01,23:00,2024,3,Wednesday,Mumbai,Western Suburbs,Western Express Highway (Kandivali - Goregaon),19.216437,72.787009,Car / SUV,Highway,Grievous/Major,2,0,2,Drunk Driving,Low,Moderate,36.5,Fog,Low,0,4,0.95,1.0,UNIQUE,,-1,62.5
ACC-IND-007459,OPEN_ACCIDENT_DATASET,7459,2022-04-13,3:00,2022,4,Wednesday,Mumbai,Dadar Central,Dadar TT Circle / Dr. Ambedkar Road,19.02169,72.841742,Heavy Commercial / Truck,Urban,Grievous/Major,0,0,0,Drunk Driving,Low,Moderate,36.5,Fog,Low,0,4,0.95,1.0,UNIQUE,,3,62.5
ACC-IND-007470,OPEN_ACCIDENT_DATASET,7470,2024-03-08,11:00,2024,3,Saturday,Mumbai,Navi Mumbai Gateway,Sion Panvel Highway (Mankhurd - Vashi),19.050504,72.985052,Heavy Commercial / Truck,Urban,Grievous/Major,0,0,0,Weather,High,High,36.5,Rain,Medium,0,2,0.95,1.0,UNIQUE,,-1,56.6
ACC-IND-007475,OPEN_ACCIDENT_DATASET,7475,2022-10-21,5:00,2022,10,Friday,Mumbai,South Mumbai,Marine Drive Promenade / Netaji Subhash Road,18.925214,72.914894,Two-Wheeler / Bike,Highway,Grievous/Major,1,0,1,Drunk Driving,Low,Moderate,36.5,Fog,Low,1,3,0.95,1.0,UNIQUE,,-1,62.5
ACC-IND-007480,OPEN_ACCIDENT_DATASET,7480,2022-07-27,9:00,2022,7,Wednesday,Mumbai,South Mumbai,Marine Drive Promenade / Netaji Subhash Road,18.932939,72.810683,Two-Wheeler / Bike,Rural,Minor,1,0,1,Overspeeding,Medium,Moderate,36.5,Fog,Low,1,1,0.95,1.0,UNIQUE,,-1,35.5
ACC-IND-007491,OPEN_ACCIDENT_DATASET,7491,2023-04-15,22:00,2023,4,Saturday,Mumbai,Sion-Chembur,Eastern Express Highway (Sion - Chembur),19.047431,72.88525,Car / SUV,Rural,Fatal,1,1,2,Poor Road,Low,Moderate,36.5,Fog,Low,1,2,0.95,1.0,UNIQUE,,5,71.5
ACC-IND-007492,OPEN_ACCIDENT_DATASET,7492,2023-04-07,16:00,2023,4,Tuesday,Mumbai,Bandra West,Western Express Highway (Bandra - Santacruz),19.056898,72.795955,Heavy Commercial / Truck,Rural,Minor,3,0,3,Drunk Driving,Low,Moderate,36.5,Fog,Low,0,3,0.95,1.0,UNIQUE,,-1,47.5
ACC-IND-007507,OPEN_ACCIDENT_DATASET,7507,2023-10-12,0:00,2023,10,Sunday,Mumbai,Kurla East,Santa Cruz-Chembur Link Road (SCLR),19.074404,72.88196,Heavy Commercial / Truck,Urban,Fatal,3,1,4,Drunk Driving,Low,Moderate,36.5,Fog,Low,0,4,0.95,1.0,UNIQUE,,7,82.0
ACC-IND-007513,OPEN_ACCIDENT_DATASET,7513,2023-09-23,7:00,2023,9,Saturday,Mumbai,Thane West,Ghodbunder Road (Thane West),19.257124,72.964465,Two-Wheeler / Bike,Urban,Grievous/Major,1,0,1,Poor Road,High,High,36.5,Rain,Low,1,3,0.95,1.0,UNIQUE,,1,62.6
ACC-IND-007516,OPEN_ACCIDENT_DATASET,7516,2024-12-18,5:00,2024,12,Wednesday,Mumbai,Eastern Suburbs,Eastern Express Highway (Vikhroli - Ghatkopar),19.097362,72.915811,Heavy Commercial / Truck,Highway,Minor,2,1,3,Distraction,Medium,Moderate,36.5,Rain,Medium,1,4,0.95,1.0,UNIQUE,,2,64.0
ACC-IND-007524,OPEN_ACCIDENT_DATASET,7524,2023-07-12,17:00,2023,7,Thursday,Mumbai,Western Suburbs,Western Express Highway (Kandivali - Goregaon),19.213969,72.804161,Car / SUV,Highway,Grievous/Major,2,0,2,Weather,Medium,Moderate,36.5,Rain,Low,0,2,0.95,1.0,UNIQUE,,-1,56.5
ACC-IND-007535,OPEN_ACCIDENT_DATASET,7535,2022-03-22,10:00,2022,3,Tuesday,Mumbai,Andheri West,Swami Vivekanand (SV) Road (Andheri West),19.118222,72.834543,Heavy Commercial / Truck,Highway,Minor,0,0,0,Distraction,High,High,36.5,Rain,Low,0,1,0.95,1.0,UNIQUE,,10,44.6
ACC-IND-007546,OPEN_ACCIDENT_DATASET,7546,2023-04-03,18:00,2023,4,Saturday,Mumbai,Kurla East,Santa Cruz-Chembur Link Road (SCLR),19.073054,72.875015,Heavy Commercial / Truck,Highway,Minor,0,0,0,Weather,High,High,36.5,Fog,Low,0,3,0.95,1.0,UNIQUE,,7,56.6
ACC-IND-007557,OPEN_ACCIDENT_DATASET,7557,2024-08-04,23:00,2024,8,Monday,Mumbai,Lower Parel,Lower Parel Commercial Hub / Senapati Bapat Marg,18.972953,72.843194,Heavy Commercial / Truck,Rural,Minor,0,0,0,Poor Road,High,High,36.5,Rain,Low,0,1,0.95,1.0,UNIQUE,,-1,40.1
ACC-IND-007560,OPEN_ACCIDENT_DATASET,7560,2024-05-22,11:00,2024,5,Wednesday,Mumbai,Kurla / Ghatkopar,LBS Marg (Kurla - Ghatkopar),19.077605,72.8897,Two-Wheeler / Bike,Urban,Minor,1,0,1,Drunk Driving,Medium,Moderate,36.5,Rain,Low,1,1,0.95,1.0,UNIQUE,,7,35.5
ACC-IND-007572,OPEN_ACCIDENT_DATASET,7572,2024-09-13,22:00,2024,9,Friday,Mumbai,Kurla East,Santa Cruz-Chembur Link Road (SCLR),19.069473,72.882312,Car / SUV,Urban,Fatal,1,1,2,Overspeeding,Medium,Moderate,36.5,Clear,High,0,2,0.95,1.0,UNIQUE,,7,71.5
ACC-IND-007576,OPEN_ACCIDENT_DATASET,7576,2024-06-03,21:00,2024,6,Wednesday,Mumbai,Navi Mumbai Gateway,Sion Panvel Highway (Mankhurd - Vashi),18.990957,72.957189,Heavy Commercial / Truck,Rural,Grievous/Major,0,0,0,Poor Road,Low,Moderate,36.5,Clear,High,1,2,0.95,1.0,UNIQUE,,-1,52.0
ACC-IND-007578,OPEN_ACCIDENT_DATASET,7578,2023-04-30,5:00,2023,4,Sunday,Mumbai,Dadar Central,Dadar TT Circle / Dr. Ambedkar Road,19.021852,72.82952,Car / SUV,Urban,Grievous/Major,2,0,2,Overspeeding,Low,Moderate,36.5,Fog,Low,0,3,0.95,1.0,UNIQUE,,3,58.0
ACC-IND-007580,OPEN_ACCIDENT_DATASET,7580,2023-04-10,1:00,2023,4,Wednesday,Mumbai,Western Suburbs,Western Express Highway (Kandivali - Goregaon),19.225264,72.804102,Two-Wheeler / Bike,Urban,Minor,1,0,1,Weather,Low,Moderate,36.5,Fog,Low,0,1,0.95,1.0,UNIQUE,,-1,35.5
ACC-IND-007603,OPEN_ACCIDENT_DATASET,7603,2022-08-03,23:00,2022,8,Tuesday,Mumbai,Dadar Central,Dadar TT Circle / Dr. Ambedkar Road,19.010854,72.847447,Heavy Commercial / Truck,Highway,Grievous/Major,3,0,3,Weather,High,High,36.5,Rain,Low,1,4,0.95,1.0,UNIQUE,,3,67.1
ACC-IND-007611,OPEN_ACCIDENT_DATASET,7611,2023-06-13,20:00,2023,6,Tuesday,Mumbai,Kurla East,Santa Cruz-Chembur Link Road (SCLR),19.069403,72.871752,Heavy Commercial / Truck,Rural,Minor,3,0,3,Weather,High,High,36.5,Fog,Low,1,3,0.95,1.0,UNIQUE,,7,52.1
ACC-IND-007615,OPEN_ACCIDENT_DATASET,7615,2023-10-10,4:00,2023,10,Tuesday,Mumbai,Western Suburbs,Western Express Highway (Kandivali - Goregaon),19.294191,72.831743,Car / SUV,Urban,Minor,2,0,2,Drunk Driving,Low,Moderate,36.5,Rain,Low,1,2,0.95,1.0,UNIQUE,,-1,41.5
ACC-IND-007618,OPEN_ACCIDENT_DATASET,7618,2022-03-03,3:00,2022,3,Thursday,Mumbai,Western Suburbs,Western Express Highway (Kandivali - Goregaon),19.166234,72.854667,Two-Wheeler / Bike,Rural,Minor,1,0,1,Weather,Low,Moderate,36.5,Clear,High,1,2,0.95,1.0,UNIQUE,,11,41.5
ACC-IND-007628,OPEN_ACCIDENT_DATASET,7628,2023-08-23,21:00,2023,8,Wednesday,Mumbai,Dadar Central,Dadar TT Circle / Dr. Ambedkar Road,19.010742,72.841106,Car / SUV,Urban,Grievous/Major,2,0,2,Weather,Medium,Moderate,36.5,Clear,High,0,3,0.95,1.0,UNIQUE,,3,58.0
ACC-IND-007629,OPEN_ACCIDENT_DATASET,7629,2022-06-27,21:00,2022,6,Monday,Mumbai,South Mumbai,Marine Drive Promenade / Netaji Subhash Road,18.928425,72.904657,Heavy Commercial / Truck,Rural,Minor,0,0,0,Overspeeding,High,High,36.5,Clear,High,0,1,0.95,1.0,UNIQUE,,-1,40.1
ACC-IND-007648,OPEN_ACCIDENT_DATASET,7648,2024-07-25,15:00,2024,7,Thursday,Mumbai,Navi Mumbai Gateway,Sion Panvel Highway (Mankhurd - Vashi),19.054205,72.935301,Heavy Commercial / Truck,Highway,Grievous/Major,0,0,0,Overspeeding,Medium,Moderate,36.5,Fog,Low,0,3,0.95,1.0,UNIQUE,,4,62.5
ACC-IND-007651,OPEN_ACCIDENT_DATASET,7651,2023-08-27,20:00,2023,8,Sunday,Mumbai,Kurla / Ghatkopar,LBS Marg (Kurla - Ghatkopar),19.079995,72.894004,Car / SUV,Highway,Minor,2,0,2,Poor Road,Medium,Moderate,36.5,Clear,High,1,5,0.95,1.0,UNIQUE,,7,52.0
ACC-IND-007656,OPEN_ACCIDENT_DATASET,7656,2023-05-07,12:00,2023,5,Wednesday,Mumbai,Powai / Andheri East,Jogeshwari-Vikhroli Link Road (JVLR),19.16215,72.921593,Heavy Commercial / Truck,Rural,Fatal,2,1,3,Weather,Medium,Moderate,36.5,Clear,High,0,3,0.95,1.0,UNIQUE,,-1,77.5
ACC-IND-007669,OPEN_ACCIDENT_DATASET,7669,2022-06-26,23:00,2022,6,Sunday,Mumbai,Thane West,Ghodbunder Road (Thane West),19.258555,72.970045,Car / SUV,Highway,Minor,2,0,2,Overspeeding,Low,Moderate,36.5,Clear,High,1,3,0.95,1.0,UNIQUE,,1,52.0
ACC-IND-007685,OPEN_ACCIDENT_DATASET,7685,2022-08-31,7:00,2022,8,Wednesday,Mumbai,Western Suburbs,Western Express Highway (Kandivali - Goregaon),19.218161,72.849695,Car / SUV,Urban,Minor,2,0,2,Distraction,Medium,Moderate,36.5,Clear,High,0,2,0.95,1.0,UNIQUE,,-1,41.5
ACC-IND-007698,OPEN_ACCIDENT_DATASET,7698,2023-09-19,17:00,2023,9,Tuesday,Mumbai,Thane West,Ghodbunder Road (Thane West),19.197607,72.962819,Heavy Commercial / Truck,Urban,Minor,3,0,3,Drunk Driving,High,High,36.5,Rain,Low,0,3,0.95,1.0,UNIQUE,,-1,52.1
ACC-IND-007717,OPEN_ACCIDENT_DATASET,7717,2023-05-15,8:00,2023,5,Monday,Mumbai,Andheri West,Swami Vivekanand (SV) Road (Andheri West),19.117634,72.843645,Heavy Commercial / Truck,Rural,Minor,0,0,0,Overspeeding,High,High,36.5,Clear,High,1,1,0.95,1.0,UNIQUE,,10,40.1
ACC-IND-007719,OPEN_ACCIDENT_DATASET,7719,2024-01-09,18:00,2024,1,Sunday,Mumbai,Western Suburbs,Western Express Highway (Kandivali - Goregaon),19.183125,72.906834,Heavy Commercial / Truck,Urban,Minor,0,0,0,Drunk Driving,Medium,Moderate,36.5,Fog,Low,1,2,0.95,1.0,UNIQUE,,12,41.5
ACC-IND-007720,OPEN_ACCIDENT_DATASET,7720,2025-02-22,2:00,2025,2,Saturday,Mumbai,Lower Parel,Lower Parel Commercial Hub / Senapati Bapat Marg,18.995693,72.828732,Heavy Commercial / Truck,Highway,Minor,2,1,3,Drunk Driving,Low,Moderate,36.5,Fog,Low,1,5,0.95,1.0,UNIQUE,,3,64.0
ACC-IND-007723,OPEN_ACCIDENT_DATASET,7723,2022-05-14,23:00,2022,5,Saturday,Mumbai,Bandra West,Western Express Highway (Bandra - Santacruz),19.06401,72.841,Heavy Commercial / Truck,Rural,Grievous/Major,4,0,4,Poor Road,Medium,Moderate,36.5,Clear,High,1,5,0.95,1.0,UNIQUE,,0,62.5
ACC-IND-007731,OPEN_ACCIDENT_DATASET,7731,2022-06-14,11:00,2022,6,Tuesday,Mumbai,South Mumbai,Marine Drive Promenade / Netaji Subhash Road,18.944847,72.821568,Two-Wheeler / Bike,Highway,Minor,1,0,1,Overspeeding,Low,Moderate,36.5,Rain,Medium,1,3,0.95,1.0,UNIQUE,,6,52.0
ACC-IND-007734,OPEN_ACCIDENT_DATASET,7734,2025-11-01,14:00,2025,11,Saturday,Mumbai,Thane West,Ghodbunder Road (Thane West),19.256811,72.962223,Heavy Commercial / Truck,Urban,Minor,0,0,0,Distraction,High,High,36.5,Fog,Low,1,2,0.95,1.0,UNIQUE,,1,46.1
ACC-IND-007742,OPEN_ACCIDENT_DATASET,7742,2022-05-03,2:00,2022,5,Saturday,Mumbai,Kurla / Ghatkopar,LBS Marg (Kurla - Ghatkopar),19.082799,72.885871,Car / SUV,Highway,Grievous/Major,2,0,2,Drunk Driving,Low,Moderate,36.5,Clear,High,0,3,0.95,1.0,UNIQUE,,7,62.5
ACC-IND-007761,OPEN_ACCIDENT_DATASET,7761,2022-02-02,16:00,2022,2,Wednesday,Mumbai,Dadar Central,Dadar TT Circle / Dr. Ambedkar Road,19.01059,72.857945,Heavy Commercial / Truck,Rural,Grievous/Major,0,0,0,Distraction,Medium,Moderate,36.5,Clear,High,1,1,0.95,1.0,UNIQUE,,-1,46.0
ACC-IND-007766,OPEN_ACCIDENT_DATASET,7766,2024-12-11,3:00,2024,12,Tuesday,Mumbai,Powai / Andheri East,Jogeshwari-Vikhroli Link Road (JVLR),19.124424,72.889085,Heavy Commercial / Truck,Rural,Minor,0,0,0,Overspeeding,Low,Moderate,36.5,Clear,High,0,1,0.95,1.0,UNIQUE,,8,35.5
ACC-IND-007778,OPEN_ACCIDENT_DATASET,7778,2024-07-13,16:00,2024,7,Saturday,Mumbai,Western Suburbs,Western Express Highway (Kandivali - Goregaon),19.184388,72.822402,Two-Wheeler / Bike,Rural,Minor,1,0,1,Drunk Driving,High,High,36.5,Clear,High,0,3,0.95,1.0,UNIQUE,,-1,52.1
ACC-IND-007781,OPEN_ACCIDENT_DATASET,7781,2023-04-12,22:00,2023,4,Monday,Mumbai,Kurla / Ghatkopar,LBS Marg (Kurla - Ghatkopar),19.082126,72.884608,Car / SUV,Urban,Grievous/Major,2,0,2,Overspeeding,Medium,Moderate,36.5,Clear,High,1,2,0.95,1.0,UNIQUE,,7,52.0
ACC-IND-007794,OPEN_ACCIDENT_DATASET,7794,2024-03-07,19:00,2024,3,Wednesday,Mumbai,Kurla / Ghatkopar,LBS Marg (Kurla - Ghatkopar),19.076797,72.887248,Heavy Commercial / Truck,Highway,Grievous/Major,3,0,3,Weather,High,High,36.5,Clear,High,1,4,0.95,1.0,UNIQUE,,7,67.1
ACC-IND-007795,OPEN_ACCIDENT_DATASET,7795,2022-08-20,1:00,2022,8,Saturday,Mumbai,Bandra West,Western Express Highway (Bandra - Santacruz),19.055151,72.811759,Heavy Commercial / Truck,Urban,Grievous/Major,3,0,3,Weather,Medium,Moderate,36.5,Rain,Medium,1,3,0.95,1.0,UNIQUE,,-1,58.0
ACC-IND-007798,OPEN_ACCIDENT_DATASET,7798,2024-02-21,13:00,2024,2,Wednesday,Mumbai,Western Suburbs,Western Express Highway (Kandivali - Goregaon),19.261113,72.815462,Car / SUV,Highway,Minor,2,0,2,Weather,Medium,Moderate,36.5,Clear,High,1,3,0.95,1.0,UNIQUE,,-1,52.0
ACC-IND-007805,OPEN_ACCIDENT_DATASET,7805,2025-03-31,16:00,2025,3,Monday,Mumbai,Powai / Andheri East,Jogeshwari-Vikhroli Link Road (JVLR),19.124416,72.879027,Heavy Commercial / Truck,Highway,Minor,3,0,3,Distraction,Medium,Moderate,36.5,Rain,Medium,1,4,0.95,1.0,UNIQUE,,8,52.0
ACC-IND-007816,OPEN_ACCIDENT_DATASET,7816,2024-05-06,18:00,2024,5,Wednesday,Mumbai,Sion-Chembur,Eastern Express Highway (Sion - Chembur),19.042308,72.888595,Heavy Commercial / Truck,Urban,Grievous/Major,4,1,5,Poor Road,Medium,Moderate,36.5,Clear,High,0,5,0.95,1.0,UNIQUE,,5,74.5
ACC-IND-007830,OPEN_ACCIDENT_DATASET,7830,2023-06-22,16:00,2023,6,Thursday,Mumbai,Eastern Suburbs,Eastern Express Highway (Vikhroli - Ghatkopar),19.138477,72.954467,Car / SUV,Rural,Minor,2,0,2,Drunk Driving,Medium,Moderate,36.5,Clear,High,0,4,0.95,1.0,UNIQUE,,-1,52.0
ACC-IND-007832,OPEN_ACCIDENT_DATASET,7832,2024-11-05,0:00,2024,11,Saturday,Mumbai,Kurla East,Santa Cruz-Chembur Link Road (SCLR),19.071199,72.877724,Car / SUV,Rural,Minor,2,0,2,Overspeeding,High,High,36.5,Fog,Low,1,4,0.95,1.0,UNIQUE,,7,56.6
ACC-IND-007859,OPEN_ACCIDENT_DATASET,7859,2023-06-03,17:00,2023,6,Monday,Mumbai,Navi Mumbai Gateway,Sion Panvel Highway (Mankhurd - Vashi),19.053083,72.919646,Heavy Commercial / Truck,Highway,Fatal,3,1,4,Weather,High,High,36.5,Fog,Low,1,4,0.95,1.0,UNIQUE,,-1,86.6
ACC-IND-007873,OPEN_ACCIDENT_DATASET,7873,2022-08-31,2:00,2022,8,Wednesday,Mumbai,South Mumbai,Marine Drive Promenade / Netaji Subhash Road,18.947837,72.81234,Heavy Commercial / Truck,Rural,Fatal,4,1,5,Drunk Driving,Medium,Moderate,36.5,Clear,High,1,5,0.95,1.0,UNIQUE,,6,82.0
ACC-IND-007884,OPEN_ACCIDENT_DATASET,7884,2023-04-19,23:00,2023,4,Wednesday,Mumbai,Kurla East,Santa Cruz-Chembur Link Road (SCLR),19.071917,72.876935,Two-Wheeler / Bike,Rural,Grievous/Major,1,0,1,Overspeeding,Low,Moderate,36.5,Clear,High,0,1,0.95,1.0,UNIQUE,,7,46.0
ACC-IND-007890,OPEN_ACCIDENT_DATASET,7890,2023-03-01,22:00,2023,3,Tuesday,Mumbai,Dadar Central,Dadar TT Circle / Dr. Ambedkar Road,19.010017,72.845977,Two-Wheeler / Bike,Urban,Grievous/Major,1,0,1,Distraction,High,High,36.5,Fog,Low,0,3,0.95,1.0,UNIQUE,,3,62.6
ACC-IND-007891,OPEN_ACCIDENT_DATASET,7891,2023-09-15,7:00,2023,9,Friday,Mumbai,Sion-Chembur,Eastern Express Highway (Sion - Chembur),19.020643,72.894863,Heavy Commercial / Truck,Urban,Grievous/Major,3,1,4,Distraction,High,High,36.5,Fog,Low,1,5,0.95,1.0,UNIQUE,,-1,79.1
ACC-IND-007894,OPEN_ACCIDENT_DATASET,7894,2022-01-02,11:00,2022,1,Tuesday,Mumbai,Bandra West,Western Express Highway (Bandra - Santacruz),19.064717,72.858536,Heavy Commercial / Truck,Highway,Minor,0,0,0,Poor Road,High,High,36.5,Rain,Medium,1,1,0.95,1.0,UNIQUE,,-1,44.6
ACC-IND-007896,OPEN_ACCIDENT_DATASET,7896,2023-11-03,20:00,2023,11,Saturday,Mumbai,Andheri West,Swami Vivekanand (SV) Road (Andheri West),19.114333,72.840597,Heavy Commercial / Truck,Highway,Minor,0,0,0,Overspeeding,High,High,36.5,Clear,High,0,4,0.95,1.0,UNIQUE,,10,56.6
ACC-IND-007900,OPEN_ACCIDENT_DATASET,7900,2025-01-18,17:00,2025,1,Saturday,Mumbai,Western Suburbs,Western Express Highway (Kandivali - Goregaon),19.13834,72.857542,Two-Wheeler / Bike,Rural,Minor,1,0,1,Poor Road,Low,Moderate,36.5,Clear,High,0,3,0.95,1.0,UNIQUE,,16,47.5
ACC-IND-007904,OPEN_ACCIDENT_DATASET,7904,2022-10-28,13:00,2022,10,Friday,Mumbai,South Mumbai,Marine Drive Promenade / Netaji Subhash Road,18.921454,72.929479,Heavy Commercial / Truck,Highway,Minor,2,1,3,Overspeeding,High,High,36.5,Fog,Low,0,3,0.95,1.0,UNIQUE,,-1,68.6
ACC-IND-007917,OPEN_ACCIDENT_DATASET,7917,2023-09-02,21:00,2023,9,Thursday,Mumbai,Western Suburbs,Western Express Highway (Kandivali - Goregaon),19.196264,72.776816,Car / SUV,Highway,Minor,2,0,2,Overspeeding,Low,Moderate,36.5,Clear,High,0,4,0.95,1.0,UNIQUE,,-1,52.0
ACC-IND-007918,OPEN_ACCIDENT_DATASET,7918,2023-06-18,20:00,2023,6,Sunday,Mumbai,Eastern Suburbs,Eastern Express Highway (Vikhroli - Ghatkopar),19.131219,72.927133,Car / SUV,Urban,Grievous/Major,2,0,2,Overspeeding,Low,Moderate,36.5,Rain,Medium,0,4,0.95,1.0,UNIQUE,,-1,62.5
ACC-IND-007937,OPEN_ACCIDENT_DATASET,7937,2024-07-28,8:00,2024,7,Sunday,Mumbai,Eastern Suburbs,Eastern Express Highway (Vikhroli - Ghatkopar),19.161703,72.959452,Heavy Commercial / Truck,Highway,Minor,2,1,3,Overspeeding,High,High,36.5,Fog,Low,0,3,0.95,1.0,UNIQUE,,-1,68.6
ACC-IND-007939,OPEN_ACCIDENT_DATASET,7939,2023-04-25,3:00,2023,4,Tuesday,Mumbai,South Mumbai,Marine Drive Promenade / Netaji Subhash Road,18.944097,72.821854,Two-Wheeler / Bike,Highway,Minor,1,0,1,Drunk Driving,Low,Moderate,36.5,Clear,High,1,3,0.95,1.0,UNIQUE,,6,52.0
ACC-IND-007953,OPEN_ACCIDENT_DATASET,7953,2022-07-07,1:00,2022,7,Thursday,Mumbai,Western Suburbs,Western Express Highway (Kandivali - Goregaon),19.205152,72.807652,Two-Wheeler / Bike,Rural,Minor,1,0,1,Drunk Driving,High,High,36.5,Rain,Low,0,3,0.95,1.0,UNIQUE,,-1,52.1
ACC-IND-007954,OPEN_ACCIDENT_DATASET,7954,2022-10-04,12:00,2022,10,Sunday,Mumbai,South Mumbai,Marine Drive Promenade / Netaji Subhash Road,18.882265,72.840487,Heavy Commercial / Truck,Urban,Fatal,3,1,4,Overspeeding,High,High,36.5,Rain,Low,1,4,0.95,1.0,UNIQUE,,-1,86.6
ACC-IND-007956,OPEN_ACCIDENT_DATASET,7956,2025-03-14,17:00,2025,3,Friday,Mumbai,Dadar Central,Dadar TT Circle / Dr. Ambedkar Road,18.996755,72.857324,Heavy Commercial / Truck,Rural,Fatal,3,1,4,Weather,High,High,36.5,Rain,Medium,1,4,0.95,1.0,UNIQUE,,-1,86.6
ACC-IND-007968,OPEN_ACCIDENT_DATASET,7968,2024-10-24,10:00,2024,10,Thursday,Mumbai,Andheri West,Swami Vivekanand (SV) Road (Andheri West),19.132733,72.843132,Two-Wheeler / Bike,Highway,Fatal,0,1,1,Weather,High,High,36.5,Clear,High,0,1,0.95,1.0,UNIQUE,,-1,74.6
ACC-IND-007969,OPEN_ACCIDENT_DATASET,7969,2025-07-04,5:00,2025,7,Monday,Mumbai,Navi Mumbai Gateway,Sion Panvel Highway (Mankhurd - Vashi),19.048976,72.938333,Heavy Commercial / Truck,Urban,Fatal,3,1,4,Distraction,Low,Moderate,36.5,Fog,Low,1,4,0.95,1.0,UNIQUE,,4,82.0
ACC-IND-008019,OPEN_ACCIDENT_DATASET,8019,2022-07-29,7:00,2022,7,Friday,Mumbai,Lower Parel,Lower Parel Commercial Hub / Senapati Bapat Marg,18.993916,72.828486,Heavy Commercial / Truck,Rural,Fatal,2,1,3,Poor Road,High,High,36.5,Fog,Low,1,3,0.95,1.0,UNIQUE,,3,82.1
ACC-IND-008022,OPEN_ACCIDENT_DATASET,8022,2024-02-09,15:00,2024,2,Monday,Mumbai,South Mumbai,Marine Drive Promenade / Netaji Subhash Road,18.926941,72.920782,Heavy Commercial / Truck,Rural,Minor,0,0,0,Drunk Driving,High,High,36.5,Clear,High,0,4,0.95,1.0,UNIQUE,,-1,56.6
ACC-IND-008023,OPEN_ACCIDENT_DATASET,8023,2025-01-24,23:00,2025,1,Friday,Mumbai,Western Suburbs,Western Express Highway (Kandivali - Goregaon),19.208952,72.770538,Car / SUV,Highway,Grievous/Major,2,0,2,Drunk Driving,Low,Moderate,36.5,Fog,Low,1,4,0.95,1.0,UNIQUE,,-1,62.5
ACC-IND-008034,OPEN_ACCIDENT_DATASET,8034,2022-08-06,4:00,2022,8,Wednesday,Mumbai,Thane West,Ghodbunder Road (Thane West),19.278411,72.895847,Car / SUV,Highway,Grievous/Major,2,0,2,Overspeeding,Low,Moderate,36.5,Clear,High,1,5,0.95,1.0,UNIQUE,,-1,62.5
ACC-IND-008036,OPEN_ACCIDENT_DATASET,8036,2022-03-15,18:00,2022,3,Tuesday,Mumbai,Eastern Suburbs,Eastern Express Highway (Vikhroli - Ghatkopar),19.092857,72.944536,Heavy Commercial / Truck,Rural,Minor,0,0,0,Overspeeding,High,High,36.5,Fog,Low,1,1,0.95,1.0,UNIQUE,,-1,40.1
ACC-IND-008063,OPEN_ACCIDENT_DATASET,8063,2024-08-28,12:00,2024,8,Wednesday,Mumbai,Western Suburbs,Western Express Highway (Kandivali - Goregaon),19.212379,72.817203,Heavy Commercial / Truck,Urban,Minor,0,0,0,Overspeeding,Low,Moderate,36.5,Clear,High,1,3,0.95,1.0,UNIQUE,,-1,47.5
ACC-IND-008076,OPEN_ACCIDENT_DATASET,8076,2024-05-22,16:00,2024,5,Wednesday,Mumbai,South Mumbai,Marine Drive Promenade / Netaji Subhash Road,18.901593,72.918623,Heavy Commercial / Truck,Urban,Minor,0,0,0,Distraction,Low,Moderate,36.5,Clear,High,1,1,0.95,1.0,UNIQUE,,-1,35.5
ACC-IND-008094,OPEN_ACCIDENT_DATASET,8094,2024-12-18,18:00,2024,12,Wednesday,Mumbai,Western Suburbs,Western Express Highway (Kandivali - Goregaon),19.145098,72.848285,Two-Wheeler / Bike,Urban,Grievous/Major,1,0,1,Drunk Driving,High,High,36.5,Fog,Low,1,2,0.95,1.0,UNIQUE,,17,56.6
ACC-IND-008098,OPEN_ACCIDENT_DATASET,8098,2022-04-19,6:00,2022,4,Tuesday,Mumbai,Dadar Central,Dadar TT Circle / Dr. Ambedkar Road,19.013058,72.841011,Heavy Commercial / Truck,Highway,Fatal,4,1,5,Overspeeding,Medium,Moderate,36.5,Rain,Low,0,5,0.95,1.0,UNIQUE,,3,82.0
ACC-IND-008101,OPEN_ACCIDENT_DATASET,8101,2023-12-30,13:00,2023,12,Saturday,Mumbai,Eastern Suburbs,Eastern Express Highway (Vikhroli - Ghatkopar),19.096139,72.909387,Two-Wheeler / Bike,Rural,Minor,1,0,1,Weather,High,High,36.5,Fog,Low,0,1,0.95,1.0,UNIQUE,,2,40.1
ACC-IND-008102,OPEN_ACCIDENT_DATASET,8102,2024-08-07,14:00,2024,8,Monday,Mumbai,Sion-Chembur,Eastern Express Highway (Sion - Chembur),19.048114,72.893349,Car / SUV,Rural,Grievous/Major,2,0,2,Weather,Medium,Moderate,36.5,Rain,Medium,0,5,0.95,1.0,UNIQUE,,5,62.5
ACC-IND-008107,OPEN_ACCIDENT_DATASET,8107,2022-04-26,18:00,2022,4,Tuesday,Mumbai,South Mumbai,Marine Drive Promenade / Netaji Subhash Road,18.895097,72.874627,Heavy Commercial / Truck,Rural,Fatal,2,1,3,Drunk Driving,High,High,36.5,Clear,High,1,3,0.95,1.0,UNIQUE,,-1,82.1
ACC-IND-008112,OPEN_ACCIDENT_DATASET,8112,2024-07-04,6:00,2024,7,Sunday,Mumbai,Thane West,Ghodbunder Road (Thane West),19.250334,72.877818,Two-Wheeler / Bike,Urban,Minor,1,0,1,Poor Road,Medium,Moderate,36.5,Clear,High,0,2,0.95,1.0,UNIQUE,,-1,41.5
ACC-IND-008125,OPEN_ACCIDENT_DATASET,8125,2025-02-14,19:00,2025,2,Friday,Mumbai,Western Suburbs,Western Express Highway (Kandivali - Goregaon),19.168772,72.855189,Two-Wheeler / Bike,Highway,Grievous/Major,1,0,1,Drunk Driving,High,High,36.5,Fog,Low,1,1,0.95,1.0,UNIQUE,,11,55.1
ACC-IND-008126,OPEN_ACCIDENT_DATASET,8126,2023-07-21,2:00,2023,7,Friday,Mumbai,Thane West,Ghodbunder Road (Thane West),19.287505,72.891429,Heavy Commercial / Truck,Rural,Grievous/Major,0,0,0,Poor Road,Low,Moderate,36.5,Clear,High,1,2,0.95,1.0,UNIQUE,,-1,52.0
ACC-IND-008127,OPEN_ACCIDENT_DATASET,8127,2024-05-09,8:00,2024,5,Thursday,Mumbai,Eastern Suburbs,Eastern Express Highway (Vikhroli - Ghatkopar),19.095458,72.913218,Heavy Commercial / Truck,Urban,Minor,4,1,5,Drunk Driving,High,High,36.5,Clear,High,0,5,0.95,1.0,UNIQUE,,2,68.6
ACC-IND-008139,OPEN_ACCIDENT_DATASET,8139,2022-12-15,23:00,2022,12,Thursday,Mumbai,Bandra West,Western Express Highway (Bandra - Santacruz),19.064609,72.841996,Heavy Commercial / Truck,Urban,Grievous/Major,3,1,4,Weather,High,High,36.5,Clear,High,1,5,0.95,1.0,UNIQUE,,0,79.1
ACC-IND-008141,OPEN_ACCIDENT_DATASET,8141,2025-01-01,6:00,2025,1,Wednesday,Mumbai,Thane West,Ghodbunder Road (Thane West),19.228979,72.971842,Heavy Commercial / Truck,Urban,Minor,4,0,4,Weather,Medium,Moderate,36.5,Fog,Low,0,5,0.95,1.0,UNIQUE,,-1,52.0
ACC-IND-008142,OPEN_ACCIDENT_DATASET,8142,2024-11-01,1:00,2024,11,Thursday,Mumbai,South Mumbai,Marine Drive Promenade / Netaji Subhash Road,18.884961,72.980011,Two-Wheeler / Bike,Rural,Grievous/Major,1,0,1,Overspeeding,Low,Moderate,36.5,Fog,Low,1,2,0.95,1.0,UNIQUE,,-1,52.0
ACC-IND-008144,OPEN_ACCIDENT_DATASET,8144,2024-09-19,5:00,2024,9,Thursday,Mumbai,Eastern Suburbs,Eastern Express Highway (Vikhroli - Ghatkopar),19.107892,72.97905,Heavy Commercial / Truck,Urban,Minor,0,0,0,Weather,Low,Moderate,36.5,Rain,Low,0,5,0.95,1.0,UNIQUE,,-1,52.0
ACC-IND-008145,OPEN_ACCIDENT_DATASET,8145,2024-01-06,17:00,2024,1,Saturday,Mumbai,Kurla / Ghatkopar,LBS Marg (Kurla - Ghatkopar),19.08229,72.886512,Heavy Commercial / Truck,Highway,Fatal,3,1,4,Distraction,High,High,36.5,Fog,Low,0,4,0.95,1.0,UNIQUE,,7,86.6
ACC-IND-008149,OPEN_ACCIDENT_DATASET,8149,2024-09-02,0:00,2024,9,Friday,Mumbai,Western Suburbs,Western Express Highway (Kandivali - Goregaon),19.223937,72.818824,Two-Wheeler / Bike,Rural,Minor,1,0,1,Distraction,Medium,Moderate,36.5,Fog,Low,0,1,0.95,1.0,UNIQUE,,-1,35.5
ACC-IND-008151,OPEN_ACCIDENT_DATASET,8151,2024-06-05,11:00,2024,6,Monday,Mumbai,Western Suburbs,Western Express Highway (Kandivali - Goregaon),19.1607,72.858752,Car / SUV,Highway,Minor,2,0,2,Overspeeding,Medium,Moderate,36.5,Clear,High,1,5,0.95,1.0,UNIQUE,,11,52.0
ACC-IND-008164,OPEN_ACCIDENT_DATASET,8164,2023-12-22,2:00,2023,12,Friday,Mumbai,Western Suburbs,Western Express Highway (Kandivali - Goregaon),19.156232,72.802438,Heavy Commercial / Truck,Rural,Grievous/Major,0,0,0,Overspeeding,Low,Moderate,36.5,Rain,Medium,1,2,0.95,1.0,UNIQUE,,-1,52.0
ACC-IND-008165,OPEN_ACCIDENT_DATASET,8165,2025-06-02,23:00,2025,6,Thursday,Mumbai,Western Suburbs,Western Express Highway (Kandivali - Goregaon),19.19992,72.844467,Two-Wheeler / Bike,Highway,Grievous/Major,1,0,1,Weather,Low,Moderate,36.5,Rain,Low,1,1,0.95,1.0,UNIQUE,,-1,50.5
ACC-IND-008167,OPEN_ACCIDENT_DATASET,8167,2025-03-19,1:00,2025,3,Wednesday,Mumbai,Sion-Chembur,Eastern Express Highway (Sion - Chembur),19.042573,72.88703,Heavy Commercial / Truck,Urban,Grievous/Major,3,0,3,Drunk Driving,Low,Moderate,36.5,Clear,High,1,5,0.95,1.0,UNIQUE,,5,62.5
ACC-IND-008168,OPEN_ACCIDENT_DATASET,8168,2022-02-17,22:00,2022,2,Thursday,Mumbai,Eastern Suburbs,Eastern Express Highway (Vikhroli - Ghatkopar),19.133771,72.986666,Two-Wheeler / Bike,Rural,Grievous/Major,1,0,1,Distraction,Low,Moderate,36.5,Clear,High,0,2,0.95,1.0,UNIQUE,,-1,52.0
ACC-IND-008184,OPEN_ACCIDENT_DATASET,8184,2025-02-27,7:00,2025,2,Thursday,Mumbai,Kurla / Ghatkopar,LBS Marg (Kurla - Ghatkopar),19.079772,72.885034,Heavy Commercial / Truck,Highway,Minor,3,1,4,Weather,Low,Moderate,36.5,Rain,Medium,1,5,0.95,1.0,UNIQUE,,7,64.0
ACC-IND-008196,OPEN_ACCIDENT_DATASET,8196,2025-01-17,11:00,2025,1,Friday,Mumbai,Andheri West,Swami Vivekanand (SV) Road (Andheri West),19.141684,72.795524,Car / SUV,Highway,Grievous/Major,2,0,2,Weather,Low,Moderate,36.5,Fog,Low,1,3,0.95,1.0,UNIQUE,,-1,62.5
ACC-IND-008201,OPEN_ACCIDENT_DATASET,8201,2022-12-20,19:00,2022,12,Tuesday,Mumbai,Powai / Andheri East,Jogeshwari-Vikhroli Link Road (JVLR),19.162681,72.947252,Heavy Commercial / Truck,Urban,Minor,2,1,3,Drunk Driving,High,High,36.5,Clear,High,1,4,0.95,1.0,UNIQUE,,-1,68.6
ACC-IND-008205,OPEN_ACCIDENT_DATASET,8205,2024-06-22,3:00,2024,6,Saturday,Mumbai,Eastern Suburbs,Eastern Express Highway (Vikhroli - Ghatkopar),19.099323,72.916268,Heavy Commercial / Truck,Urban,Minor,3,1,4,Distraction,Low,Moderate,36.5,Clear,High,1,5,0.95,1.0,UNIQUE,,2,64.0
ACC-IND-008214,OPEN_ACCIDENT_DATASET,8214,2024-10-02,20:00,2024,10,Saturday,Mumbai,Western Suburbs,Western Express Highway (Kandivali - Goregaon),19.165922,72.786315,Two-Wheeler / Bike,Urban,Minor,1,0,1,Overspeeding,High,High,36.5,Rain,Medium,1,5,0.95,1.0,UNIQUE,,-1,56.6
ACC-IND-008215,OPEN_ACCIDENT_DATASET,8215,2025-12-03,12:00,2025,12,Wednesday,Mumbai,Western Suburbs,Western Express Highway (Kandivali - Goregaon),19.271395,72.850213,Two-Wheeler / Bike,Highway,Grievous/Major,1,0,1,Drunk Driving,Medium,Moderate,36.5,Fog,Low,1,2,0.95,1.0,UNIQUE,,-1,56.5
ACC-IND-008223,OPEN_ACCIDENT_DATASET,8223,2022-10-02,9:00,2022,10,Thursday,Mumbai,Kurla / Ghatkopar,LBS Marg (Kurla - Ghatkopar),19.084449,72.88986,Car / SUV,Rural,Minor,2,0,2,Weather,High,High,36.5,Fog,Low,0,2,0.95,1.0,UNIQUE,,7,46.1
ACC-IND-008227,OPEN_ACCIDENT_DATASET,8227,2023-11-09,19:00,2023,11,Monday,Mumbai,Sion-Chembur,Eastern Express Highway (Sion - Chembur),18.961175,72.919031,Heavy Commercial / Truck,Highway,Minor,0,0,0,Distraction,High,High,36.5,Fog,Low,0,1,0.95,1.0,UNIQUE,,-1,44.6
ACC-IND-008230,OPEN_ACCIDENT_DATASET,8230,2024-05-10,20:00,2024,5,Saturday,Mumbai,Kurla / Ghatkopar,LBS Marg (Kurla - Ghatkopar),19.082136,72.880185,Heavy Commercial / Truck,Urban,Fatal,3,1,4,Overspeeding,Low,Moderate,36.5,Fog,Low,1,4,0.95,1.0,UNIQUE,,7,82.0
ACC-IND-008243,OPEN_ACCIDENT_DATASET,8243,2023-01-04,23:00,2023,1,Saturday,Mumbai,Eastern Suburbs,Eastern Express Highway (Vikhroli - Ghatkopar),19.107861,72.912744,Heavy Commercial / Truck,Rural,Grievous/Major,0,0,0,Overspeeding,Medium,Moderate,36.5,Fog,Low,1,2,0.95,1.0,UNIQUE,,2,52.0
ACC-IND-008253,OPEN_ACCIDENT_DATASET,8253,2022-09-12,4:00,2022,9,Friday,Mumbai,Thane West,Ghodbunder Road (Thane West),19.288443,72.876214,Two-Wheeler / Bike,Rural,Grievous/Major,1,0,1,Overspeeding,Low,Moderate,36.5,Clear,High,1,4,0.95,1.0,UNIQUE,,-1,62.5
ACC-IND-008255,OPEN_ACCIDENT_DATASET,8255,2022-11-24,13:00,2022,11,Thursday,Mumbai,Western Suburbs,Western Express Highway (Kandivali - Goregaon),19.165051,72.856043,Heavy Commercial / Truck,Rural,Minor,0,0,0,Poor Road,Low,Moderate,36.5,Fog,Low,1,3,0.95,1.0,UNIQUE,,11,47.5
ACC-IND-008257,OPEN_ACCIDENT_DATASET,8257,2024-08-25,16:00,2024,8,Sunday,Mumbai,Eastern Suburbs,Eastern Express Highway (Vikhroli - Ghatkopar),19.099983,72.910865,Heavy Commercial / Truck,Rural,Minor,0,0,0,Distraction,Low,Moderate,36.5,Clear,High,0,1,0.95,1.0,UNIQUE,,2,35.5
ACC-IND-008271,OPEN_ACCIDENT_DATASET,8271,2025-02-13,4:00,2025,2,Thursday,Mumbai,Navi Mumbai Gateway,Sion Panvel Highway (Mankhurd - Vashi),19.011583,72.97855,Two-Wheeler / Bike,Highway,Minor,1,0,1,Weather,Low,Moderate,36.5,Clear,High,0,3,0.95,1.0,UNIQUE,,-1,52.0
ACC-IND-008305,OPEN_ACCIDENT_DATASET,8305,2022-01-11,18:00,2022,1,Tuesday,Mumbai,Navi Mumbai Gateway,Sion Panvel Highway (Mankhurd - Vashi),18.947817,72.992323,Heavy Commercial / Truck,Rural,Minor,0,0,0,Distraction,High,High,36.5,Fog,Low,0,2,0.95,1.0,UNIQUE,,-1,46.1
ACC-IND-008308,OPEN_ACCIDENT_DATASET,8308,2024-05-21,22:00,2024,5,Tuesday,Mumbai,Bandra West,Western Express Highway (Bandra - Santacruz),19.071866,72.843764,Two-Wheeler / Bike,Rural,Minor,1,0,1,Overspeeding,High,High,36.5,Clear,High,0,1,0.95,1.0,UNIQUE,,0,40.1
ACC-IND-008330,OPEN_ACCIDENT_DATASET,8330,2022-04-22,9:00,2022,4,Friday,Mumbai,Navi Mumbai Gateway,Sion Panvel Highway (Mankhurd - Vashi),18.992465,72.928068,Heavy Commercial / Truck,Urban,Fatal,4,1,5,Drunk Driving,High,High,36.5,Clear,High,1,5,0.95,1.0,UNIQUE,,-1,86.6
ACC-IND-008348,OPEN_ACCIDENT_DATASET,8348,2023-08-13,10:00,2023,8,Sunday,Mumbai,Western Suburbs,Western Express Highway (Kandivali - Goregaon),19.170091,72.804644,Heavy Commercial / Truck,Urban,Minor,3,0,3,Poor Road,High,High,36.5,Fog,Low,1,3,0.95,1.0,UNIQUE,,-1,52.1
ACC-IND-008349,OPEN_ACCIDENT_DATASET,8349,2023-06-23,19:00,2023,6,Friday,Mumbai,Sion-Chembur,Eastern Express Highway (Sion - Chembur),19.042218,72.884382,Heavy Commercial / Truck,Highway,Grievous/Major,3,0,3,Overspeeding,Low,Moderate,36.5,Clear,High,0,5,0.95,1.0,UNIQUE,,5,62.5
ACC-IND-008353,OPEN_ACCIDENT_DATASET,8353,2024-08-29,8:00,2024,8,Thursday,Mumbai,Western Suburbs,Western Express Highway (Kandivali - Goregaon),19.192118,72.913387,Heavy Commercial / Truck,Rural,Minor,0,0,0,Drunk Driving,High,High,36.5,Clear,High,0,5,0.95,1.0,UNIQUE,,-1,56.6
ACC-IND-008356,OPEN_ACCIDENT_DATASET,8356,2025-03-14,12:00,2025,3,Friday,Mumbai,Dadar Central,Dadar TT Circle / Dr. Ambedkar Road,19.020706,72.819077,Heavy Commercial / Truck,Highway,Minor,0,0,0,Poor Road,Medium,Moderate,36.5,Rain,Medium,0,3,0.95,1.0,UNIQUE,,-1,52.0
ACC-IND-008358,OPEN_ACCIDENT_DATASET,8358,2022-09-07,4:00,2022,9,Saturday,Mumbai,Thane West,Ghodbunder Road (Thane West),19.256526,72.964107,Heavy Commercial / Truck,Highway,Grievous/Major,3,0,3,Poor Road,High,High,36.5,Fog,Low,0,4,0.95,1.0,UNIQUE,,1,67.1
ACC-IND-008380,OPEN_ACCIDENT_DATASET,8380,2022-03-02,6:00,2022,3,Thursday,Mumbai,Bandra West,Western Express Highway (Bandra - Santacruz),19.084122,72.807735,Car / SUV,Rural,Minor,2,0,2,Weather,High,High,36.5,Fog,Low,0,5,0.95,1.0,UNIQUE,,-1,56.6
ACC-IND-008384,OPEN_ACCIDENT_DATASET,8384,2024-02-06,18:00,2024,2,Sunday,Mumbai,Thane West,Ghodbunder Road (Thane West),19.254753,72.962297,Car / SUV,Rural,Minor,2,0,2,Overspeeding,High,High,36.5,Clear,High,0,2,0.95,1.0,UNIQUE,,1,46.1
ACC-IND-008392,OPEN_ACCIDENT_DATASET,8392,2024-04-25,12:00,2024,4,Thursday,Mumbai,Kurla / Ghatkopar,LBS Marg (Kurla - Ghatkopar),19.083932,72.888044,Heavy Commercial / Truck,Highway,Fatal,4,1,5,Distraction,Medium,Moderate,36.5,Fog,Low,0,5,0.95,1.0,UNIQUE,,7,82.0
ACC-IND-008401,OPEN_ACCIDENT_DATASET,8401,2024-03-15,19:00,2024,3,Friday,Mumbai,Sion-Chembur,Eastern Express Highway (Sion - Chembur),19.045282,72.891602,Two-Wheeler / Bike,Highway,Grievous/Major,1,0,1,Drunk Driving,High,High,36.5,Clear,High,1,1,0.95,1.0,UNIQUE,,5,55.1
ACC-IND-008407,OPEN_ACCIDENT_DATASET,8407,2024-08-28,0:00,2024,8,Wednesday,Mumbai,Eastern Suburbs,Eastern Express Highway (Vikhroli - Ghatkopar),19.107948,72.973775,Heavy Commercial / Truck,Rural,Grievous/Major,2,1,3,Drunk Driving,Low,Moderate,36.5,Fog,Low,1,4,0.95,1.0,UNIQUE,,-1,74.5
ACC-IND-008409,OPEN_ACCIDENT_DATASET,8409,2023-11-29,5:00,2023,11,Wednesday,Mumbai,Lower Parel,Lower Parel Commercial Hub / Senapati Bapat Marg,18.997697,72.830608,Two-Wheeler / Bike,Urban,Grievous/Major,1,0,1,Distraction,Low,Moderate,36.5,Rain,Medium,1,3,0.95,1.0,UNIQUE,,3,58.0
ACC-IND-008423,OPEN_ACCIDENT_DATASET,8423,2025-02-21,17:00,2025,2,Friday,Mumbai,Thane West,Ghodbunder Road (Thane West),19.268624,72.963847,Heavy Commercial / Truck,Urban,Grievous/Major,0,0,0,Overspeeding,High,High,36.5,Rain,Low,1,2,0.95,1.0,UNIQUE,,1,56.6
ACC-IND-008436,OPEN_ACCIDENT_DATASET,8436,2023-02-06,3:00,2023,2,Friday,Mumbai,Thane West,Ghodbunder Road (Thane West),19.208631,72.952813,Car / SUV,Highway,Minor,2,0,2,Weather,Medium,Moderate,36.5,Rain,Medium,0,2,0.95,1.0,UNIQUE,,-1,46.0
ACC-IND-008437,OPEN_ACCIDENT_DATASET,8437,2023-06-30,8:00,2023,6,Friday,Mumbai,Western Suburbs,Western Express Highway (Kandivali - Goregaon),19.178402,72.810278,Heavy Commercial / Truck,Urban,Minor,3,1,4,Distraction,Medium,Moderate,36.5,Rain,Low,1,5,0.95,1.0,UNIQUE,,-1,64.0
ACC-IND-008457,OPEN_ACCIDENT_DATASET,8457,2022-03-07,18:00,2022,3,Sunday,Mumbai,Kurla / Ghatkopar,LBS Marg (Kurla - Ghatkopar),19.080932,72.891938,Two-Wheeler / Bike,Urban,Grievous/Major,1,0,1,Drunk Driving,High,High,36.5,Rain,Medium,1,1,0.95,1.0,UNIQUE,,7,50.6
ACC-IND-008458,OPEN_ACCIDENT_DATASET,8458,2022-01-31,3:00,2022,1,Monday,Mumbai,Thane West,Ghodbunder Road (Thane West),19.19206,72.929314,Heavy Commercial / Truck,Highway,Grievous/Major,3,0,3,Distraction,High,High,36.5,Fog,Low,1,3,0.95,1.0,UNIQUE,,-1,67.1
ACC-IND-008464,OPEN_ACCIDENT_DATASET,8464,2023-03-06,15:00,2023,3,Saturday,Mumbai,Bandra West,Western Express Highway (Bandra - Santacruz),19.073652,72.841503,Heavy Commercial / Truck,Highway,Minor,0,0,0,Distraction,High,High,36.5,Fog,Low,0,3,0.95,1.0,UNIQUE,,0,56.6
ACC-IND-008469,OPEN_ACCIDENT_DATASET,8469,2024-08-19,21:00,2024,8,Monday,Mumbai,Sion-Chembur,Eastern Express Highway (Sion - Chembur),19.030947,72.902087,Two-Wheeler / Bike,Rural,Minor,1,0,1,Poor Road,Medium,Moderate,36.5,Rain,Low,0,5,0.95,1.0,UNIQUE,,-1,52.0
ACC-IND-008474,OPEN_ACCIDENT_DATASET,8474,2024-07-09,13:00,2024,7,Saturday,Mumbai,Navi Mumbai Gateway,Sion Panvel Highway (Mankhurd - Vashi),18.998762,72.997326,Heavy Commercial / Truck,Rural,Minor,0,0,0,Overspeeding,Medium,Moderate,36.5,Rain,Low,0,4,0.95,1.0,UNIQUE,,-1,52.0
ACC-IND-008475,OPEN_ACCIDENT_DATASET,8475,2023-06-30,12:00,2023,6,Friday,Mumbai,Thane West,Ghodbunder Road (Thane West),19.264199,72.96341,Heavy Commercial / Truck,Highway,Grievous/Major,0,0,0,Overspeeding,Low,Moderate,36.5,Fog,Low,0,4,0.95,1.0,UNIQUE,,1,62.5
ACC-IND-008485,OPEN_ACCIDENT_DATASET,8485,2022-05-16,13:00,2022,5,Monday,Mumbai,South Mumbai,Marine Drive Promenade / Netaji Subhash Road,18.942991,72.823112,Heavy Commercial / Truck,Highway,Minor,0,0,0,Poor Road,Medium,Moderate,36.5,Fog,Low,1,4,0.95,1.0,UNIQUE,,6,52.0
ACC-IND-008494,OPEN_ACCIDENT_DATASET,8494,2025-02-22,8:00,2025,2,Saturday,Mumbai,Eastern Suburbs,Eastern Express Highway (Vikhroli - Ghatkopar),19.139441,72.93676,Heavy Commercial / Truck,Rural,Minor,3,0,3,Weather,High,High,36.5,Fog,Low,0,3,0.95,1.0,UNIQUE,,-1,52.1
ACC-IND-008503,OPEN_ACCIDENT_DATASET,8503,2022-12-29,8:00,2022,12,Thursday,Mumbai,Navi Mumbai Gateway,Sion Panvel Highway (Mankhurd - Vashi),19.058156,72.913512,Car / SUV,Highway,Minor,2,0,2,Drunk Driving,High,High,36.5,Clear,High,0,2,0.95,1.0,UNIQUE,,-1,50.6
ACC-IND-008521,OPEN_ACCIDENT_DATASET,8521,2024-02-06,15:00,2024,2,Sunday,Mumbai,Bandra West,Western Express Highway (Bandra - Santacruz),19.082844,72.811474,Heavy Commercial / Truck,Urban,Grievous/Major,4,0,4,Drunk Driving,High,High,36.5,Clear,High,0,4,0.95,1.0,UNIQUE,,-1,67.1
ACC-IND-008530,OPEN_ACCIDENT_DATASET,8530,2023-01-27,14:00,2023,1,Friday,Mumbai,South Mumbai,Marine Drive Promenade / Netaji Subhash Road,18.850668,72.916563,Heavy Commercial / Truck,Rural,Grievous/Major,2,1,3,Weather,Medium,Moderate,36.5,Clear,High,0,3,0.95,1.0,UNIQUE,,-1,70.0
ACC-IND-008531,OPEN_ACCIDENT_DATASET,8531,2022-02-20,4:00,2022,2,Sunday,Mumbai,Eastern Suburbs,Eastern Express Highway (Vikhroli - Ghatkopar),19.072667,72.91354,Heavy Commercial / Truck,Urban,Grievous/Major,2,1,3,Drunk Driving,Medium,Moderate,36.5,Rain,Low,1,3,0.95,1.0,UNIQUE,,-1,70.0
ACC-IND-008536,OPEN_ACCIDENT_DATASET,8536,2024-06-25,12:00,2024,6,Tuesday,Mumbai,South Mumbai,Marine Drive Promenade / Netaji Subhash Road,18.853944,72.851004,Heavy Commercial / Truck,Urban,Minor,4,0,4,Poor Road,High,High,36.5,Rain,Medium,0,4,0.95,1.0,UNIQUE,,-1,56.6
ACC-IND-008538,OPEN_ACCIDENT_DATASET,8538,2024-08-12,12:00,2024,8,Sunday,Mumbai,Thane West,Ghodbunder Road (Thane West),19.208874,72.930473,Heavy Commercial / Truck,Rural,Grievous/Major,0,0,0,Distraction,High,High,36.5,Clear,High,0,5,0.95,1.0,UNIQUE,,-1,67.1
ACC-IND-008545,OPEN_ACCIDENT_DATASET,8545,2022-01-21,20:00,2022,1,Friday,Mumbai,Western Suburbs,Western Express Highway (Kandivali - Goregaon),19.199088,72.897062,Two-Wheeler / Bike,Urban,Grievous/Major,1,0,1,Weather,Medium,Moderate,36.5,Rain,Medium,0,2,0.95,1.0,UNIQUE,,-1,52.0
ACC-IND-008554,OPEN_ACCIDENT_DATASET,8554,2023-11-30,10:00,2023,11,Thursday,Mumbai,Eastern Suburbs,Eastern Express Highway (Vikhroli - Ghatkopar),19.125683,72.946795,Car / SUV,Highway,Minor,2,0,2,Poor Road,High,High,36.5,Rain,Medium,1,3,0.95,1.0,UNIQUE,,-1,56.6
ACC-IND-008557,OPEN_ACCIDENT_DATASET,8557,2023-03-12,0:00,2023,3,Sunday,Mumbai,Dadar Central,Dadar TT Circle / Dr. Ambedkar Road,19.040198,72.796517,Heavy Commercial / Truck,Urban,Fatal,4,1,5,Poor Road,Medium,Moderate,36.5,Fog,Low,1,5,0.95,1.0,UNIQUE,,-1,82.0
ACC-IND-008562,OPEN_ACCIDENT_DATASET,8562,2024-02-25,0:00,2024,2,Sunday,Mumbai,Andheri West,Swami Vivekanand (SV) Road (Andheri West),19.11286,72.83469,Heavy Commercial / Truck,Highway,Grievous/Major,0,0,0,Overspeeding,Low,Moderate,36.5,Fog,Low,0,5,0.95,1.0,UNIQUE,,10,62.5
ACC-IND-008563,OPEN_ACCIDENT_DATASET,8563,2022-07-02,14:00,2022,7,Monday,Mumbai,Western Suburbs,Western Express Highway (Kandivali - Goregaon),19.175291,72.829534,Heavy Commercial / Truck,Highway,Fatal,2,1,3,Distraction,High,High,36.5,Clear,High,0,3,0.95,1.0,UNIQUE,,-1,86.6
ACC-IND-008570,OPEN_ACCIDENT_DATASET,8570,2022-07-05,20:00,2022,7,Saturday,Mumbai,Andheri West,Swami Vivekanand (SV) Road (Andheri West),19.095121,72.816896,Heavy Commercial / Truck,Highway,Grievous/Major,0,0,0,Drunk Driving,Low,Moderate,36.5,Rain,Low,0,4,0.95,1.0,UNIQUE,,-1,62.5
ACC-IND-008577,OPEN_ACCIDENT_DATASET,8577,2022-01-23,22:00,2022,1,Sunday,Mumbai,Sion-Chembur,Eastern Express Highway (Sion - Chembur),19.021183,72.896934,Heavy Commercial / Truck,Urban,Fatal,4,1,5,Overspeeding,Low,Moderate,36.5,Rain,Medium,0,5,0.95,1.0,UNIQUE,,-1,82.0
ACC-IND-008579,OPEN_ACCIDENT_DATASET,8579,2023-05-06,14:00,2023,5,Monday,Mumbai,Dadar Central,Dadar TT Circle / Dr. Ambedkar Road,19.018081,72.832756,Two-Wheeler / Bike,Urban,Minor,1,0,1,Distraction,Low,Moderate,36.5,Fog,Low,1,3,0.95,1.0,UNIQUE,,3,47.5
ACC-IND-008582,OPEN_ACCIDENT_DATASET,8582,2024-03-18,19:00,2024,3,Monday,Mumbai,South Mumbai,Marine Drive Promenade / Netaji Subhash Road,18.862349,72.914952,Two-Wheeler / Bike,Highway,Grievous/Major,1,0,1,Weather,Medium,Moderate,36.5,Fog,Low,0,3,0.95,1.0,UNIQUE,,-1,62.5
ACC-IND-008595,OPEN_ACCIDENT_DATASET,8595,2024-08-19,20:00,2024,8,Monday,Mumbai,South Mumbai,Marine Drive Promenade / Netaji Subhash Road,18.860895,72.823415,Heavy Commercial / Truck,Urban,Grievous/Major,3,1,4,Overspeeding,High,High,36.5,Fog,Low,1,5,0.95,1.0,UNIQUE,,-1,79.1
ACC-IND-008615,OPEN_ACCIDENT_DATASET,8615,2023-02-09,12:00,2023,2,Saturday,Mumbai,Navi Mumbai Gateway,Sion Panvel Highway (Mankhurd - Vashi),19.06506,72.917587,Two-Wheeler / Bike,Highway,Minor,1,0,1,Distraction,Low,Moderate,36.5,Rain,Medium,0,1,0.95,1.0,UNIQUE,,-1,40.0
ACC-IND-008634,OPEN_ACCIDENT_DATASET,8634,2024-11-22,9:00,2024,11,Friday,Mumbai,Eastern Suburbs,Eastern Express Highway (Vikhroli - Ghatkopar),19.096213,72.916919,Heavy Commercial / Truck,Urban,Minor,4,0,4,Poor Road,Low,Moderate,36.5,Clear,High,1,5,0.95,1.0,UNIQUE,,2,52.0
ACC-IND-008635,OPEN_ACCIDENT_DATASET,8635,2024-12-10,17:00,2024,12,Saturday,Mumbai,Navi Mumbai Gateway,Sion Panvel Highway (Mankhurd - Vashi),19.069518,72.967876,Heavy Commercial / Truck,Urban,Minor,2,1,3,Overspeeding,High,High,36.5,Fog,Low,1,5,0.95,1.0,UNIQUE,,-1,68.6
ACC-IND-008636,OPEN_ACCIDENT_DATASET,8636,2024-04-03,15:00,2024,4,Monday,Mumbai,Navi Mumbai Gateway,Sion Panvel Highway (Mankhurd - Vashi),19.052318,72.934009,Heavy Commercial / Truck,Highway,Grievous/Major,4,1,5,Weather,Low,Moderate,36.5,Clear,High,0,5,0.95,1.0,UNIQUE,,4,74.5
ACC-IND-008639,OPEN_ACCIDENT_DATASET,8639,2022-02-08,12:00,2022,2,Tuesday,Mumbai,Kurla / Ghatkopar,LBS Marg (Kurla - Ghatkopar),19.077897,72.885805,Heavy Commercial / Truck,Rural,Grievous/Major,3,1,4,Poor Road,High,High,36.5,Rain,Low,0,4,0.95,1.0,UNIQUE,,7,79.1
ACC-IND-008651,OPEN_ACCIDENT_DATASET,8651,2023-10-18,2:00,2023,10,Wednesday,Mumbai,South Mumbai,Marine Drive Promenade / Netaji Subhash Road,18.94107,72.934778,Heavy Commercial / Truck,Urban,Minor,0,0,0,Weather,Medium,Moderate,36.5,Rain,Medium,0,3,0.95,1.0,UNIQUE,,-1,47.5
ACC-IND-008662,OPEN_ACCIDENT_DATASET,8662,2023-10-27,17:00,2023,10,Friday,Mumbai,Navi Mumbai Gateway,Sion Panvel Highway (Mankhurd - Vashi),19.059081,72.930106,Two-Wheeler / Bike,Urban,Minor,1,0,1,Poor Road,Low,Moderate,36.5,Fog,Low,1,1,0.95,1.0,UNIQUE,,4,35.5
ACC-IND-008673,OPEN_ACCIDENT_DATASET,8673,2024-10-08,1:00,2024,10,Saturday,Mumbai,Eastern Suburbs,Eastern Express Highway (Vikhroli - Ghatkopar),19.09791,72.913041,Car / SUV,Urban,Minor,2,0,2,Overspeeding,Low,Moderate,36.5,Rain,Medium,0,4,0.95,1.0,UNIQUE,,2,52.0
ACC-IND-008674,OPEN_ACCIDENT_DATASET,8674,2025-06-03,17:00,2025,6,Thursday,Mumbai,Sion-Chembur,Eastern Express Highway (Sion - Chembur),19.042137,72.894722,Heavy Commercial / Truck,Highway,Grievous/Major,4,0,4,Weather,High,High,36.5,Clear,High,1,4,0.95,1.0,UNIQUE,,5,67.1
ACC-IND-008679,OPEN_ACCIDENT_DATASET,8679,2023-09-02,23:00,2023,9,Thursday,Mumbai,South Mumbai,Marine Drive Promenade / Netaji Subhash Road,18.878232,72.95921,Car / SUV,Highway,Minor,2,0,2,Overspeeding,Low,Moderate,36.5,Fog,Low,0,3,0.95,1.0,UNIQUE,,19,52.0
ACC-IND-008699,OPEN_ACCIDENT_DATASET,8699,2024-10-15,1:00,2024,10,Tuesday,Mumbai,Bandra West,Western Express Highway (Bandra - Santacruz),19.07242,72.812381,Two-Wheeler / Bike,Urban,Grievous/Major,1,0,1,Drunk Driving,Medium,Moderate,36.5,Rain,Low,1,4,0.95,1.0,UNIQUE,,-1,62.5
ACC-IND-008700,OPEN_ACCIDENT_DATASET,8700,2022-01-22,23:00,2022,1,Saturday,Mumbai,Thane West,Ghodbunder Road (Thane West),19.293871,72.846869,Two-Wheeler / Bike,Highway,Grievous/Major,1,0,1,Distraction,Medium,Moderate,36.5,Clear,High,0,5,0.95,1.0,UNIQUE,,-1,62.5
ACC-IND-008705,OPEN_ACCIDENT_DATASET,8705,2023-09-27,7:00,2023,9,Wednesday,Mumbai,Western Suburbs,Western Express Highway (Kandivali - Goregaon),19.271874,72.810372,Two-Wheeler / Bike,Urban,Grievous/Major,1,0,1,Distraction,Medium,Moderate,36.5,Fog,Low,0,3,0.95,1.0,UNIQUE,,-1,58.0
ACC-IND-008714,OPEN_ACCIDENT_DATASET,8714,2024-10-26,0:00,2024,10,Saturday,Mumbai,South Mumbai,Marine Drive Promenade / Netaji Subhash Road,18.903772,72.850569,Heavy Commercial / Truck,Urban,Grievous/Major,0,0,0,Poor Road,High,High,36.5,Clear,High,0,1,0.95,1.0,UNIQUE,,-1,50.6
ACC-IND-008725,OPEN_ACCIDENT_DATASET,8725,2023-10-29,22:00,2023,10,Sunday,Mumbai,Western Suburbs,Western Express Highway (Kandivali - Goregaon),19.18105,72.835654,Car / SUV,Rural,Grievous/Major,2,0,2,Weather,High,High,36.5,Fog,Low,1,3,0.95,1.0,UNIQUE,,11,62.6
ACC-IND-008726,OPEN_ACCIDENT_DATASET,8726,2024-12-04,0:00,2024,12,Friday,Mumbai,South Mumbai,Marine Drive Promenade / Netaji Subhash Road,18.914655,72.924189,Heavy Commercial / Truck,Rural,Minor,3,0,3,Overspeeding,Low,Moderate,36.5,Rain,Medium,0,4,0.95,1.0,UNIQUE,,-1,52.0
ACC-IND-008728,OPEN_ACCIDENT_DATASET,8728,2022-02-07,12:00,2022,2,Saturday,Mumbai,South Mumbai,Marine Drive Promenade / Netaji Subhash Road,18.921788,72.904077,Heavy Commercial / Truck,Rural,Grievous/Major,3,0,3,Poor Road,High,High,36.5,Fog,Low,0,4,0.95,1.0,UNIQUE,,-1,67.1
ACC-IND-008734,OPEN_ACCIDENT_DATASET,8734,2024-01-29,20:00,2024,1,Monday,Mumbai,Navi Mumbai Gateway,Sion Panvel Highway (Mankhurd - Vashi),19.01909,72.971511,Heavy Commercial / Truck,Rural,Grievous/Major,0,0,0,Poor Road,Low,Moderate,36.5,Rain,Medium,1,2,0.95,1.0,UNIQUE,,-1,52.0
ACC-IND-008739,OPEN_ACCIDENT_DATASET,8739,2025-06-01,0:00,2025,6,Monday,Mumbai,Western Suburbs,Western Express Highway (Kandivali - Goregaon),19.187171,72.844359,Car / SUV,Rural,Fatal,1,1,2,Distraction,Low,Moderate,36.5,Clear,High,1,2,0.95,1.0,UNIQUE,,11,71.5
ACC-IND-008743,OPEN_ACCIDENT_DATASET,8743,2023-11-14,6:00,2023,11,Tuesday,Mumbai,Dadar Central,Dadar TT Circle / Dr. Ambedkar Road,18.992648,72.874607,Two-Wheeler / Bike,Rural,Minor,1,0,1,Poor Road,Medium,Moderate,36.5,Rain,Medium,1,1,0.95,1.0,UNIQUE,,-1,35.5
ACC-IND-008751,OPEN_ACCIDENT_DATASET,8751,2023-11-15,14:00,2023,11,Wednesday,Mumbai,Eastern Suburbs,Eastern Express Highway (Vikhroli - Ghatkopar),19.095044,72.912127,Two-Wheeler / Bike,Urban,Minor,1,0,1,Drunk Driving,Medium,Moderate,36.5,Rain,Medium,1,1,0.95,1.0,UNIQUE,,2,35.5
ACC-IND-008752,OPEN_ACCIDENT_DATASET,8752,2022-12-03,5:00,2022,12,Saturday,Mumbai,South Mumbai,Marine Drive Promenade / Netaji Subhash Road,18.870104,72.982432,Car / SUV,Urban,Fatal,1,1,2,Weather,Low,Moderate,36.5,Rain,Low,0,2,0.95,1.0,UNIQUE,,-1,71.5
ACC-IND-008760,OPEN_ACCIDENT_DATASET,8760,2024-09-16,21:00,2024,9,Monday,Mumbai,Western Suburbs,Western Express Highway (Kandivali - Goregaon),19.163754,72.88243,Heavy Commercial / Truck,Urban,Minor,4,0,4,Distraction,Low,Moderate,36.5,Clear,High,1,5,0.95,1.0,UNIQUE,,-1,52.0
ACC-IND-008773,OPEN_ACCIDENT_DATASET,8773,2025-10-04,21:00,2025,10,Thursday,Mumbai,Lower Parel,Lower Parel Commercial Hub / Senapati Bapat Marg,18.993474,72.826825,Heavy Commercial / Truck,Urban,Grievous/Major,0,0,0,Weather,Low,Moderate,36.5,Rain,Low,1,2,0.95,1.0,UNIQUE,,3,52.0
ACC-IND-008780,OPEN_ACCIDENT_DATASET,8780,2022-05-10,19:00,2022,5,Wednesday,Mumbai,Eastern Suburbs,Eastern Express Highway (Vikhroli - Ghatkopar),19.108654,72.913142,Heavy Commercial / Truck,Rural,Fatal,4,1,5,Weather,High,High,36.5,Fog,Low,1,5,0.95,1.0,UNIQUE,,2,86.6
ACC-IND-008786,OPEN_ACCIDENT_DATASET,8786,2023-09-12,5:00,2023,9,Saturday,Mumbai,Western Suburbs,Western Express Highway (Kandivali - Goregaon),19.216488,72.882061,Car / SUV,Rural,Minor,2,0,2,Distraction,Low,Moderate,36.5,Fog,Low,0,5,0.95,1.0,UNIQUE,,-1,52.0
ACC-IND-008794,OPEN_ACCIDENT_DATASET,8794,2022-12-24,18:00,2022,12,Saturday,Mumbai,Western Suburbs,Western Express Highway (Kandivali - Goregaon),19.159274,72.872739,Car / SUV,Rural,Minor,2,0,2,Drunk Driving,High,High,36.5,Rain,Medium,1,2,0.95,1.0,UNIQUE,,-1,46.1
ACC-IND-008800,OPEN_ACCIDENT_DATASET,8800,2023-12-27,18:00,2023,12,Wednesday,Mumbai,Thane West,Ghodbunder Road (Thane West),19.261768,72.96897,Two-Wheeler / Bike,Highway,Minor,1,0,1,Drunk Driving,High,High,36.5,Rain,Low,1,1,0.95,1.0,UNIQUE,,1,44.6
ACC-IND-008806,OPEN_ACCIDENT_DATASET,8806,2022-06-21,14:00,2022,6,Tuesday,Mumbai,Bandra West,Western Express Highway (Bandra - Santacruz),19.083969,72.851387,Heavy Commercial / Truck,Highway,Minor,0,0,0,Poor Road,High,High,36.5,Clear,High,1,1,0.95,1.0,UNIQUE,,-1,44.6
ACC-IND-008808,OPEN_ACCIDENT_DATASET,8808,2024-01-27,10:00,2024,1,Saturday,Mumbai,Western Suburbs,Western Express Highway (Kandivali - Goregaon),19.226757,72.815232,Two-Wheeler / Bike,Rural,Minor,1,0,1,Overspeeding,Low,Moderate,36.5,Rain,Medium,0,4,0.95,1.0,UNIQUE,,-1,52.0
ACC-IND-008812,OPEN_ACCIDENT_DATASET,8812,2024-08-06,20:00,2024,8,Saturday,Mumbai,Lower Parel,Lower Parel Commercial Hub / Senapati Bapat Marg,18.991602,72.828009,Heavy Commercial / Truck,Urban,Grievous/Major,0,0,0,Weather,High,High,36.5,Fog,Low,0,1,0.95,1.0,UNIQUE,,3,50.6
ACC-IND-008821,OPEN_ACCIDENT_DATASET,8821,2024-02-15,15:00,2024,2,Thursday,Mumbai,Thane West,Ghodbunder Road (Thane West),19.262581,72.966943,Heavy Commercial / Truck,Highway,Minor,3,1,4,Drunk Driving,Medium,Moderate,36.5,Rain,Medium,1,5,0.95,1.0,UNIQUE,,1,64.0
ACC-IND-008822,OPEN_ACCIDENT_DATASET,8822,2023-12-10,17:00,2023,12,Thursday,Mumbai,Western Suburbs,Western Express Highway (Kandivali - Goregaon),19.176062,72.898319,Two-Wheeler / Bike,Rural,Minor,1,0,1,Weather,High,High,36.5,Clear,High,0,1,0.95,1.0,UNIQUE,,12,40.1
ACC-IND-008831,OPEN_ACCIDENT_DATASET,8831,2022-05-13,7:00,2022,5,Friday,Mumbai,Navi Mumbai Gateway,Sion Panvel Highway (Mankhurd - Vashi),19.047075,72.937207,Heavy Commercial / Truck,Urban,Grievous/Major,5,0,5,Poor Road,Medium,Moderate,36.5,Fog,Low,0,5,0.95,1.0,UNIQUE,,4,62.5
ACC-IND-008832,OPEN_ACCIDENT_DATASET,8832,2024-11-20,14:00,2024,11,Wednesday,Mumbai,Thane West,Ghodbunder Road (Thane West),19.296634,72.955623,Two-Wheeler / Bike,Urban,Minor,1,0,1,Distraction,Medium,Moderate,36.5,Fog,Low,0,2,0.95,1.0,UNIQUE,,9,41.5
ACC-IND-008839,OPEN_ACCIDENT_DATASET,8839,2024-08-19,6:00,2024,8,Monday,Mumbai,Thane West,Ghodbunder Road (Thane West),19.260147,72.962315,Two-Wheeler / Bike,Rural,Minor,1,0,1,Overspeeding,High,High,36.5,Rain,Medium,0,1,0.95,1.0,UNIQUE,,1,40.1
ACC-IND-008840,OPEN_ACCIDENT_DATASET,8840,2023-02-13,14:00,2023,2,Monday,Mumbai,Western Suburbs,Western Express Highway (Kandivali - Goregaon),19.16614,72.857143,Two-Wheeler / Bike,Urban,Minor,1,0,1,Distraction,Medium,Moderate,36.5,Fog,Low,1,3,0.95,1.0,UNIQUE,,11,47.5
ACC-IND-008841,OPEN_ACCIDENT_DATASET,8841,2023-08-19,15:00,2023,8,Saturday,Mumbai,South Mumbai,Marine Drive Promenade / Netaji Subhash Road,18.929723,72.854028,Heavy Commercial / Truck,Urban,Grievous/Major,0,0,0,Poor Road,Medium,Moderate,36.5,Clear,High,0,1,0.95,1.0,UNIQUE,,-1,46.0
ACC-IND-008845,OPEN_ACCIDENT_DATASET,8845,2023-02-27,6:00,2023,2,Monday,Mumbai,Powai / Andheri East,Jogeshwari-Vikhroli Link Road (JVLR),19.128297,72.880368,Heavy Commercial / Truck,Rural,Grievous/Major,0,0,0,Drunk Driving,Low,Moderate,36.5,Clear,High,0,2,0.95,1.0,UNIQUE,,8,52.0
ACC-IND-008848,OPEN_ACCIDENT_DATASET,8848,2024-05-06,21:00,2024,5,Wednesday,Mumbai,Andheri West,Swami Vivekanand (SV) Road (Andheri West),19.114431,72.842426,Car / SUV,Rural,Grievous/Major,2,0,2,Weather,Low,Moderate,36.5,Rain,Low,0,4,0.95,1.0,UNIQUE,,10,62.5
ACC-IND-008853,OPEN_ACCIDENT_DATASET,8853,2022-10-19,15:00,2022,10,Wednesday,Mumbai,Western Suburbs,Western Express Highway (Kandivali - Goregaon),19.166039,72.855103,Car / SUV,Urban,Grievous/Major,2,0,2,Poor Road,Low,Moderate,36.5,Clear,High,0,5,0.95,1.0,UNIQUE,,11,62.5
ACC-IND-008854,OPEN_ACCIDENT_DATASET,8854,2022-11-18,13:00,2022,11,Friday,Mumbai,Bandra West,Western Express Highway (Bandra - Santacruz),19.082985,72.857673,Heavy Commercial / Truck,Urban,Grievous/Major,0,0,0,Overspeeding,High,High,36.5,Clear,High,0,4,0.95,1.0,UNIQUE,,-1,67.1
ACC-IND-008855,OPEN_ACCIDENT_DATASET,8855,2023-02-16,9:00,2023,2,Thursday,Mumbai,Eastern Suburbs,Eastern Express Highway (Vikhroli - Ghatkopar),19.102427,72.918062,Car / SUV,Rural,Minor,2,0,2,Weather,High,High,36.5,Fog,Low,1,3,0.95,1.0,UNIQUE,,2,52.1
ACC-IND-008863,OPEN_ACCIDENT_DATASET,8863,2024-10-17,6:00,2024,10,Thursday,Mumbai,Navi Mumbai Gateway,Sion Panvel Highway (Mankhurd - Vashi),19.096314,72.998227,Two-Wheeler / Bike,Rural,Minor,1,0,1,Drunk Driving,Low,Moderate,36.5,Rain,Low,0,1,0.95,1.0,UNIQUE,,-1,35.5
ACC-IND-008871,OPEN_ACCIDENT_DATASET,8871,2024-08-08,13:00,2024,8,Thursday,Mumbai,Powai / Andheri East,Jogeshwari-Vikhroli Link Road (JVLR),19.126492,72.887412,Heavy Commercial / Truck,Urban,Minor,0,0,0,Overspeeding,High,High,36.5,Rain,Low,1,4,0.95,1.0,UNIQUE,,8,56.6
ACC-IND-008875,OPEN_ACCIDENT_DATASET,8875,2023-03-21,13:00,2023,3,Tuesday,Mumbai,Western Suburbs,Western Express Highway (Kandivali - Goregaon),19.166853,72.833401,Heavy Commercial / Truck,Urban,Minor,3,0,3,Drunk Driving,High,High,36.5,Fog,Low,0,4,0.95,1.0,UNIQUE,,-1,56.6
ACC-IND-008896,OPEN_ACCIDENT_DATASET,8896,2025-02-01,5:00,2025,2,Thursday,Mumbai,Powai / Andheri East,Jogeshwari-Vikhroli Link Road (JVLR),19.114888,72.894776,Two-Wheeler / Bike,Urban,Minor,1,0,1,Weather,High,High,36.5,Clear,High,1,2,0.95,1.0,UNIQUE,,-1,46.1
ACC-IND-008917,OPEN_ACCIDENT_DATASET,8917,2022-10-25,7:00,2022,10,Tuesday,Mumbai,Thane West,Ghodbunder Road (Thane West),19.260828,72.963242,Car / SUV,Highway,Minor,2,0,2,Overspeeding,Low,Moderate,36.5,Rain,Low,1,2,0.95,1.0,UNIQUE,,1,46.0
ACC-IND-008924,OPEN_ACCIDENT_DATASET,8924,2024-12-30,6:00,2024,12,Monday,Mumbai,South Mumbai,Marine Drive Promenade / Netaji Subhash Road,18.959453,72.826125,Heavy Commercial / Truck,Rural,Minor,3,0,3,Overspeeding,Low,Moderate,36.5,Clear,High,0,3,0.95,1.0,UNIQUE,,-1,47.5
ACC-IND-008927,OPEN_ACCIDENT_DATASET,8927,2023-05-17,10:00,2023,5,Wednesday,Mumbai,South Mumbai,Marine Drive Promenade / Netaji Subhash Road,18.942543,72.824836,Heavy Commercial / Truck,Urban,Fatal,3,1,4,Poor Road,High,High,36.5,Fog,Low,0,4,0.95,1.0,UNIQUE,,6,86.6
ACC-IND-008936,OPEN_ACCIDENT_DATASET,8936,2022-10-27,16:00,2022,10,Thursday,Mumbai,Navi Mumbai Gateway,Sion Panvel Highway (Mankhurd - Vashi),18.907918,72.998564,Car / SUV,Urban,Minor,2,0,2,Poor Road,Low,Moderate,36.5,Fog,Low,0,2,0.95,1.0,UNIQUE,,-1,41.5
ACC-IND-008942,OPEN_ACCIDENT_DATASET,8942,2024-03-10,15:00,2024,3,Thursday,Mumbai,Thane West,Ghodbunder Road (Thane West),19.296185,72.958536,Heavy Commercial / Truck,Urban,Minor,3,0,3,Distraction,Low,Moderate,36.5,Rain,Low,1,3,0.95,1.0,UNIQUE,,9,47.5
ACC-IND-008964,OPEN_ACCIDENT_DATASET,8964,2022-06-03,1:00,2022,6,Sunday,Mumbai,Western Suburbs,Western Express Highway (Kandivali - Goregaon),19.186472,72.790038,Heavy Commercial / Truck,Urban,Minor,0,0,0,Weather,Medium,Moderate,36.5,Rain,Medium,0,5,0.95,1.0,UNIQUE,,-1,52.0
ACC-IND-008983,OPEN_ACCIDENT_DATASET,8983,2022-11-16,2:00,2022,11,Wednesday,Mumbai,Sion-Chembur,Eastern Express Highway (Sion - Chembur),19.012665,72.904529,Heavy Commercial / Truck,Rural,Grievous/Major,2,1,3,Distraction,Low,Moderate,36.5,Rain,Low,0,4,0.95,1.0,UNIQUE,,-1,74.5
ACC-IND-008991,OPEN_ACCIDENT_DATASET,8991,2023-09-26,16:00,2023,9,Tuesday,Mumbai,Eastern Suburbs,Eastern Express Highway (Vikhroli - Ghatkopar),19.10197,72.896482,Car / SUV,Highway,Grievous/Major,2,0,2,Distraction,High,High,36.5,Rain,Medium,1,2,0.95,1.0,UNIQUE,,-1,61.1
ACC-IND-008994,OPEN_ACCIDENT_DATASET,8994,2024-09-15,13:00,2024,9,Sunday,Mumbai,South Mumbai,Marine Drive Promenade / Netaji Subhash Road,18.892545,72.897746,Heavy Commercial / Truck,Urban,Fatal,3,1,4,Drunk Driving,Low,Moderate,36.5,Rain,Low,1,4,0.95,1.0,UNIQUE,,-1,82.0
ACC-IND-009000,OPEN_ACCIDENT_DATASET,9000,2024-11-28,17:00,2024,11,Thursday,Mumbai,Navi Mumbai Gateway,Sion Panvel Highway (Mankhurd - Vashi),19.054545,72.934663,Heavy Commercial / Truck,Highway,Minor,0,0,0,Weather,Medium,Moderate,36.5,Clear,High,1,4,0.95,1.0,UNIQUE,,4,52.0
ACC-IND-009002,OPEN_ACCIDENT_DATASET,9002,2022-03-04,23:00,2022,3,Sunday,Mumbai,South Mumbai,Marine Drive Promenade / Netaji Subhash Road,18.95519,72.902084,Heavy Commercial / Truck,Urban,Grievous/Major,4,0,4,Drunk Driving,High,High,36.5,Clear,High,1,5,0.95,1.0,UNIQUE,,-1,67.1
ACC-IND-009007,OPEN_ACCIDENT_DATASET,9007,2022-06-30,9:00,2022,6,Thursday,Mumbai,Lower Parel,Lower Parel Commercial Hub / Senapati Bapat Marg,18.998388,72.825635,Heavy Commercial / Truck,Rural,Minor,4,0,4,Distraction,High,High,36.5,Rain,Low,1,4,0.95,1.0,UNIQUE,,3,56.6
ACC-IND-009010,OPEN_ACCIDENT_DATASET,9010,2024-06-08,10:00,2024,6,Tuesday,Mumbai,Bandra West,Western Express Highway (Bandra - Santacruz),19.073635,72.84179,Heavy Commercial / Truck,Rural,Minor,0,0,0,Weather,Medium,Moderate,36.5,Clear,High,1,3,0.95,1.0,UNIQUE,,0,47.5
ACC-IND-009022,OPEN_ACCIDENT_DATASET,9022,2023-06-07,17:00,2023,6,Thursday,Mumbai,Thane West,Ghodbunder Road (Thane West),19.258241,72.914018,Heavy Commercial / Truck,Rural,Grievous/Major,0,0,0,Overspeeding,High,High,36.5,Rain,Medium,1,3,0.95,1.0,UNIQUE,,-1,62.6
ACC-IND-009025,OPEN_ACCIDENT_DATASET,9025,2022-05-16,21:00,2022,5,Monday,Mumbai,Western Suburbs,Western Express Highway (Kandivali - Goregaon),19.25712,72.782382,Car / SUV,Urban,Minor,2,0,2,Distraction,Medium,Moderate,36.5,Clear,High,0,3,0.95,1.0,UNIQUE,,-1,47.5
ACC-IND-009029,OPEN_ACCIDENT_DATASET,9029,2022-05-06,5:00,2022,5,Sunday,Mumbai,Thane West,Ghodbunder Road (Thane West),19.26108,72.965458,Heavy Commercial / Truck,Highway,Minor,4,0,4,Drunk Driving,Low,Moderate,36.5,Rain,Low,1,4,0.95,1.0,UNIQUE,,1,52.0
ACC-IND-009034,OPEN_ACCIDENT_DATASET,9034,2022-03-29,18:00,2022,3,Tuesday,Mumbai,Eastern Suburbs,Eastern Express Highway (Vikhroli - Ghatkopar),19.081742,72.930886,Car / SUV,Urban,Fatal,1,1,2,Distraction,High,High,36.5,Fog,Low,1,2,0.95,1.0,UNIQUE,,-1,76.1
ACC-IND-009044,OPEN_ACCIDENT_DATASET,9044,2023-10-08,4:00,2023,10,Thursday,Mumbai,Western Suburbs,Western Express Highway (Kandivali - Goregaon),19.224746,72.784148,Two-Wheeler / Bike,Highway,Grievous/Major,1,0,1,Weather,Low,Moderate,36.5,Clear,High,0,1,0.95,1.0,UNIQUE,,-1,50.5
ACC-IND-009060,OPEN_ACCIDENT_DATASET,9060,2025-02-03,1:00,2025,2,Sunday,Mumbai,South Mumbai,Marine Drive Promenade / Netaji Subhash Road,18.940186,72.937285,Car / SUV,Urban,Minor,2,0,2,Poor Road,Low,Moderate,36.5,Clear,High,1,3,0.95,1.0,UNIQUE,,-1,47.5
ACC-IND-009062,OPEN_ACCIDENT_DATASET,9062,2025-02-02,20:00,2025,2,Sunday,Mumbai,Bandra West,Western Express Highway (Bandra - Santacruz),19.066158,72.843946,Car / SUV,Urban,Fatal,1,1,2,Distraction,Medium,Moderate,36.5,Fog,Low,1,2,0.95,1.0,UNIQUE,,0,71.5
ACC-IND-009077,OPEN_ACCIDENT_DATASET,9077,2022-04-08,11:00,2022,4,Thursday,Mumbai,Sion-Chembur,Eastern Express Highway (Sion - Chembur),19.044209,72.885756,Heavy Commercial / Truck,Rural,Grievous/Major,5,0,5,Distraction,High,High,36.5,Rain,Low,1,5,0.95,1.0,UNIQUE,,5,67.1
ACC-IND-009086,OPEN_ACCIDENT_DATASET,9086,2023-07-20,2:00,2023,7,Thursday,Mumbai,Thane West,Ghodbunder Road (Thane West),19.263766,72.963585,Car / SUV,Highway,Grievous/Major,2,0,2,Drunk Driving,Low,Moderate,36.5,Fog,Low,0,3,0.95,1.0,UNIQUE,,1,62.5
ACC-IND-009092,OPEN_ACCIDENT_DATASET,9092,2023-07-13,8:00,2023,7,Thursday,Mumbai,Eastern Suburbs,Eastern Express Highway (Vikhroli - Ghatkopar),19.142495,72.989805,Heavy Commercial / Truck,Highway,Fatal,3,1,4,Overspeeding,High,High,36.5,Clear,High,0,4,0.95,1.0,UNIQUE,,-1,86.6
ACC-IND-009099,OPEN_ACCIDENT_DATASET,9099,2024-03-11,3:00,2024,3,Sunday,Mumbai,Thane West,Ghodbunder Road (Thane West),19.257582,72.969951,Two-Wheeler / Bike,Rural,Grievous/Major,1,0,1,Weather,Low,Moderate,36.5,Clear,High,0,1,0.95,1.0,UNIQUE,,1,46.0
ACC-IND-009114,OPEN_ACCIDENT_DATASET,9114,2025-01-24,21:00,2025,1,Friday,Mumbai,Navi Mumbai Gateway,Sion Panvel Highway (Mankhurd - Vashi),18.960034,72.94707,Heavy Commercial / Truck,Highway,Fatal,2,1,3,Overspeeding,Low,Moderate,36.5,Clear,High,0,3,0.95,1.0,UNIQUE,,-1,82.0
ACC-IND-009119,OPEN_ACCIDENT_DATASET,9119,2022-05-09,22:00,2022,5,Monday,Mumbai,Western Suburbs,Western Express Highway (Kandivali - Goregaon),19.242336,72.882293,Car / SUV,Rural,Minor,2,0,2,Drunk Driving,Medium,Moderate,36.5,Rain,Low,1,5,0.95,1.0,UNIQUE,,-1,52.0
ACC-IND-009129,OPEN_ACCIDENT_DATASET,9129,2025-12-01,13:00,2025,12,Sunday,Mumbai,Thane West,Ghodbunder Road (Thane West),19.253956,72.908249,Car / SUV,Highway,Fatal,1,1,2,Poor Road,Low,Moderate,36.5,Rain,Low,1,2,0.95,1.0,UNIQUE,,-1,76.0
ACC-IND-009140,OPEN_ACCIDENT_DATASET,9140,2024-02-29,1:00,2024,2,Thursday,Mumbai,Bandra West,Western Express Highway (Bandra - Santacruz),19.069297,72.843168,Heavy Commercial / Truck,Highway,Minor,0,0,0,Distraction,Low,Moderate,36.5,Rain,Low,1,4,0.95,1.0,UNIQUE,,0,52.0
ACC-IND-009145,OPEN_ACCIDENT_DATASET,9145,2024-03-14,22:00,2024,3,Thursday,Mumbai,South Mumbai,Marine Drive Promenade / Netaji Subhash Road,18.908183,72.919966,Two-Wheeler / Bike,Urban,Grievous/Major,1,0,1,Poor Road,High,High,36.5,Rain,Low,0,4,0.95,1.0,UNIQUE,,-1,67.1
ACC-IND-009165,OPEN_ACCIDENT_DATASET,9165,2023-01-24,22:00,2023,1,Tuesday,Mumbai,Western Suburbs,Western Express Highway (Kandivali - Goregaon),19.286524,72.799553,Two-Wheeler / Bike,Rural,Grievous/Major,1,0,1,Poor Road,Low,Moderate,36.5,Clear,High,0,4,0.95,1.0,UNIQUE,,-1,62.5
ACC-IND-009174,OPEN_ACCIDENT_DATASET,9174,2023-08-29,9:00,2023,8,Tuesday,Mumbai,South Mumbai,Marine Drive Promenade / Netaji Subhash Road,18.945184,72.82578,Two-Wheeler / Bike,Urban,Minor,1,0,1,Overspeeding,Low,Moderate,36.5,Rain,Medium,1,3,0.95,1.0,UNIQUE,,6,47.5
ACC-IND-009198,OPEN_ACCIDENT_DATASET,9198,2024-06-29,4:00,2024,6,Saturday,Mumbai,Thane West,Ghodbunder Road (Thane West),19.206659,72.938459,Two-Wheeler / Bike,Urban,Minor,1,0,1,Distraction,Low,Moderate,36.5,Rain,Low,1,5,0.95,1.0,UNIQUE,,-1,52.0
ACC-IND-009202,OPEN_ACCIDENT_DATASET,9202,2024-12-11,1:00,2024,12,Tuesday,Mumbai,Lower Parel,Lower Parel Commercial Hub / Senapati Bapat Marg,18.994238,72.829229,Two-Wheeler / Bike,Highway,Minor,1,0,1,Drunk Driving,Low,Moderate,36.5,Rain,Low,0,2,0.95,1.0,UNIQUE,,3,46.0
ACC-IND-009203,OPEN_ACCIDENT_DATASET,9203,2024-06-22,18:00,2024,6,Saturday,Mumbai,South Mumbai,Marine Drive Promenade / Netaji Subhash Road,18.931684,72.898333,Two-Wheeler / Bike,Urban,Minor,1,0,1,Drunk Driving,Low,Moderate,36.5,Clear,High,1,2,0.95,1.0,UNIQUE,,-1,41.5
ACC-IND-009229,OPEN_ACCIDENT_DATASET,9229,2023-03-10,8:00,2023,3,Tuesday,Mumbai,Thane West,Ghodbunder Road (Thane West),19.25835,72.963531,Car / SUV,Rural,Minor,2,0,2,Poor Road,Medium,Moderate,36.5,Clear,High,1,4,0.95,1.0,UNIQUE,,1,52.0
ACC-IND-009231,OPEN_ACCIDENT_DATASET,9231,2022-12-27,10:00,2022,12,Tuesday,Mumbai,South Mumbai,Marine Drive Promenade / Netaji Subhash Road,18.938008,72.850197,Car / SUV,Highway,Grievous/Major,2,0,2,Weather,High,High,36.5,Fog,Low,0,2,0.95,1.0,UNIQUE,,-1,61.1
ACC-IND-009232,OPEN_ACCIDENT_DATASET,9232,2024-01-03,3:00,2024,1,Friday,Mumbai,Thane West,Ghodbunder Road (Thane West),19.206415,72.934419,Two-Wheeler / Bike,Highway,Minor,1,0,1,Drunk Driving,Low,Moderate,36.5,Fog,Low,1,1,0.95,1.0,UNIQUE,,-1,40.0
ACC-IND-009237,OPEN_ACCIDENT_DATASET,9237,2023-03-13,8:00,2023,3,Monday,Mumbai,Western Suburbs,Western Express Highway (Kandivali - Goregaon),19.22481,72.812369,Two-Wheeler / Bike,Highway,Minor,1,0,1,Distraction,High,High,36.5,Clear,High,0,2,0.95,1.0,UNIQUE,,-1,50.6
ACC-IND-009240,OPEN_ACCIDENT_DATASET,9240,2023-11-20,2:00,2023,11,Monday,Mumbai,Dadar Central,Dadar TT Circle / Dr. Ambedkar Road,19.013964,72.84378,Heavy Commercial / Truck,Urban,Fatal,2,1,3,Weather,High,High,36.5,Fog,Low,0,3,0.95,1.0,UNIQUE,,3,82.1
ACC-IND-009245,OPEN_ACCIDENT_DATASET,9245,2023-06-15,16:00,2023,6,Thursday,Mumbai,Eastern Suburbs,Eastern Express Highway (Vikhroli - Ghatkopar),19.096406,72.92257,Heavy Commercial / Truck,Rural,Grievous/Major,0,0,0,Weather,Low,Moderate,36.5,Fog,Low,0,1,0.95,1.0,UNIQUE,,2,46.0
ACC-IND-009256,OPEN_ACCIDENT_DATASET,9256,2024-12-29,8:00,2024,12,Sunday,Mumbai,Western Suburbs,Western Express Highway (Kandivali - Goregaon),19.155762,72.853182,Heavy Commercial / Truck,Highway,Grievous/Major,4,0,4,Weather,Low,Moderate,36.5,Rain,Low,1,5,0.95,1.0,UNIQUE,,11,62.5
ACC-IND-009261,OPEN_ACCIDENT_DATASET,9261,2024-07-31,8:00,2024,7,Wednesday,Mumbai,South Mumbai,Marine Drive Promenade / Netaji Subhash Road,18.895444,72.813869,Heavy Commercial / Truck,Urban,Grievous/Major,3,0,3,Weather,High,High,36.5,Rain,Medium,0,4,0.95,1.0,UNIQUE,,-1,67.1
ACC-IND-009268,OPEN_ACCIDENT_DATASET,9268,2023-09-20,2:00,2023,9,Wednesday,Mumbai,Western Suburbs,Western Express Highway (Kandivali - Goregaon),19.26434,72.807461,Two-Wheeler / Bike,Rural,Minor,1,0,1,Weather,Low,Moderate,36.5,Clear,High,0,1,0.95,1.0,UNIQUE,,-1,35.5
ACC-IND-009280,OPEN_ACCIDENT_DATASET,9280,2022-02-21,2:00,2022,2,Monday,Mumbai,Lower Parel,Lower Parel Commercial Hub / Senapati Bapat Marg,18.996585,72.834909,Heavy Commercial / Truck,Highway,Minor,3,0,3,Drunk Driving,Low,Moderate,36.5,Rain,Medium,1,5,0.95,1.0,UNIQUE,,3,52.0
ACC-IND-009284,OPEN_ACCIDENT_DATASET,9284,2024-08-19,16:00,2024,8,Monday,Mumbai,Thane West,Ghodbunder Road (Thane West),19.240357,72.908235,Heavy Commercial / Truck,Rural,Minor,3,1,4,Distraction,Low,Moderate,36.5,Fog,Low,1,4,0.95,1.0,UNIQUE,,-1,64.0
ACC-IND-009286,OPEN_ACCIDENT_DATASET,9286,2024-06-27,17:00,2024,6,Thursday,Mumbai,Western Suburbs,Western Express Highway (Kandivali - Goregaon),19.287673,72.78735,Heavy Commercial / Truck,Urban,Grievous/Major,0,0,0,Poor Road,High,High,36.5,Fog,Low,0,5,0.95,1.0,UNIQUE,,-1,67.1
ACC-IND-009300,OPEN_ACCIDENT_DATASET,9300,2023-11-04,13:00,2023,11,Tuesday,Mumbai,Navi Mumbai Gateway,Sion Panvel Highway (Mankhurd - Vashi),19.040981,72.954568,Heavy Commercial / Truck,Rural,Grievous/Major,0,0,0,Weather,High,High,36.5,Fog,Low,0,2,0.95,1.0,UNIQUE,,-1,56.6
ACC-IND-009313,OPEN_ACCIDENT_DATASET,9313,2022-01-17,20:00,2022,1,Monday,Mumbai,Powai / Andheri East,Jogeshwari-Vikhroli Link Road (JVLR),19.124127,72.885108,Heavy Commercial / Truck,Highway,Grievous/Major,0,0,0,Poor Road,Medium,Moderate,36.5,Fog,Low,1,2,0.95,1.0,UNIQUE,,8,56.5
ACC-IND-009316,OPEN_ACCIDENT_DATASET,9316,2024-03-18,21:00,2024,3,Monday,Mumbai,Andheri West,Swami Vivekanand (SV) Road (Andheri West),19.116798,72.835774,Two-Wheeler / Bike,Highway,Fatal,0,1,1,Overspeeding,Medium,Moderate,36.5,Rain,Medium,1,1,0.95,1.0,UNIQUE,,10,70.0
ACC-IND-009319,OPEN_ACCIDENT_DATASET,9319,2024-01-05,8:00,2024,1,Wednesday,Mumbai,Lower Parel,Lower Parel Commercial Hub / Senapati Bapat Marg,18.997165,72.825038,Two-Wheeler / Bike,Highway,Minor,1,0,1,Poor Road,High,High,36.5,Clear,High,1,1,0.95,1.0,UNIQUE,,3,44.6
ACC-IND-009328,OPEN_ACCIDENT_DATASET,9328,2024-08-20,7:00,2024,8,Tuesday,Mumbai,Western Suburbs,Western Express Highway (Kandivali - Goregaon),19.169531,72.783464,Two-Wheeler / Bike,Urban,Minor,1,0,1,Poor Road,Low,Moderate,36.5,Clear,High,0,2,0.95,1.0,UNIQUE,,-1,41.5
ACC-IND-009331,OPEN_ACCIDENT_DATASET,9331,2024-03-27,7:00,2024,3,Wednesday,Mumbai,Dadar Central,Dadar TT Circle / Dr. Ambedkar Road,19.019214,72.845293,Heavy Commercial / Truck,Rural,Minor,0,0,0,Drunk Driving,Medium,Moderate,36.5,Fog,Low,0,2,0.95,1.0,UNIQUE,,3,41.5
ACC-IND-009332,OPEN_ACCIDENT_DATASET,9332,2023-02-23,13:00,2023,2,Thursday,Mumbai,Eastern Suburbs,Eastern Express Highway (Vikhroli - Ghatkopar),19.130301,72.926755,Heavy Commercial / Truck,Rural,Minor,4,1,5,Distraction,Low,Moderate,36.5,Fog,Low,1,5,0.95,1.0,UNIQUE,,-1,64.0
ACC-IND-009335,OPEN_ACCIDENT_DATASET,9335,2023-12-29,16:00,2023,12,Friday,Mumbai,Western Suburbs,Western Express Highway (Kandivali - Goregaon),19.166802,72.836181,Two-Wheeler / Bike,Rural,Grievous/Major,1,0,1,Overspeeding,Medium,Moderate,36.5,Clear,High,1,5,0.95,1.0,UNIQUE,,-1,62.5
ACC-IND-009350,OPEN_ACCIDENT_DATASET,9350,2022-05-14,18:00,2022,5,Saturday,Mumbai,Sion-Chembur,Eastern Express Highway (Sion - Chembur),19.045711,72.883128,Heavy Commercial / Truck,Urban,Fatal,2,1,3,Distraction,Medium,Moderate,36.5,Rain,Medium,0,3,0.95,1.0,UNIQUE,,5,77.5
ACC-IND-009359,OPEN_ACCIDENT_DATASET,9359,2023-09-10,6:00,2023,9,Monday,Mumbai,Thane West,Ghodbunder Road (Thane West),19.273654,72.931683,Two-Wheeler / Bike,Highway,Minor,1,0,1,Weather,Medium,Moderate,36.5,Fog,Low,1,1,0.95,1.0,UNIQUE,,-1,40.0
ACC-IND-009373,OPEN_ACCIDENT_DATASET,9373,2022-07-03,22:00,2022,7,Monday,Mumbai,Western Suburbs,Western Express Highway (Kandivali - Goregaon),19.166412,72.859031,Heavy Commercial / Truck,Rural,Grievous/Major,4,0,4,Distraction,High,High,36.5,Clear,High,0,4,0.95,1.0,UNIQUE,,11,67.1
ACC-IND-009377,OPEN_ACCIDENT_DATASET,9377,2024-07-07,18:00,2024,7,Sunday,Mumbai,Navi Mumbai Gateway,Sion Panvel Highway (Mankhurd - Vashi),19.0487,72.934132,Heavy Commercial / Truck,Rural,Minor,4,0,4,Drunk Driving,Low,Moderate,36.5,Fog,Low,1,4,0.95,1.0,UNIQUE,,4,52.0
ACC-IND-009388,OPEN_ACCIDENT_DATASET,9388,2022-05-28,20:00,2022,5,Saturday,Mumbai,Navi Mumbai Gateway,Sion Panvel Highway (Mankhurd - Vashi),19.053266,72.96064,Car / SUV,Urban,Minor,2,0,2,Distraction,Low,Moderate,36.5,Fog,Low,1,2,0.95,1.0,UNIQUE,,-1,41.5
ACC-IND-009400,OPEN_ACCIDENT_DATASET,9400,2023-08-17,1:00,2023,8,Thursday,Mumbai,Western Suburbs,Western Express Highway (Kandivali - Goregaon),19.27023,72.787317,Heavy Commercial / Truck,Urban,Minor,0,0,0,Distraction,High,High,36.5,Rain,Medium,0,1,0.95,1.0,UNIQUE,,-1,40.1
ACC-IND-009403,OPEN_ACCIDENT_DATASET,9403,2023-05-25,19:00,2023,5,Thursday,Mumbai,Navi Mumbai Gateway,Sion Panvel Highway (Mankhurd - Vashi),19.022423,72.937536,Two-Wheeler / Bike,Urban,Minor,1,0,1,Weather,Low,Moderate,36.5,Rain,Low,1,4,0.95,1.0,UNIQUE,,-1,52.0
ACC-IND-009414,OPEN_ACCIDENT_DATASET,9414,2024-09-05,5:00,2024,9,Thursday,Mumbai,Navi Mumbai Gateway,Sion Panvel Highway (Mankhurd - Vashi),19.067886,72.96648,Heavy Commercial / Truck,Highway,Grievous/Major,0,0,0,Drunk Driving,Low,Moderate,36.5,Clear,High,1,5,0.95,1.0,UNIQUE,,-1,62.5
ACC-IND-009433,OPEN_ACCIDENT_DATASET,9433,2022-05-08,2:00,2022,5,Friday,Mumbai,Thane West,Ghodbunder Road (Thane West),19.274906,72.907754,Heavy Commercial / Truck,Highway,Grievous/Major,0,0,0,Distraction,Medium,Moderate,36.5,Rain,Low,0,3,0.95,1.0,UNIQUE,,-1,62.5
ACC-IND-009438,OPEN_ACCIDENT_DATASET,9438,2025-03-28,15:00,2025,3,Friday,Mumbai,Western Suburbs,Western Express Highway (Kandivali - Goregaon),19.167298,72.855391,Car / SUV,Urban,Minor,2,0,2,Overspeeding,High,High,36.5,Clear,High,0,2,0.95,1.0,UNIQUE,,11,46.1
ACC-IND-009443,OPEN_ACCIDENT_DATASET,9443,2024-07-02,12:00,2024,7,Wednesday,Mumbai,Powai / Andheri East,Jogeshwari-Vikhroli Link Road (JVLR),19.124962,72.882808,Heavy Commercial / Truck,Rural,Fatal,3,1,4,Drunk Driving,Medium,Moderate,36.5,Clear,High,0,4,0.95,1.0,UNIQUE,,8,82.0
ACC-IND-009455,OPEN_ACCIDENT_DATASET,9455,2023-03-31,22:00,2023,3,Friday,Mumbai,Sion-Chembur,Eastern Express Highway (Sion - Chembur),19.055049,72.896228,Car / SUV,Urban,Fatal,1,1,2,Distraction,Medium,Moderate,36.5,Clear,High,0,2,0.95,1.0,UNIQUE,,5,71.5
ACC-IND-009477,OPEN_ACCIDENT_DATASET,9477,2022-03-31,6:00,2022,3,Thursday,Mumbai,Thane West,Ghodbunder Road (Thane West),19.295018,72.88831,Heavy Commercial / Truck,Urban,Grievous/Major,3,0,3,Distraction,Low,Moderate,36.5,Clear,High,0,3,0.95,1.0,UNIQUE,,-1,58.0
ACC-IND-009488,OPEN_ACCIDENT_DATASET,9488,2025-03-14,17:00,2025,3,Friday,Mumbai,South Mumbai,Marine Drive Promenade / Netaji Subhash Road,18.905998,72.873597,Heavy Commercial / Truck,Highway,Grievous/Major,2,1,3,Distraction,Low,Moderate,36.5,Fog,Low,0,3,0.95,1.0,UNIQUE,,-1,74.5
ACC-IND-009489,OPEN_ACCIDENT_DATASET,9489,2023-02-12,18:00,2023,2,Saturday,Mumbai,Thane West,Ghodbunder Road (Thane West),19.259123,72.969216,Heavy Commercial / Truck,Highway,Fatal,3,1,4,Weather,Low,Moderate,36.5,Fog,Low,0,4,0.95,1.0,UNIQUE,,1,82.0
ACC-IND-009492,OPEN_ACCIDENT_DATASET,9492,2025-01-15,14:00,2025,1,Wednesday,Mumbai,Thane West,Ghodbunder Road (Thane West),19.284505,72.970092,Heavy Commercial / Truck,Urban,Minor,2,1,3,Overspeeding,High,High,36.5,Rain,Low,0,5,0.95,1.0,UNIQUE,,-1,68.6
ACC-IND-009493,OPEN_ACCIDENT_DATASET,9493,2024-02-03,16:00,2024,2,Saturday,Mumbai,Lower Parel,Lower Parel Commercial Hub / Senapati Bapat Marg,18.976155,72.81326,Heavy Commercial / Truck,Urban,Fatal,3,1,4,Overspeeding,Low,Moderate,36.5,Fog,Low,1,4,0.95,1.0,UNIQUE,,-1,82.0
ACC-IND-009496,OPEN_ACCIDENT_DATASET,9496,2025-06-03,3:00,2025,6,Thursday,Mumbai,Bandra West,Western Express Highway (Bandra - Santacruz),19.085095,72.831953,Car / SUV,Urban,Grievous/Major,2,0,2,Distraction,Low,Moderate,36.5,Clear,High,0,2,0.95,1.0,UNIQUE,,-1,52.0
ACC-IND-009499,OPEN_ACCIDENT_DATASET,9499,2022-06-25,17:00,2022,6,Saturday,Mumbai,South Mumbai,Marine Drive Promenade / Netaji Subhash Road,18.943616,72.824468,Car / SUV,Highway,Minor,2,0,2,Distraction,Medium,Moderate,36.5,Rain,Medium,1,3,0.95,1.0,UNIQUE,,6,52.0
ACC-IND-009522,OPEN_ACCIDENT_DATASET,9522,2023-02-25,15:00,2023,2,Saturday,Mumbai,Navi Mumbai Gateway,Sion Panvel Highway (Mankhurd - Vashi),19.014926,72.999285,Two-Wheeler / Bike,Highway,Minor,1,0,1,Poor Road,High,High,36.5,Clear,High,1,1,0.95,1.0,UNIQUE,,-1,44.6
ACC-IND-009525,OPEN_ACCIDENT_DATASET,9525,2022-07-14,2:00,2022,7,Thursday,Mumbai,Dadar Central,Dadar TT Circle / Dr. Ambedkar Road,19.000242,72.873193,Two-Wheeler / Bike,Rural,Minor,1,0,1,Weather,Low,Moderate,36.5,Rain,Medium,1,2,0.95,1.0,UNIQUE,,-1,41.5
ACC-IND-009529,OPEN_ACCIDENT_DATASET,9529,2025-06-04,8:00,2025,6,Sunday,Mumbai,Bandra West,Western Express Highway (Bandra - Santacruz),19.05955,72.824667,Heavy Commercial / Truck,Highway,Minor,3,0,3,Weather,Medium,Moderate,36.5,Rain,Medium,0,3,0.95,1.0,UNIQUE,,-1,52.0
ACC-IND-009533,OPEN_ACCIDENT_DATASET,9533,2022-11-28,11:00,2022,11,Monday,Mumbai,Navi Mumbai Gateway,Sion Panvel Highway (Mankhurd - Vashi),19.055691,72.92882,Heavy Commercial / Truck,Rural,Grievous/Major,0,0,0,Weather,Low,Moderate,36.5,Fog,Low,1,4,0.95,1.0,UNIQUE,,4,62.5
ACC-IND-009537,OPEN_ACCIDENT_DATASET,9537,2022-01-22,17:00,2022,1,Saturday,Mumbai,Andheri West,Swami Vivekanand (SV) Road (Andheri West),19.11271,72.837867,Two-Wheeler / Bike,Urban,Grievous/Major,1,0,1,Drunk Driving,High,High,36.5,Rain,Low,0,5,0.95,1.0,UNIQUE,,10,67.1
ACC-IND-009539,OPEN_ACCIDENT_DATASET,9539,2023-08-29,23:00,2023,8,Tuesday,Mumbai,Western Suburbs,Western Express Highway (Kandivali - Goregaon),19.235034,72.800737,Heavy Commercial / Truck,Rural,Grievous/Major,3,0,3,Weather,Low,Moderate,36.5,Fog,Low,1,4,0.95,1.0,UNIQUE,,15,62.5
ACC-IND-009550,OPEN_ACCIDENT_DATASET,9550,2022-12-03,13:00,2022,12,Saturday,Mumbai,Andheri West,Swami Vivekanand (SV) Road (Andheri West),19.113146,72.838428,Car / SUV,Highway,Minor,2,0,2,Weather,High,High,36.5,Rain,Low,0,2,0.95,1.0,UNIQUE,,10,50.6
ACC-IND-009554,OPEN_ACCIDENT_DATASET,9554,2022-05-23,14:00,2022,5,Monday,Mumbai,South Mumbai,Marine Drive Promenade / Netaji Subhash Road,18.88703,72.958568,Heavy Commercial / Truck,Rural,Grievous/Major,4,1,5,Poor Road,Low,Moderate,36.5,Clear,High,1,5,0.95,1.0,UNIQUE,,19,74.5
ACC-IND-009561,OPEN_ACCIDENT_DATASET,9561,2023-07-20,13:00,2023,7,Thursday,Mumbai,Thane West,Ghodbunder Road (Thane West),19.26752,72.869028,Heavy Commercial / Truck,Rural,Grievous/Major,0,0,0,Distraction,Medium,Moderate,36.5,Clear,High,0,4,0.95,1.0,UNIQUE,,-1,62.5
ACC-IND-009580,OPEN_ACCIDENT_DATASET,9580,2024-06-03,20:00,2024,6,Wednesday,Mumbai,Western Suburbs,Western Express Highway (Kandivali - Goregaon),19.269968,72.7726,Two-Wheeler / Bike,Highway,Minor,1,0,1,Overspeeding,High,High,36.5,Rain,Medium,1,5,0.95,1.0,UNIQUE,,-1,56.6
ACC-IND-009590,OPEN_ACCIDENT_DATASET,9590,2023-11-21,20:00,2023,11,Tuesday,Mumbai,Navi Mumbai Gateway,Sion Panvel Highway (Mankhurd - Vashi),19.025778,72.932363,Heavy Commercial / Truck,Urban,Minor,3,0,3,Weather,Low,Moderate,36.5,Rain,Low,0,3,0.95,1.0,UNIQUE,,-1,47.5
ACC-IND-009595,OPEN_ACCIDENT_DATASET,9595,2025-03-29,5:00,2025,3,Saturday,Mumbai,Eastern Suburbs,Eastern Express Highway (Vikhroli - Ghatkopar),19.161768,72.985104,Heavy Commercial / Truck,Urban,Grievous/Major,0,0,0,Drunk Driving,Medium,Moderate,36.5,Clear,High,0,1,0.95,1.0,UNIQUE,,-1,46.0
ACC-IND-009603,OPEN_ACCIDENT_DATASET,9603,2025-02-15,16:00,2025,2,Saturday,Mumbai,South Mumbai,Marine Drive Promenade / Netaji Subhash Road,18.916277,72.843772,Car / SUV,Urban,Minor,2,0,2,Poor Road,Medium,Moderate,36.5,Fog,Low,1,2,0.95,1.0,UNIQUE,,-1,41.5
ACC-IND-009617,OPEN_ACCIDENT_DATASET,9617,2025-03-04,11:00,2025,3,Thursday,Mumbai,South Mumbai,Marine Drive Promenade / Netaji Subhash Road,18.904937,72.920143,Heavy Commercial / Truck,Urban,Minor,5,0,5,Overspeeding,Low,Moderate,36.5,Clear,High,1,5,0.95,1.0,UNIQUE,,-1,52.0
ACC-IND-009620,OPEN_ACCIDENT_DATASET,9620,2023-09-07,18:00,2023,9,Sunday,Mumbai,Western Suburbs,Western Express Highway (Kandivali - Goregaon),19.163485,72.855079,Two-Wheeler / Bike,Urban,Grievous/Major,1,0,1,Overspeeding,Medium,Moderate,36.5,Clear,High,0,2,0.95,1.0,UNIQUE,,11,52.0
ACC-IND-009628,OPEN_ACCIDENT_DATASET,9628,2025-11-04,12:00,2025,11,Friday,Mumbai,Navi Mumbai Gateway,Sion Panvel Highway (Mankhurd - Vashi),18.926172,72.990266,Heavy Commercial / Truck,Rural,Minor,0,0,0,Distraction,Medium,Moderate,36.5,Rain,Low,0,2,0.95,1.0,UNIQUE,,-1,41.5
ACC-IND-009631,OPEN_ACCIDENT_DATASET,9631,2025-01-29,1:00,2025,1,Wednesday,Mumbai,Lower Parel,Lower Parel Commercial Hub / Senapati Bapat Marg,18.993086,72.826338,Two-Wheeler / Bike,Rural,Grievous/Major,1,0,1,Poor Road,Low,Moderate,36.5,Clear,High,0,2,0.95,1.0,UNIQUE,,3,52.0
ACC-IND-009636,OPEN_ACCIDENT_DATASET,9636,2024-07-06,4:00,2024,7,Friday,Mumbai,South Mumbai,Marine Drive Promenade / Netaji Subhash Road,18.882392,72.892159,Heavy Commercial / Truck,Highway,Minor,0,0,0,Weather,Low,Moderate,36.5,Clear,High,1,3,0.95,1.0,UNIQUE,,-1,52.0
ACC-IND-009646,OPEN_ACCIDENT_DATASET,9646,2025-02-23,8:00,2025,2,Sunday,Mumbai,Western Suburbs,Western Express Highway (Kandivali - Goregaon),19.162721,72.853969,Heavy Commercial / Truck,Highway,Minor,3,1,4,Drunk Driving,High,High,36.5,Clear,High,1,4,0.95,1.0,UNIQUE,,11,68.6
ACC-IND-009667,OPEN_ACCIDENT_DATASET,9667,2023-03-09,2:00,2023,3,Sunday,Mumbai,Navi Mumbai Gateway,Sion Panvel Highway (Mankhurd - Vashi),18.954299,72.963914,Car / SUV,Urban,Grievous/Major,2,0,2,Distraction,Low,Moderate,36.5,Rain,Low,1,5,0.95,1.0,UNIQUE,,-1,62.5
ACC-IND-009692,OPEN_ACCIDENT_DATASET,9692,2022-11-26,7:00,2022,11,Saturday,Mumbai,Kurla / Ghatkopar,LBS Marg (Kurla - Ghatkopar),19.069385,72.889172,Car / SUV,Rural,Grievous/Major,2,0,2,Poor Road,Medium,Moderate,36.5,Clear,High,1,2,0.95,1.0,UNIQUE,,7,52.0
ACC-IND-009712,OPEN_ACCIDENT_DATASET,9712,2022-05-27,13:00,2022,5,Friday,Mumbai,Eastern Suburbs,Eastern Express Highway (Vikhroli - Ghatkopar),19.149786,72.961837,Two-Wheeler / Bike,Highway,Minor,1,0,1,Weather,Medium,Moderate,36.5,Clear,High,0,5,0.95,1.0,UNIQUE,,-1,52.0
ACC-IND-009720,OPEN_ACCIDENT_DATASET,9720,2022-08-06,13:00,2022,8,Wednesday,Mumbai,South Mumbai,Marine Drive Promenade / Netaji Subhash Road,18.945037,72.82112,Two-Wheeler / Bike,Rural,Grievous/Major,1,0,1,Weather,High,High,36.5,Clear,High,0,4,0.95,1.0,UNIQUE,,6,67.1
ACC-IND-009727,OPEN_ACCIDENT_DATASET,9727,2024-10-19,17:00,2024,10,Saturday,Mumbai,South Mumbai,Marine Drive Promenade / Netaji Subhash Road,18.858692,72.878689,Heavy Commercial / Truck,Rural,Minor,0,0,0,Drunk Driving,High,High,36.5,Fog,Low,0,3,0.95,1.0,UNIQUE,,14,52.1
ACC-IND-009734,OPEN_ACCIDENT_DATASET,9734,2024-01-04,3:00,2024,1,Monday,Mumbai,Navi Mumbai Gateway,Sion Panvel Highway (Mankhurd - Vashi),19.041973,72.981,Two-Wheeler / Bike,Highway,Minor,1,0,1,Weather,Low,Moderate,36.5,Fog,Low,1,3,0.95,1.0,UNIQUE,,-1,52.0
ACC-IND-009739,OPEN_ACCIDENT_DATASET,9739,2023-01-25,3:00,2023,1,Wednesday,Mumbai,Andheri West,Swami Vivekanand (SV) Road (Andheri West),19.103548,72.848574,Car / SUV,Urban,Minor,2,0,2,Distraction,Medium,Moderate,36.5,Clear,High,1,3,0.95,1.0,UNIQUE,,10,47.5
ACC-IND-009740,OPEN_ACCIDENT_DATASET,9740,2023-06-24,8:00,2023,6,Saturday,Mumbai,Thane West,Ghodbunder Road (Thane West),19.221475,72.993609,Two-Wheeler / Bike,Rural,Grievous/Major,1,0,1,Poor Road,High,High,36.5,Clear,High,0,1,0.95,1.0,UNIQUE,,-1,50.6
ACC-IND-009758,OPEN_ACCIDENT_DATASET,9758,2024-06-06,23:00,2024,6,Thursday,Mumbai,South Mumbai,Marine Drive Promenade / Netaji Subhash Road,18.919932,72.867836,Heavy Commercial / Truck,Urban,Minor,0,0,0,Overspeeding,Medium,Moderate,36.5,Fog,Low,0,2,0.95,1.0,UNIQUE,,-1,41.5
ACC-IND-009766,OPEN_ACCIDENT_DATASET,9766,2025-10-04,11:00,2025,10,Thursday,Mumbai,Sion-Chembur,Eastern Express Highway (Sion - Chembur),19.046708,72.89325,Car / SUV,Highway,Minor,2,0,2,Overspeeding,High,High,36.5,Rain,Low,0,2,0.95,1.0,UNIQUE,,5,50.6
ACC-IND-009776,OPEN_ACCIDENT_DATASET,9776,2022-08-13,14:00,2022,8,Saturday,Mumbai,Thane West,Ghodbunder Road (Thane West),19.258231,72.93509,Heavy Commercial / Truck,Highway,Minor,0,0,0,Drunk Driving,High,High,36.5,Fog,Low,0,1,0.95,1.0,UNIQUE,,-1,44.6
ACC-IND-009779,OPEN_ACCIDENT_DATASET,9779,2024-02-13,20:00,2024,2,Tuesday,Mumbai,Western Suburbs,Western Express Highway (Kandivali - Goregaon),19.24941,72.821019,Two-Wheeler / Bike,Rural,Minor,1,0,1,Weather,High,High,36.5,Rain,Low,1,3,0.95,1.0,UNIQUE,,-1,52.1
ACC-IND-009785,OPEN_ACCIDENT_DATASET,9785,2022-08-06,18:00,2022,8,Wednesday,Mumbai,Eastern Suburbs,Eastern Express Highway (Vikhroli - Ghatkopar),19.151031,72.964445,Two-Wheeler / Bike,Highway,Grievous/Major,1,0,1,Drunk Driving,High,High,36.5,Rain,Medium,1,2,0.95,1.0,UNIQUE,,-1,61.1
ACC-IND-009797,OPEN_ACCIDENT_DATASET,9797,2022-06-24,12:00,2022,6,Friday,Mumbai,Andheri West,Swami Vivekanand (SV) Road (Andheri West),19.118059,72.845519,Two-Wheeler / Bike,Urban,Minor,1,0,1,Overspeeding,High,High,36.5,Fog,Low,1,3,0.95,1.0,UNIQUE,,10,52.1
ACC-IND-009809,OPEN_ACCIDENT_DATASET,9809,2024-04-23,7:00,2024,4,Tuesday,Mumbai,Kurla / Ghatkopar,LBS Marg (Kurla - Ghatkopar),19.078987,72.886459,Car / SUV,Urban,Minor,2,0,2,Poor Road,High,High,36.5,Rain,Medium,1,3,0.95,1.0,UNIQUE,,7,52.1
ACC-IND-009810,OPEN_ACCIDENT_DATASET,9810,2023-10-20,11:00,2023,10,Friday,Mumbai,South Mumbai,Marine Drive Promenade / Netaji Subhash Road,18.956393,72.896668,Car / SUV,Urban,Minor,2,0,2,Drunk Driving,Medium,Moderate,36.5,Rain,Low,0,5,0.95,1.0,UNIQUE,,-1,52.0
ACC-IND-009823,OPEN_ACCIDENT_DATASET,9823,2022-05-30,2:00,2022,5,Monday,Mumbai,Sion-Chembur,Eastern Express Highway (Sion - Chembur),19.020858,72.893666,Heavy Commercial / Truck,Urban,Grievous/Major,2,1,3,Poor Road,Low,Moderate,36.5,Fog,Low,0,4,0.95,1.0,UNIQUE,,-1,74.5
ACC-IND-009824,OPEN_ACCIDENT_DATASET,9824,2022-02-01,12:00,2022,2,Sunday,Mumbai,South Mumbai,Marine Drive Promenade / Netaji Subhash Road,18.919511,72.926724,Heavy Commercial / Truck,Highway,Minor,0,0,0,Weather,Low,Moderate,36.5,Fog,Low,0,1,0.95,1.0,UNIQUE,,-1,40.0
ACC-IND-009828,OPEN_ACCIDENT_DATASET,9828,2022-10-20,13:00,2022,10,Thursday,Mumbai,Navi Mumbai Gateway,Sion Panvel Highway (Mankhurd - Vashi),18.998833,72.956395,Heavy Commercial / Truck,Rural,Fatal,4,1,5,Distraction,Medium,Moderate,36.5,Rain,Medium,1,5,0.95,1.0,UNIQUE,,-1,82.0
ACC-IND-009841,OPEN_ACCIDENT_DATASET,9841,2024-07-26,6:00,2024,7,Friday,Mumbai,Kurla East,Santa Cruz-Chembur Link Road (SCLR),19.066633,72.875352,Car / SUV,Rural,Minor,2,0,2,Poor Road,High,High,36.5,Rain,Medium,0,2,0.95,1.0,UNIQUE,,7,46.1
ACC-IND-009842,OPEN_ACCIDENT_DATASET,9842,2022-07-03,7:00,2022,7,Monday,Mumbai,South Mumbai,Marine Drive Promenade / Netaji Subhash Road,18.90785,72.954598,Car / SUV,Urban,Grievous/Major,2,0,2,Distraction,Medium,Moderate,36.5,Rain,Medium,1,5,0.95,1.0,UNIQUE,,-1,62.5
ACC-IND-009843,OPEN_ACCIDENT_DATASET,9843,2023-10-03,3:00,2023,10,Friday,Mumbai,Dadar Central,Dadar TT Circle / Dr. Ambedkar Road,18.991549,72.859646,Heavy Commercial / Truck,Highway,Grievous/Major,4,0,4,Drunk Driving,Low,Moderate,36.5,Clear,High,0,5,0.95,1.0,UNIQUE,,-1,62.5
ACC-IND-009851,OPEN_ACCIDENT_DATASET,9851,2023-01-16,22:00,2023,1,Monday,Mumbai,Eastern Suburbs,Eastern Express Highway (Vikhroli - Ghatkopar),19.095004,72.949722,Heavy Commercial / Truck,Rural,Fatal,3,1,4,Overspeeding,Low,Moderate,36.5,Rain,Medium,1,4,0.95,1.0,UNIQUE,,-1,82.0
ACC-IND-009861,OPEN_ACCIDENT_DATASET,9861,2022-04-21,8:00,2022,4,Thursday,Mumbai,South Mumbai,Marine Drive Promenade / Netaji Subhash Road,18.879186,72.954325,Two-Wheeler / Bike,Rural,Minor,1,0,1,Weather,High,High,36.5,Rain,Medium,0,1,0.95,1.0,UNIQUE,,19,40.1
ACC-IND-009867,OPEN_ACCIDENT_DATASET,9867,2022-07-06,22:00,2022,7,Tuesday,Mumbai,Powai / Andheri East,Jogeshwari-Vikhroli Link Road (JVLR),19.178887,72.915208,Car / SUV,Highway,Grievous/Major,2,0,2,Weather,Medium,Moderate,36.5,Rain,Medium,0,2,0.95,1.0,UNIQUE,,-1,56.5
ACC-IND-009872,OPEN_ACCIDENT_DATASET,9872,2022-10-07,2:00,2022,10,Sunday,Mumbai,Powai / Andheri East,Jogeshwari-Vikhroli Link Road (JVLR),19.121808,72.882604,Heavy Commercial / Truck,Urban,Minor,0,0,0,Distraction,Low,Moderate,36.5,Clear,High,0,2,0.95,1.0,UNIQUE,,8,41.5
ACC-IND-009887,OPEN_ACCIDENT_DATASET,9887,2022-08-21,16:00,2022,8,Sunday,Mumbai,Kurla / Ghatkopar,LBS Marg (Kurla - Ghatkopar),19.080719,72.885682,Heavy Commercial / Truck,Rural,Minor,3,0,3,Poor Road,High,High,36.5,Fog,Low,1,4,0.95,1.0,UNIQUE,,7,56.6
ACC-IND-009918,OPEN_ACCIDENT_DATASET,9918,2023-09-16,18:00,2023,9,Saturday,Mumbai,Thane West,Ghodbunder Road (Thane West),19.260185,72.962388,Heavy Commercial / Truck,Rural,Grievous/Major,4,0,4,Overspeeding,High,High,36.5,Clear,High,0,5,0.95,1.0,UNIQUE,,1,67.1
ACC-IND-009935,OPEN_ACCIDENT_DATASET,9935,2022-12-01,21:00,2022,12,Wednesday,Mumbai,South Mumbai,Marine Drive Promenade / Netaji Subhash Road,18.9544,72.894337,Heavy Commercial / Truck,Urban,Grievous/Major,0,0,0,Weather,Medium,Moderate,36.5,Rain,Medium,1,1,0.95,1.0,UNIQUE,,-1,46.0
ACC-IND-009940,OPEN_ACCIDENT_DATASET,9940,2022-03-16,0:00,2022,3,Wednesday,Mumbai,Andheri West,Swami Vivekanand (SV) Road (Andheri West),19.119049,72.835599,Car / SUV,Urban,Grievous/Major,2,0,2,Weather,Low,Moderate,36.5,Fog,Low,1,2,0.95,1.0,UNIQUE,,10,52.0
ACC-IND-009956,OPEN_ACCIDENT_DATASET,9956,2023-11-21,17:00,2023,11,Tuesday,Mumbai,South Mumbai,Marine Drive Promenade / Netaji Subhash Road,18.86941,72.888254,Two-Wheeler / Bike,Urban,Minor,1,0,1,Distraction,High,High,36.5,Clear,High,1,3,0.95,1.0,UNIQUE,,-1,52.1
ACC-IND-009958,OPEN_ACCIDENT_DATASET,9958,2023-07-24,22:00,2023,7,Monday,Mumbai,Western Suburbs,Western Express Highway (Kandivali - Goregaon),19.171152,72.856446,Heavy Commercial / Truck,Highway,Fatal,3,1,4,Weather,High,High,36.5,Rain,Medium,0,4,0.95,1.0,UNIQUE,,11,86.6
ACC-IND-009977,OPEN_ACCIDENT_DATASET,9977,2024-09-05,21:00,2024,9,Thursday,Mumbai,Kurla East,Santa Cruz-Chembur Link Road (SCLR),19.072078,72.877511,Car / SUV,Urban,Grievous/Major,2,0,2,Poor Road,Medium,Moderate,36.5,Fog,Low,0,5,0.95,1.0,UNIQUE,,7,62.5
ACC-IND-009990,OPEN_ACCIDENT_DATASET,9990,2023-04-02,5:00,2023,4,Saturday,Mumbai,Eastern Suburbs,Eastern Express Highway (Vikhroli - Ghatkopar),19.115819,72.912588,Two-Wheeler / Bike,Urban,Grievous/Major,1,0,1,Overspeeding,High,High,36.5,Rain,Medium,1,5,0.95,1.0,UNIQUE,,-1,67.1
ACC-IND-009999,OPEN_ACCIDENT_DATASET,9999,2025-01-02,3:00,2025,1,Saturday,Mumbai,Western Suburbs,Western Express Highway (Kandivali - Goregaon),19.229129,72.844103,Heavy Commercial / Truck,Urban,Minor,0,0,0,Distraction,Low,Moderate,36.5,Rain,Medium,1,4,0.95,1.0,UNIQUE,,-1,52.0
ACC-IND-010006,OPEN_ACCIDENT_DATASET,10006,2022-04-21,16:00,2022,4,Thursday,Mumbai,Sion-Chembur,Eastern Express Highway (Sion - Chembur),18.975157,72.919611,Heavy Commercial / Truck,Rural,Grievous/Major,0,0,0,Drunk Driving,Medium,Moderate,36.5,Clear,High,0,5,0.95,1.0,UNIQUE,,-1,62.5
ACC-IND-010011,OPEN_ACCIDENT_DATASET,10011,2022-08-07,17:00,2022,8,Friday,Mumbai,Andheri West,Swami Vivekanand (SV) Road (Andheri West),19.131531,72.82523,Two-Wheeler / Bike,Rural,Minor,1,0,1,Poor Road,Medium,Moderate,36.5,Clear,High,1,4,0.95,1.0,UNIQUE,,-1,52.0
ACC-IND-010032,OPEN_ACCIDENT_DATASET,10032,2022-01-10,0:00,2022,1,Saturday,Mumbai,South Mumbai,Marine Drive Promenade / Netaji Subhash Road,18.86681,72.875679,Heavy Commercial / Truck,Rural,Grievous/Major,0,0,0,Overspeeding,Low,Moderate,36.5,Fog,Low,1,1,0.95,1.0,UNIQUE,,14,46.0
ACC-IND-010033,OPEN_ACCIDENT_DATASET,10033,2023-08-05,14:00,2023,8,Monday,Mumbai,Dadar Central,Dadar TT Circle / Dr. Ambedkar Road,19.018922,72.847917,Two-Wheeler / Bike,Urban,Minor,1,0,1,Drunk Driving,Medium,Moderate,36.5,Fog,Low,1,1,0.95,1.0,UNIQUE,,3,35.5
ACC-IND-010045,OPEN_ACCIDENT_DATASET,10045,2022-05-31,16:00,2022,5,Tuesday,Mumbai,Andheri West,Swami Vivekanand (SV) Road (Andheri West),19.122459,72.848337,Two-Wheeler / Bike,Urban,Grievous/Major,1,0,1,Distraction,Low,Moderate,36.5,Fog,Low,1,2,0.95,1.0,UNIQUE,,10,52.0
ACC-IND-010050,OPEN_ACCIDENT_DATASET,10050,2023-02-28,2:00,2023,2,Tuesday,Mumbai,Bandra West,Western Express Highway (Bandra - Santacruz),19.067318,72.840034,Heavy Commercial / Truck,Urban,Minor,0,0,0,Drunk Driving,Low,Moderate,36.5,Fog,Low,0,4,0.95,1.0,UNIQUE,,0,52.0
ACC-IND-010057,OPEN_ACCIDENT_DATASET,10057,2022-01-02,10:00,2022,1,Tuesday,Mumbai,Western Suburbs,Western Express Highway (Kandivali - Goregaon),19.170593,72.8862,Car / SUV,Rural,Minor,2,0,2,Distraction,High,High,36.5,Rain,Medium,0,2,0.95,1.0,UNIQUE,,-1,46.1
ACC-IND-010060,OPEN_ACCIDENT_DATASET,10060,2023-11-09,12:00,2023,11,Monday,Mumbai,Eastern Suburbs,Eastern Express Highway (Vikhroli - Ghatkopar),19.106252,72.960447,Two-Wheeler / Bike,Highway,Grievous/Major,1,0,1,Drunk Driving,Medium,Moderate,36.5,Clear,High,1,3,0.95,1.0,UNIQUE,,-1,62.5
ACC-IND-010067,OPEN_ACCIDENT_DATASET,10067,2024-06-11,19:00,2024,6,Wednesday,Mumbai,Western Suburbs,Western Express Highway (Kandivali - Goregaon),19.218544,72.850045,Heavy Commercial / Truck,Highway,Minor,4,0,4,Poor Road,High,High,36.5,Rain,Low,1,5,0.95,1.0,UNIQUE,,-1,56.6
ACC-IND-010069,OPEN_ACCIDENT_DATASET,10069,2025-10-03,5:00,2025,10,Monday,Mumbai,Western Suburbs,Western Express Highway (Kandivali - Goregaon),19.151512,72.842724,Two-Wheeler / Bike,Urban,Grievous/Major,1,0,1,Drunk Driving,High,High,36.5,Clear,High,1,3,0.95,1.0,UNIQUE,,17,62.6
ACC-IND-010071,OPEN_ACCIDENT_DATASET,10071,2022-10-31,10:00,2022,10,Monday,Mumbai,South Mumbai,Marine Drive Promenade / Netaji Subhash Road,18.94059,72.822676,Heavy Commercial / Truck,Rural,Minor,2,1,3,Drunk Driving,Medium,Moderate,36.5,Clear,High,0,5,0.95,1.0,UNIQUE,,6,64.0
ACC-IND-010074,OPEN_ACCIDENT_DATASET,10074,2022-06-08,3:00,2022,6,Saturday,Mumbai,Thane West,Ghodbunder Road (Thane West),19.263661,72.971329,Heavy Commercial / Truck,Highway,Grievous/Major,0,0,0,Poor Road,Low,Moderate,36.5,Rain,Medium,1,2,0.95,1.0,UNIQUE,,1,56.5
ACC-IND-010093,OPEN_ACCIDENT_DATASET,10093,2024-07-22,20:00,2024,7,Monday,Mumbai,Navi Mumbai Gateway,Sion Panvel Highway (Mankhurd - Vashi),18.910447,72.968916,Heavy Commercial / Truck,Urban,Fatal,3,1,4,Overspeeding,Low,Moderate,36.5,Fog,Low,0,4,0.95,1.0,UNIQUE,,-1,82.0
ACC-IND-010095,OPEN_ACCIDENT_DATASET,10095,2024-12-14,16:00,2024,12,Saturday,Mumbai,Dadar Central,Dadar TT Circle / Dr. Ambedkar Road,18.98904,72.874637,Two-Wheeler / Bike,Urban,Minor,1,0,1,Drunk Driving,Medium,Moderate,36.5,Clear,High,1,5,0.95,1.0,UNIQUE,,-1,52.0
ACC-IND-010115,OPEN_ACCIDENT_DATASET,10115,2025-10-04,14:00,2025,10,Thursday,Mumbai,Bandra West,Western Express Highway (Bandra - Santacruz),19.074667,72.841868,Two-Wheeler / Bike,Rural,Fatal,0,1,1,Poor Road,Low,Moderate,36.5,Rain,Low,0,1,0.95,1.0,UNIQUE,,0,65.5
ACC-IND-010124,OPEN_ACCIDENT_DATASET,10124,2022-08-08,13:00,2022,8,Monday,Mumbai,Bandra West,Western Express Highway (Bandra - Santacruz),19.069189,72.802527,Two-Wheeler / Bike,Urban,Minor,1,0,1,Drunk Driving,Medium,Moderate,36.5,Clear,High,0,2,0.95,1.0,UNIQUE,,-1,41.5
ACC-IND-010127,OPEN_ACCIDENT_DATASET,10127,2024-03-10,9:00,2024,3,Thursday,Mumbai,Navi Mumbai Gateway,Sion Panvel Highway (Mankhurd - Vashi),19.003503,72.96569,Heavy Commercial / Truck,Rural,Grievous/Major,0,0,0,Distraction,Medium,Moderate,36.5,Clear,High,1,3,0.95,1.0,UNIQUE,,-1,58.0
ACC-IND-010128,OPEN_ACCIDENT_DATASET,10128,2022-08-09,19:00,2022,8,Thursday,Mumbai,South Mumbai,Marine Drive Promenade / Netaji Subhash Road,18.860626,72.898751,Heavy Commercial / Truck,Rural,Minor,4,0,4,Poor Road,Medium,Moderate,36.5,Fog,Low,1,4,0.95,1.0,UNIQUE,,-1,52.0
ACC-IND-010161,OPEN_ACCIDENT_DATASET,10161,2022-09-11,8:00,2022,9,Wednesday,Mumbai,South Mumbai,Marine Drive Promenade / Netaji Subhash Road,18.883083,72.828458,Heavy Commercial / Truck,Urban,Minor,0,0,0,Drunk Driving,High,High,36.5,Rain,Low,1,3,0.95,1.0,UNIQUE,,-1,52.1
ACC-IND-010179,OPEN_ACCIDENT_DATASET,10179,2024-11-16,3:00,2024,11,Saturday,Mumbai,Kurla / Ghatkopar,LBS Marg (Kurla - Ghatkopar),19.073941,72.902433,Two-Wheeler / Bike,Rural,Minor,1,0,1,Weather,Medium,Moderate,36.5,Clear,High,0,2,0.95,1.0,UNIQUE,,-1,41.5
ACC-IND-010197,OPEN_ACCIDENT_DATASET,10197,2024-04-04,1:00,2024,4,Thursday,Mumbai,Dadar Central,Dadar TT Circle / Dr. Ambedkar Road,19.025392,72.816933,Heavy Commercial / Truck,Rural,Minor,0,0,0,Poor Road,High,High,36.5,Rain,Medium,0,4,0.95,1.0,UNIQUE,,-1,56.6
ACC-IND-010204,OPEN_ACCIDENT_DATASET,10204,2024-08-31,21:00,2024,8,Saturday,Mumbai,Navi Mumbai Gateway,Sion Panvel Highway (Mankhurd - Vashi),19.010083,72.996742,Heavy Commercial / Truck,Urban,Grievous/Major,0,0,0,Distraction,High,High,36.5,Clear,High,1,1,0.95,1.0,UNIQUE,,13,50.6
ACC-IND-010214,OPEN_ACCIDENT_DATASET,10214,2023-05-20,4:00,2023,5,Saturday,Mumbai,South Mumbai,Marine Drive Promenade / Netaji Subhash Road,18.937257,72.820967,Two-Wheeler / Bike,Urban,Grievous/Major,1,0,1,Distraction,Low,Moderate,36.5,Rain,Medium,0,1,0.95,1.0,UNIQUE,,6,46.0
ACC-IND-010217,OPEN_ACCIDENT_DATASET,10217,2024-09-15,23:00,2024,9,Sunday,Mumbai,Andheri West,Swami Vivekanand (SV) Road (Andheri West),19.132754,72.79529,Two-Wheeler / Bike,Urban,Minor,1,0,1,Poor Road,High,High,36.5,Rain,Medium,0,1,0.95,1.0,UNIQUE,,-1,40.1
ACC-IND-010220,OPEN_ACCIDENT_DATASET,10220,2023-06-22,19:00,2023,6,Thursday,Mumbai,Eastern Suburbs,Eastern Express Highway (Vikhroli - Ghatkopar),19.109021,72.979954,Two-Wheeler / Bike,Rural,Minor,1,0,1,Weather,High,High,36.5,Clear,High,1,3,0.95,1.0,UNIQUE,,-1,52.1
ACC-IND-010221,OPEN_ACCIDENT_DATASET,10221,2024-01-24,11:00,2024,1,Wednesday,Mumbai,Sion-Chembur,Eastern Express Highway (Sion - Chembur),19.044895,72.890514,Heavy Commercial / Truck,Rural,Minor,0,0,0,Drunk Driving,Medium,Moderate,36.5,Rain,Low,1,1,0.95,1.0,UNIQUE,,5,35.5
ACC-IND-010234,OPEN_ACCIDENT_DATASET,10234,2022-02-26,17:00,2022,2,Saturday,Mumbai,Bandra West,Western Express Highway (Bandra - Santacruz),19.072452,72.846171,Car / SUV,Urban,Minor,2,0,2,Poor Road,Low,Moderate,36.5,Rain,Low,1,4,0.95,1.0,UNIQUE,,0,52.0
ACC-IND-010246,OPEN_ACCIDENT_DATASET,10246,2024-03-02,0:00,2024,3,Saturday,Mumbai,Andheri West,Swami Vivekanand (SV) Road (Andheri West),19.120918,72.847889,Heavy Commercial / Truck,Highway,Fatal,4,1,5,Weather,Low,Moderate,36.5,Rain,Medium,0,5,0.95,1.0,UNIQUE,,10,82.0
ACC-IND-010254,OPEN_ACCIDENT_DATASET,10254,2022-10-04,4:00,2022,10,Sunday,Mumbai,Eastern Suburbs,Eastern Express Highway (Vikhroli - Ghatkopar),19.122107,72.96127,Heavy Commercial / Truck,Urban,Minor,2,1,3,Poor Road,Low,Moderate,36.5,Fog,Low,1,4,0.95,1.0,UNIQUE,,-1,64.0
ACC-IND-010258,OPEN_ACCIDENT_DATASET,10258,2022-06-28,3:00,2022,6,Tuesday,Mumbai,Bandra West,Western Express Highway (Bandra - Santacruz),19.066225,72.838257,Heavy Commercial / Truck,Highway,Minor,5,0,5,Poor Road,Low,Moderate,36.5,Fog,Low,1,5,0.95,1.0,UNIQUE,,0,52.0
ACC-IND-010262,OPEN_ACCIDENT_DATASET,10262,2024-01-09,3:00,2024,1,Sunday,Mumbai,Powai / Andheri East,Jogeshwari-Vikhroli Link Road (JVLR),19.125657,72.886804,Heavy Commercial / Truck,Urban,Minor,3,0,3,Weather,Low,Moderate,36.5,Fog,Low,0,3,0.95,1.0,UNIQUE,,8,47.5
ACC-IND-010263,OPEN_ACCIDENT_DATASET,10263,2024-05-24,19:00,2024,5,Friday,Mumbai,South Mumbai,Marine Drive Promenade / Netaji Subhash Road,18.886262,72.817534,Car / SUV,Rural,Fatal,1,1,2,Drunk Driving,Medium,Moderate,36.5,Rain,Low,0,2,0.95,1.0,UNIQUE,,-1,71.5
ACC-IND-010280,OPEN_ACCIDENT_DATASET,10280,2022-11-21,12:00,2022,11,Monday,Mumbai,South Mumbai,Marine Drive Promenade / Netaji Subhash Road,18.886764,72.918439,Heavy Commercial / Truck,Rural,Minor,0,0,0,Weather,Medium,Moderate,36.5,Rain,Medium,0,1,0.95,1.0,UNIQUE,,-1,35.5
ACC-IND-010303,OPEN_ACCIDENT_DATASET,10303,2023-07-08,20:00,2023,7,Monday,Mumbai,Sion-Chembur,Eastern Express Highway (Sion - Chembur),19.037458,72.902615,Car / SUV,Urban,Grievous/Major,2,0,2,Overspeeding,High,High,36.5,Clear,High,0,3,0.95,1.0,UNIQUE,,-1,62.6
ACC-IND-010318,OPEN_ACCIDENT_DATASET,10318,2024-01-17,0:00,2024,1,Wednesday,Mumbai,South Mumbai,Marine Drive Promenade / Netaji Subhash Road,18.943971,72.821109,Two-Wheeler / Bike,Rural,Minor,1,0,1,Drunk Driving,Low,Moderate,36.5,Clear,High,0,2,0.95,1.0,UNIQUE,,6,41.5
ACC-IND-010328,OPEN_ACCIDENT_DATASET,10328,2023-09-10,2:00,2023,9,Monday,Mumbai,Navi Mumbai Gateway,Sion Panvel Highway (Mankhurd - Vashi),18.95916,72.93789,Two-Wheeler / Bike,Rural,Grievous/Major,1,0,1,Weather,Low,Moderate,36.5,Rain,Low,0,2,0.95,1.0,UNIQUE,,-1,52.0
ACC-IND-010329,OPEN_ACCIDENT_DATASET,10329,2022-03-16,11:00,2022,3,Wednesday,Mumbai,Lower Parel,Lower Parel Commercial Hub / Senapati Bapat Marg,18.972089,72.840688,Two-Wheeler / Bike,Rural,Fatal,0,1,1,Distraction,High,High,36.5,Rain,Medium,0,1,0.95,1.0,UNIQUE,,-1,70.1
ACC-IND-010353,OPEN_ACCIDENT_DATASET,10353,2022-08-21,17:00,2022,8,Sunday,Mumbai,Andheri West,Swami Vivekanand (SV) Road (Andheri West),19.100187,72.81796,Heavy Commercial / Truck,Highway,Minor,0,0,0,Poor Road,Medium,Moderate,36.5,Clear,High,0,2,0.95,1.0,UNIQUE,,-1,46.0
ACC-IND-010363,OPEN_ACCIDENT_DATASET,10363,2022-06-04,23:00,2022,6,Wednesday,Mumbai,Kurla / Ghatkopar,LBS Marg (Kurla - Ghatkopar),19.083179,72.89199,Heavy Commercial / Truck,Highway,Grievous/Major,0,0,0,Poor Road,Medium,Moderate,36.5,Fog,Low,0,3,0.95,1.0,UNIQUE,,7,62.5
ACC-IND-010364,OPEN_ACCIDENT_DATASET,10364,2022-02-10,19:00,2022,2,Sunday,Mumbai,Western Suburbs,Western Express Highway (Kandivali - Goregaon),19.193358,72.839725,Heavy Commercial / Truck,Urban,Grievous/Major,4,0,4,Weather,Medium,Moderate,36.5,Clear,High,1,5,0.95,1.0,UNIQUE,,11,62.5
ACC-IND-010366,OPEN_ACCIDENT_DATASET,10366,2024-01-30,18:00,2024,1,Tuesday,Mumbai,Powai / Andheri East,Jogeshwari-Vikhroli Link Road (JVLR),19.12652,72.883291,Car / SUV,Highway,Grievous/Major,2,0,2,Drunk Driving,High,High,36.5,Rain,Medium,1,4,0.95,1.0,UNIQUE,,8,67.1
ACC-IND-010371,OPEN_ACCIDENT_DATASET,10371,2025-04-04,19:00,2025,4,Friday,Mumbai,South Mumbai,Marine Drive Promenade / Netaji Subhash Road,18.933996,72.917927,Two-Wheeler / Bike,Highway,Grievous/Major,1,0,1,Drunk Driving,High,High,36.5,Clear,High,1,1,0.95,1.0,UNIQUE,,-1,55.1
ACC-IND-010379,OPEN_ACCIDENT_DATASET,10379,2024-08-18,9:00,2024,8,Sunday,Mumbai,Lower Parel,Lower Parel Commercial Hub / Senapati Bapat Marg,18.999007,72.842082,Heavy Commercial / Truck,Urban,Minor,3,0,3,Overspeeding,High,High,36.5,Fog,Low,1,3,0.95,1.0,UNIQUE,,3,52.1
ACC-IND-010394,OPEN_ACCIDENT_DATASET,10394,2023-05-01,17:00,2023,5,Thursday,Mumbai,Sion-Chembur,Eastern Express Highway (Sion - Chembur),19.022941,72.906634,Two-Wheeler / Bike,Urban,Fatal,0,1,1,Overspeeding,High,High,36.5,Fog,Low,0,1,0.95,1.0,UNIQUE,,-1,70.1
ACC-IND-010400,OPEN_ACCIDENT_DATASET,10400,2024-03-27,9:00,2024,3,Wednesday,Mumbai,Western Suburbs,Western Express Highway (Kandivali - Goregaon),19.159448,72.857371,Heavy Commercial / Truck,Urban,Minor,0,0,0,Overspeeding,High,High,36.5,Fog,Low,1,5,0.95,1.0,UNIQUE,,11,56.6
ACC-IND-010422,OPEN_ACCIDENT_DATASET,10422,2022-09-27,5:00,2022,9,Tuesday,Mumbai,South Mumbai,Marine Drive Promenade / Netaji Subhash Road,18.943365,72.825369,Heavy Commercial / Truck,Rural,Minor,0,0,0,Drunk Driving,High,High,36.5,Clear,High,0,2,0.95,1.0,UNIQUE,,6,46.1
ACC-IND-010461,OPEN_ACCIDENT_DATASET,10461,2023-05-30,20:00,2023,5,Tuesday,Mumbai,South Mumbai,Marine Drive Promenade / Netaji Subhash Road,18.944316,72.817248,Car / SUV,Rural,Fatal,1,1,2,Distraction,High,High,36.5,Fog,Low,1,2,0.95,1.0,UNIQUE,,6,76.1
ACC-IND-010466,OPEN_ACCIDENT_DATASET,10466,2022-06-14,3:00,2022,6,Tuesday,Mumbai,Thane West,Ghodbunder Road (Thane West),19.273721,72.930088,Heavy Commercial / Truck,Rural,Minor,0,0,0,Drunk Driving,Low,Moderate,36.5,Clear,High,0,1,0.95,1.0,UNIQUE,,-1,35.5
ACC-IND-010492,OPEN_ACCIDENT_DATASET,10492,2025-02-22,16:00,2025,2,Saturday,Mumbai,Bandra West,Western Express Highway (Bandra - Santacruz),19.046434,72.811703,Heavy Commercial / Truck,Highway,Minor,0,0,0,Weather,High,High,36.5,Rain,Low,0,4,0.95,1.0,UNIQUE,,-1,56.6
ACC-IND-010501,OPEN_ACCIDENT_DATASET,10501,2025-01-13,6:00,2025,1,Monday,Mumbai,Powai / Andheri East,Jogeshwari-Vikhroli Link Road (JVLR),19.120322,72.899494,Heavy Commercial / Truck,Rural,Minor,0,0,0,Weather,Low,Moderate,36.5,Clear,High,0,5,0.95,1.0,UNIQUE,,-1,52.0
ACC-IND-010504,OPEN_ACCIDENT_DATASET,10504,2024-02-15,17:00,2024,2,Thursday,Mumbai,Thane West,Ghodbunder Road (Thane West),19.296265,72.906691,Heavy Commercial / Truck,Highway,Grievous/Major,3,1,4,Drunk Driving,High,High,36.5,Rain,Medium,1,5,0.95,1.0,UNIQUE,,-1,79.1
ACC-IND-010509,OPEN_ACCIDENT_DATASET,10509,2022-05-29,10:00,2022,5,Sunday,Mumbai,Powai / Andheri East,Jogeshwari-Vikhroli Link Road (JVLR),19.129044,72.885926,Car / SUV,Urban,Grievous/Major,2,0,2,Distraction,High,High,36.5,Fog,Low,1,5,0.95,1.0,UNIQUE,,8,67.1
ACC-IND-010513,OPEN_ACCIDENT_DATASET,10513,2023-01-29,16:00,2023,1,Sunday,Mumbai,Powai / Andheri East,Jogeshwari-Vikhroli Link Road (JVLR),19.176134,72.912013,Two-Wheeler / Bike,Urban,Fatal,0,1,1,Weather,Low,Moderate,36.5,Rain,Low,0,1,0.95,1.0,UNIQUE,,-1,65.5
ACC-IND-010516,OPEN_ACCIDENT_DATASET,10516,2024-07-02,13:00,2024,7,Wednesday,Mumbai,Dadar Central,Dadar TT Circle / Dr. Ambedkar Road,19.04061,72.821103,Car / SUV,Urban,Minor,2,0,2,Drunk Driving,Medium,Moderate,36.5,Fog,Low,0,5,0.95,1.0,UNIQUE,,-1,52.0
ACC-IND-010517,OPEN_ACCIDENT_DATASET,10517,2024-10-08,14:00,2024,10,Saturday,Mumbai,Andheri West,Swami Vivekanand (SV) Road (Andheri West),19.125391,72.827118,Heavy Commercial / Truck,Rural,Grievous/Major,0,0,0,Drunk Driving,High,High,36.5,Rain,Medium,0,4,0.95,1.0,UNIQUE,,10,67.1
ACC-IND-010522,OPEN_ACCIDENT_DATASET,10522,2022-07-25,6:00,2022,7,Monday,Mumbai,Powai / Andheri East,Jogeshwari-Vikhroli Link Road (JVLR),19.12842,72.890057,Heavy Commercial / Truck,Urban,Grievous/Major,0,0,0,Poor Road,Medium,Moderate,36.5,Rain,Low,0,1,0.95,1.0,UNIQUE,,8,46.0
ACC-IND-010525,OPEN_ACCIDENT_DATASET,10525,2022-03-17,15:00,2022,3,Thursday,Mumbai,Navi Mumbai Gateway,Sion Panvel Highway (Mankhurd - Vashi),19.023632,72.979839,Heavy Commercial / Truck,Highway,Minor,5,0,5,Drunk Driving,Medium,Moderate,36.5,Fog,Low,0,5,0.95,1.0,UNIQUE,,-1,52.0
ACC-IND-010527,OPEN_ACCIDENT_DATASET,10527,2022-04-01,15:00,2022,4,Tuesday,Mumbai,Navi Mumbai Gateway,Sion Panvel Highway (Mankhurd - Vashi),18.988214,72.950788,Heavy Commercial / Truck,Rural,Minor,0,0,0,Distraction,Low,Moderate,36.5,Fog,Low,0,1,0.95,1.0,UNIQUE,,-1,35.5
ACC-IND-010539,OPEN_ACCIDENT_DATASET,10539,2023-05-17,16:00,2023,5,Wednesday,Mumbai,Navi Mumbai Gateway,Sion Panvel Highway (Mankhurd - Vashi),19.005816,72.991177,Heavy Commercial / Truck,Urban,Minor,3,0,3,Poor Road,Medium,Moderate,36.5,Rain,Low,1,3,0.95,1.0,UNIQUE,,13,47.5
ACC-IND-010550,OPEN_ACCIDENT_DATASET,10550,2022-01-24,16:00,2022,1,Monday,Mumbai,Western Suburbs,Western Express Highway (Kandivali - Goregaon),19.234708,72.781316,Two-Wheeler / Bike,Rural,Grievous/Major,1,0,1,Drunk Driving,High,High,36.5,Clear,High,0,1,0.95,1.0,UNIQUE,,-1,50.6
ACC-IND-010567,OPEN_ACCIDENT_DATASET,10567,2022-07-26,23:00,2022,7,Tuesday,Mumbai,Lower Parel,Lower Parel Commercial Hub / Senapati Bapat Marg,18.995763,72.826076,Two-Wheeler / Bike,Highway,Fatal,0,1,1,Overspeeding,Medium,Moderate,36.5,Fog,Low,0,1,0.95,1.0,UNIQUE,,3,70.0
ACC-IND-010571,OPEN_ACCIDENT_DATASET,10571,2025-05-01,5:00,2025,5,Sunday,Mumbai,Eastern Suburbs,Eastern Express Highway (Vikhroli - Ghatkopar),19.09651,72.911605,Two-Wheeler / Bike,Rural,Minor,1,0,1,Overspeeding,Medium,Moderate,36.5,Clear,High,1,1,0.95,1.0,UNIQUE,,2,35.5
ACC-IND-010573,OPEN_ACCIDENT_DATASET,10573,2022-09-08,0:00,2022,9,Tuesday,Mumbai,Navi Mumbai Gateway,Sion Panvel Highway (Mankhurd - Vashi),19.056477,72.932758,Car / SUV,Highway,Minor,2,0,2,Overspeeding,Low,Moderate,36.5,Rain,Low,0,5,0.95,1.0,UNIQUE,,4,52.0
ACC-IND-010574,OPEN_ACCIDENT_DATASET,10574,2024-08-20,7:00,2024,8,Tuesday,Mumbai,Western Suburbs,Western Express Highway (Kandivali - Goregaon),19.274761,72.83523,Heavy Commercial / Truck,Urban,Minor,0,0,0,Drunk Driving,Low,Moderate,36.5,Clear,High,0,1,0.95,1.0,UNIQUE,,-1,35.5
ACC-IND-010575,OPEN_ACCIDENT_DATASET,10575,2023-10-27,17:00,2023,10,Friday,Mumbai,Thane West,Ghodbunder Road (Thane West),19.269581,72.904571,Car / SUV,Rural,Minor,2,0,2,Weather,Medium,Moderate,36.5,Fog,Low,1,5,0.95,1.0,UNIQUE,,-1,52.0
ACC-IND-010584,OPEN_ACCIDENT_DATASET,10584,2025-11-03,8:00,2025,11,Tuesday,Mumbai,Navi Mumbai Gateway,Sion Panvel Highway (Mankhurd - Vashi),19.050786,72.951301,Heavy Commercial / Truck,Rural,Minor,4,1,5,Drunk Driving,Medium,Moderate,36.5,Rain,Low,1,5,0.95,1.0,UNIQUE,,-1,64.0
ACC-IND-010601,OPEN_ACCIDENT_DATASET,10601,2023-10-17,1:00,2023,10,Tuesday,Mumbai,Kurla East,Santa Cruz-Chembur Link Road (SCLR),19.072786,72.88477,Car / SUV,Rural,Grievous/Major,2,0,2,Poor Road,Low,Moderate,36.5,Clear,High,1,3,0.95,1.0,UNIQUE,,7,58.0
ACC-IND-010609,OPEN_ACCIDENT_DATASET,10609,2023-03-20,8:00,2023,3,Monday,Mumbai,Western Suburbs,Western Express Highway (Kandivali - Goregaon),19.220474,72.780046,Two-Wheeler / Bike,Highway,Grievous/Major,1,0,1,Weather,High,High,36.5,Clear,High,0,3,0.95,1.0,UNIQUE,,-1,67.1
ACC-IND-010628,OPEN_ACCIDENT_DATASET,10628,2024-06-20,14:00,2024,6,Thursday,Mumbai,Kurla / Ghatkopar,LBS Marg (Kurla - Ghatkopar),19.075329,72.891442,Heavy Commercial / Truck,Urban,Grievous/Major,0,0,0,Weather,Medium,Moderate,36.5,Clear,High,0,2,0.95,1.0,UNIQUE,,7,52.0
ACC-IND-010631,OPEN_ACCIDENT_DATASET,10631,2024-10-20,5:00,2024,10,Sunday,Mumbai,Dadar Central,Dadar TT Circle / Dr. Ambedkar Road,19.014284,72.846111,Two-Wheeler / Bike,Highway,Grievous/Major,1,0,1,Overspeeding,Low,Moderate,36.5,Rain,Medium,1,1,0.95,1.0,UNIQUE,,3,50.5
ACC-IND-010640,OPEN_ACCIDENT_DATASET,10640,2023-12-29,8:00,2023,12,Friday,Mumbai,South Mumbai,Marine Drive Promenade / Netaji Subhash Road,18.961727,72.879753,Two-Wheeler / Bike,Rural,Minor,1,0,1,Overspeeding,Low,Moderate,36.5,Fog,Low,1,2,0.95,1.0,UNIQUE,,-1,41.5
ACC-IND-010649,OPEN_ACCIDENT_DATASET,10649,2022-06-29,14:00,2022,6,Wednesday,Mumbai,Thane West,Ghodbunder Road (Thane West),19.236923,72.938427,Heavy Commercial / Truck,Highway,Grievous/Major,0,0,0,Weather,High,High,36.5,Fog,Low,0,3,0.95,1.0,UNIQUE,,-1,67.1
ACC-IND-010664,OPEN_ACCIDENT_DATASET,10664,2025-12-01,22:00,2025,12,Sunday,Mumbai,Navi Mumbai Gateway,Sion Panvel Highway (Mankhurd - Vashi),19.054637,72.932953,Heavy Commercial / Truck,Rural,Grievous/Major,0,0,0,Drunk Driving,Medium,Moderate,36.5,Fog,Low,1,3,0.95,1.0,UNIQUE,,4,58.0
ACC-IND-010672,OPEN_ACCIDENT_DATASET,10672,2024-07-30,21:00,2024,7,Tuesday,Mumbai,Dadar Central,Dadar TT Circle / Dr. Ambedkar Road,19.04111,72.810522,Heavy Commercial / Truck,Rural,Minor,0,0,0,Drunk Driving,Low,Moderate,36.5,Fog,Low,0,2,0.95,1.0,UNIQUE,,-1,41.5
ACC-IND-010682,OPEN_ACCIDENT_DATASET,10682,2022-08-11,15:00,2022,8,Tuesday,Mumbai,Dadar Central,Dadar TT Circle / Dr. Ambedkar Road,19.019227,72.861951,Two-Wheeler / Bike,Rural,Minor,1,0,1,Distraction,Medium,Moderate,36.5,Clear,High,1,1,0.95,1.0,UNIQUE,,3,35.5
ACC-IND-010684,OPEN_ACCIDENT_DATASET,10684,2024-02-17,22:00,2024,2,Saturday,Mumbai,Bandra West,Western Express Highway (Bandra - Santacruz),19.058451,72.809819,Heavy Commercial / Truck,Highway,Minor,0,0,0,Weather,Medium,Moderate,36.5,Fog,Low,0,3,0.95,1.0,UNIQUE,,-1,52.0
ACC-IND-010694,OPEN_ACCIDENT_DATASET,10694,2022-02-01,10:00,2022,2,Sunday,Mumbai,Sion-Chembur,Eastern Express Highway (Sion - Chembur),18.961508,72.916112,Two-Wheeler / Bike,Highway,Grievous/Major,1,0,1,Weather,High,High,36.5,Rain,Low,1,2,0.95,1.0,UNIQUE,,-1,61.1
ACC-IND-010700,OPEN_ACCIDENT_DATASET,10700,2023-07-28,18:00,2023,7,Friday,Mumbai,Lower Parel,Lower Parel Commercial Hub / Senapati Bapat Marg,18.994017,72.847385,Heavy Commercial / Truck,Rural,Minor,0,0,0,Overspeeding,High,High,36.5,Clear,High,1,1,0.95,1.0,UNIQUE,,-1,40.1
ACC-IND-010701,OPEN_ACCIDENT_DATASET,10701,2022-12-24,4:00,2022,12,Saturday,Mumbai,Western Suburbs,Western Express Highway (Kandivali - Goregaon),19.214183,72.876692,Heavy Commercial / Truck,Rural,Grievous/Major,0,0,0,Poor Road,Low,Moderate,36.5,Fog,Low,1,4,0.95,1.0,UNIQUE,,-1,62.5
ACC-IND-010704,OPEN_ACCIDENT_DATASET,10704,2024-09-07,5:00,2024,9,Tuesday,Mumbai,Powai / Andheri East,Jogeshwari-Vikhroli Link Road (JVLR),19.128054,72.891912,Two-Wheeler / Bike,Highway,Minor,1,0,1,Drunk Driving,Medium,Moderate,36.5,Fog,Low,0,2,0.95,1.0,UNIQUE,,8,46.0
ACC-IND-010707,OPEN_ACCIDENT_DATASET,10707,2023-08-01,1:00,2023,8,Sunday,Mumbai,Andheri West,Swami Vivekanand (SV) Road (Andheri West),19.115347,72.836268,Car / SUV,Rural,Fatal,1,1,2,Weather,Low,Moderate,36.5,Fog,Low,0,2,0.95,1.0,UNIQUE,,10,71.5
ACC-IND-010709,OPEN_ACCIDENT_DATASET,10709,2024-05-06,3:00,2024,5,Wednesday,Mumbai,Thane West,Ghodbunder Road (Thane West),19.237377,72.981215,Heavy Commercial / Truck,Highway,Minor,0,0,0,Drunk Driving,High,High,36.5,Fog,Low,1,1,0.95,1.0,UNIQUE,,-1,44.6
ACC-IND-010712,OPEN_ACCIDENT_DATASET,10712,2025-02-22,8:00,2025,2,Saturday,Mumbai,Western Suburbs,Western Express Highway (Kandivali - Goregaon),19.167625,72.853664,Car / SUV,Urban,Fatal,1,1,2,Drunk Driving,Low,Moderate,36.5,Rain,Low,1,2,0.95,1.0,UNIQUE,,11,71.5
ACC-IND-010716,OPEN_ACCIDENT_DATASET,10716,2022-11-28,18:00,2022,11,Monday,Mumbai,Navi Mumbai Gateway,Sion Panvel Highway (Mankhurd - Vashi),19.061788,72.93691,Heavy Commercial / Truck,Highway,Minor,0,0,0,Overspeeding,Medium,Moderate,36.5,Fog,Low,1,1,0.95,1.0,UNIQUE,,4,40.0
ACC-IND-010725,OPEN_ACCIDENT_DATASET,10725,2024-07-12,9:00,2024,7,Saturday,Mumbai,Bandra West,Western Express Highway (Bandra - Santacruz),19.047483,72.857571,Heavy Commercial / Truck,Highway,Minor,2,1,3,Distraction,Medium,Moderate,36.5,Fog,Low,0,5,0.95,1.0,UNIQUE,,-1,64.0
ACC-IND-010726,OPEN_ACCIDENT_DATASET,10726,2023-11-10,11:00,2023,11,Wednesday,Mumbai,Lower Parel,Lower Parel Commercial Hub / Senapati Bapat Marg,18.987038,72.856361,Two-Wheeler / Bike,Rural,Minor,1,0,1,Weather,Low,Moderate,36.5,Fog,Low,0,2,0.95,1.0,UNIQUE,,-1,41.5
ACC-IND-010732,OPEN_ACCIDENT_DATASET,10732,2023-02-04,21:00,2023,2,Sunday,Mumbai,Navi Mumbai Gateway,Sion Panvel Highway (Mankhurd - Vashi),18.965463,72.950016,Heavy Commercial / Truck,Urban,Minor,4,1,5,Drunk Driving,Low,Moderate,36.5,Fog,Low,0,5,0.95,1.0,UNIQUE,,-1,64.0
ACC-IND-010737,OPEN_ACCIDENT_DATASET,10737,2023-05-16,3:00,2023,5,Tuesday,Mumbai,Thane West,Ghodbunder Road (Thane West),19.25759,72.963046,Heavy Commercial / Truck,Urban,Grievous/Major,2,1,3,Poor Road,High,High,36.5,Clear,High,0,5,0.95,1.0,UNIQUE,,1,79.1
ACC-IND-010748,OPEN_ACCIDENT_DATASET,10748,2022-03-20,5:00,2022,3,Sunday,Mumbai,Dadar Central,Dadar TT Circle / Dr. Ambedkar Road,19.012373,72.842353,Heavy Commercial / Truck,Urban,Minor,3,0,3,Distraction,Low,Moderate,36.5,Rain,Medium,1,3,0.95,1.0,UNIQUE,,3,47.5
ACC-IND-010761,OPEN_ACCIDENT_DATASET,10761,2024-01-15,15:00,2024,1,Monday,Mumbai,Dadar Central,Dadar TT Circle / Dr. Ambedkar Road,19.017949,72.841143,Heavy Commercial / Truck,Urban,Minor,0,0,0,Overspeeding,Low,Moderate,36.5,Clear,High,1,4,0.95,1.0,UNIQUE,,3,52.0
ACC-IND-010762,OPEN_ACCIDENT_DATASET,10762,2023-01-22,23:00,2023,1,Sunday,Mumbai,South Mumbai,Marine Drive Promenade / Netaji Subhash Road,18.958845,72.898124,Two-Wheeler / Bike,Rural,Grievous/Major,1,0,1,Overspeeding,Medium,Moderate,36.5,Clear,High,0,1,0.95,1.0,UNIQUE,,-1,46.0
ACC-IND-010768,OPEN_ACCIDENT_DATASET,10768,2024-03-18,12:00,2024,3,Monday,Mumbai,Western Suburbs,Western Express Highway (Kandivali - Goregaon),19.186899,72.848275,Heavy Commercial / Truck,Rural,Minor,3,1,4,Poor Road,High,High,36.5,Clear,High,1,4,0.95,1.0,UNIQUE,,11,68.6
ACC-IND-010773,OPEN_ACCIDENT_DATASET,10773,2022-01-11,13:00,2022,1,Tuesday,Mumbai,South Mumbai,Marine Drive Promenade / Netaji Subhash Road,18.943633,72.822002,Heavy Commercial / Truck,Urban,Minor,0,0,0,Overspeeding,High,High,36.5,Rain,Low,0,2,0.95,1.0,UNIQUE,,6,46.1
ACC-IND-010776,OPEN_ACCIDENT_DATASET,10776,2024-01-10,7:00,2024,1,Tuesday,Mumbai,South Mumbai,Marine Drive Promenade / Netaji Subhash Road,18.871727,72.904854,Two-Wheeler / Bike,Urban,Fatal,0,1,1,Weather,Low,Moderate,36.5,Rain,Medium,1,1,0.95,1.0,UNIQUE,,-1,65.5
ACC-IND-010787,OPEN_ACCIDENT_DATASET,10787,2025-01-17,22:00,2025,1,Friday,Mumbai,Thane West,Ghodbunder Road (Thane West),19.289211,72.927175,Car / SUV,Urban,Minor,2,0,2,Drunk Driving,High,High,36.5,Fog,Low,0,4,0.95,1.0,UNIQUE,,-1,56.6
ACC-IND-010832,OPEN_ACCIDENT_DATASET,10832,2025-10-02,19:00,2025,10,Monday,Mumbai,Navi Mumbai Gateway,Sion Panvel Highway (Mankhurd - Vashi),19.045544,72.939417,Heavy Commercial / Truck,Urban,Grievous/Major,2,1,3,Drunk Driving,High,High,36.5,Rain,Medium,0,5,0.95,1.0,UNIQUE,,4,79.1
ACC-IND-010836,OPEN_ACCIDENT_DATASET,10836,2023-10-20,4:00,2023,10,Friday,Mumbai,Kurla / Ghatkopar,LBS Marg (Kurla - Ghatkopar),19.079601,72.889094,Two-Wheeler / Bike,Urban,Minor,1,0,1,Overspeeding,Low,Moderate,36.5,Rain,Low,1,1,0.95,1.0,UNIQUE,,7,35.5
ACC-IND-010839,OPEN_ACCIDENT_DATASET,10839,2025-03-13,10:00,2025,3,Thursday,Mumbai,Navi Mumbai Gateway,Sion Panvel Highway (Mankhurd - Vashi),18.928376,72.958056,Heavy Commercial / Truck,Urban,Minor,5,0,5,Distraction,Low,Moderate,36.5,Fog,Low,0,5,0.95,1.0,UNIQUE,,-1,52.0
ACC-IND-010856,OPEN_ACCIDENT_DATASET,10856,2023-05-30,18:00,2023,5,Tuesday,Mumbai,Thane West,Ghodbunder Road (Thane West),19.257301,72.881724,Two-Wheeler / Bike,Urban,Fatal,0,1,1,Drunk Driving,Medium,Moderate,36.5,Fog,Low,1,1,0.95,1.0,UNIQUE,,-1,65.5
ACC-IND-010864,OPEN_ACCIDENT_DATASET,10864,2023-09-29,7:00,2023,9,Friday,Mumbai,South Mumbai,Marine Drive Promenade / Netaji Subhash Road,18.945068,72.82364,Heavy Commercial / Truck,Rural,Minor,0,0,0,Drunk Driving,Medium,Moderate,36.5,Fog,Low,0,1,0.95,1.0,UNIQUE,,6,35.5
ACC-IND-010871,OPEN_ACCIDENT_DATASET,10871,2025-10-01,15:00,2025,10,Friday,Mumbai,Sion-Chembur,Eastern Express Highway (Sion - Chembur),19.040964,72.888995,Car / SUV,Highway,Grievous/Major,2,0,2,Weather,Medium,Moderate,36.5,Rain,Medium,0,5,0.95,1.0,UNIQUE,,5,62.5
ACC-IND-010872,OPEN_ACCIDENT_DATASET,10872,2024-02-26,18:00,2024,2,Monday,Mumbai,Thane West,Ghodbunder Road (Thane West),19.29397,72.927912,Car / SUV,Rural,Fatal,1,1,2,Drunk Driving,Medium,Moderate,36.5,Fog,Low,1,2,0.95,1.0,UNIQUE,,-1,71.5
ACC-IND-010881,OPEN_ACCIDENT_DATASET,10881,2022-05-14,3:00,2022,5,Saturday,Mumbai,Western Suburbs,Western Express Highway (Kandivali - Goregaon),19.162519,72.855081,Heavy Commercial / Truck,Rural,Minor,0,0,0,Drunk Driving,Low,Moderate,36.5,Fog,Low,0,1,0.95,1.0,UNIQUE,,11,35.5
ACC-IND-010882,OPEN_ACCIDENT_DATASET,10882,2025-03-26,8:00,2025,3,Wednesday,Mumbai,Bandra West,Western Express Highway (Bandra - Santacruz),19.065088,72.843452,Heavy Commercial / Truck,Urban,Grievous/Major,0,0,0,Drunk Driving,High,High,36.5,Fog,Low,1,5,0.95,1.0,UNIQUE,,0,67.1
ACC-IND-010888,OPEN_ACCIDENT_DATASET,10888,2022-01-16,18:00,2022,1,Sunday,Mumbai,Western Suburbs,Western Express Highway (Kandivali - Goregaon),19.29457,72.801327,Car / SUV,Rural,Minor,2,0,2,Distraction,Low,Moderate,36.5,Rain,Low,1,3,0.95,1.0,UNIQUE,,-1,47.5
ACC-IND-010892,OPEN_ACCIDENT_DATASET,10892,2025-10-04,15:00,2025,10,Thursday,Mumbai,Lower Parel,Lower Parel Commercial Hub / Senapati Bapat Marg,18.991835,72.823636,Car / SUV,Highway,Fatal,1,1,2,Weather,Medium,Moderate,36.5,Fog,Low,0,2,0.95,1.0,UNIQUE,,3,76.0
ACC-IND-010900,OPEN_ACCIDENT_DATASET,10900,2024-12-03,0:00,2024,12,Tuesday,Mumbai,Thane West,Ghodbunder Road (Thane West),19.17243,72.996427,Heavy Commercial / Truck,Highway,Fatal,3,1,4,Drunk Driving,Low,Moderate,36.5,Fog,Low,1,4,0.95,1.0,UNIQUE,,-1,82.0
ACC-IND-010906,OPEN_ACCIDENT_DATASET,10906,2024-10-18,19:00,2024,10,Friday,Mumbai,Thane West,Ghodbunder Road (Thane West),19.256575,72.961599,Car / SUV,Rural,Grievous/Major,2,0,2,Overspeeding,High,High,36.5,Fog,Low,0,3,0.95,1.0,UNIQUE,,1,62.6
ACC-IND-010921,OPEN_ACCIDENT_DATASET,10921,2024-07-05,8:00,2024,7,Tuesday,Mumbai,Eastern Suburbs,Eastern Express Highway (Vikhroli - Ghatkopar),19.150606,72.961807,Heavy Commercial / Truck,Urban,Fatal,3,1,4,Weather,Low,Moderate,36.5,Fog,Low,0,4,0.95,1.0,UNIQUE,,-1,82.0
ACC-IND-010954,OPEN_ACCIDENT_DATASET,10954,2022-06-25,6:00,2022,6,Saturday,Mumbai,Andheri West,Swami Vivekanand (SV) Road (Andheri West),19.112598,72.839253,Heavy Commercial / Truck,Highway,Minor,0,0,0,Poor Road,Low,Moderate,36.5,Clear,High,1,4,0.95,1.0,UNIQUE,,10,52.0
ACC-IND-010969,OPEN_ACCIDENT_DATASET,10969,2022-09-06,14:00,2022,9,Thursday,Mumbai,Andheri West,Swami Vivekanand (SV) Road (Andheri West),19.143753,72.818444,Heavy Commercial / Truck,Highway,Grievous/Major,3,0,3,Weather,Low,Moderate,36.5,Clear,High,0,4,0.95,1.0,UNIQUE,,-1,62.5
ACC-IND-010975,OPEN_ACCIDENT_DATASET,10975,2022-06-09,4:00,2022,6,Tuesday,Mumbai,Sion-Chembur,Eastern Express Highway (Sion - Chembur),19.044382,72.893329,Two-Wheeler / Bike,Rural,Grievous/Major,1,0,1,Distraction,Low,Moderate,36.5,Rain,Medium,1,2,0.95,1.0,UNIQUE,,5,52.0
ACC-IND-010982,OPEN_ACCIDENT_DATASET,10982,2024-08-19,7:00,2024,8,Monday,Mumbai,Dadar Central,Dadar TT Circle / Dr. Ambedkar Road,19.02637,72.841852,Two-Wheeler / Bike,Highway,Minor,1,0,1,Overspeeding,Medium,Moderate,36.5,Fog,Low,0,4,0.95,1.0,UNIQUE,,3,52.0
ACC-IND-010987,OPEN_ACCIDENT_DATASET,10987,2024-09-11,4:00,2024,9,Saturday,Mumbai,Andheri West,Swami Vivekanand (SV) Road (Andheri West),19.135161,72.851561,Heavy Commercial / Truck,Highway,Fatal,4,1,5,Overspeeding,Low,Moderate,36.5,Fog,Low,1,5,0.95,1.0,UNIQUE,,-1,82.0
ACC-IND-010992,OPEN_ACCIDENT_DATASET,10992,2024-09-15,1:00,2024,9,Sunday,Mumbai,South Mumbai,Marine Drive Promenade / Netaji Subhash Road,18.850964,72.970246,Two-Wheeler / Bike,Rural,Minor,1,0,1,Drunk Driving,Low,Moderate,36.5,Rain,Low,0,4,0.95,1.0,UNIQUE,,-1,52.0
ACC-IND-010998,OPEN_ACCIDENT_DATASET,10998,2024-06-25,13:00,2024,6,Tuesday,Mumbai,Western Suburbs,Western Express Highway (Kandivali - Goregaon),19.200246,72.805725,Two-Wheeler / Bike,Rural,Minor,1,0,1,Distraction,Low,Moderate,36.5,Rain,Low,0,1,0.95,1.0,UNIQUE,,-1,35.5
ACC-IND-010999,OPEN_ACCIDENT_DATASET,10999,2024-09-16,3:00,2024,9,Monday,Mumbai,Powai / Andheri East,Jogeshwari-Vikhroli Link Road (JVLR),19.152504,72.913391,Heavy Commercial / Truck,Highway,Minor,3,0,3,Distraction,Medium,Moderate,36.5,Rain,Medium,0,5,0.95,1.0,UNIQUE,,-1,52.0
ACC-IND-011030,OPEN_ACCIDENT_DATASET,11030,2022-09-26,22:00,2022,9,Monday,Mumbai,Navi Mumbai Gateway,Sion Panvel Highway (Mankhurd - Vashi),18.987828,72.96626,Car / SUV,Urban,Minor,2,0,2,Poor Road,Medium,Moderate,36.5,Clear,High,0,2,0.95,1.0,UNIQUE,,-1,41.5
ACC-IND-011036,OPEN_ACCIDENT_DATASET,11036,2022-09-28,16:00,2022,9,Wednesday,Mumbai,Navi Mumbai Gateway,Sion Panvel Highway (Mankhurd - Vashi),18.932388,72.948351,Heavy Commercial / Truck,Urban,Minor,0,0,0,Poor Road,Medium,Moderate,36.5,Clear,High,1,2,0.95,1.0,UNIQUE,,-1,41.5
ACC-IND-011043,OPEN_ACCIDENT_DATASET,11043,2025-10-02,15:00,2025,10,Monday,Mumbai,South Mumbai,Marine Drive Promenade / Netaji Subhash Road,18.920808,72.915916,Heavy Commercial / Truck,Rural,Fatal,3,1,4,Poor Road,Medium,Moderate,36.5,Clear,High,1,4,0.95,1.0,UNIQUE,,-1,82.0
ACC-IND-011045,OPEN_ACCIDENT_DATASET,11045,2023-01-17,23:00,2023,1,Tuesday,Mumbai,Western Suburbs,Western Express Highway (Kandivali - Goregaon),19.212989,72.852207,Two-Wheeler / Bike,Rural,Minor,1,0,1,Poor Road,Low,Moderate,36.5,Rain,Low,1,1,0.95,1.0,UNIQUE,,-1,35.5
ACC-IND-011055,OPEN_ACCIDENT_DATASET,11055,2024-09-16,15:00,2024,9,Monday,Mumbai,Andheri West,Swami Vivekanand (SV) Road (Andheri West),19.156045,72.79037,Two-Wheeler / Bike,Urban,Minor,1,0,1,Overspeeding,Low,Moderate,36.5,Rain,Low,0,1,0.95,1.0,UNIQUE,,-1,35.5
ACC-IND-011056,OPEN_ACCIDENT_DATASET,11056,2025-07-01,7:00,2025,7,Tuesday,Mumbai,Kurla East,Santa Cruz-Chembur Link Road (SCLR),19.075182,72.879007,Two-Wheeler / Bike,Urban,Grievous/Major,1,0,1,Poor Road,Medium,Moderate,36.5,Clear,High,0,1,0.95,1.0,UNIQUE,,7,46.0
ACC-IND-011068,OPEN_ACCIDENT_DATASET,11068,2024-11-04,10:00,2024,11,Thursday,Mumbai,Bandra West,Western Express Highway (Bandra - Santacruz),19.046018,72.842496,Heavy Commercial / Truck,Urban,Grievous/Major,2,1,3,Poor Road,High,High,36.5,Clear,High,1,3,0.95,1.0,UNIQUE,,0,74.6
ACC-IND-011076,OPEN_ACCIDENT_DATASET,11076,2025-01-27,19:00,2025,1,Monday,Mumbai,Western Suburbs,Western Express Highway (Kandivali - Goregaon),19.289652,72.795011,Two-Wheeler / Bike,Urban,Fatal,0,1,1,Distraction,High,High,36.5,Clear,High,0,1,0.95,1.0,UNIQUE,,-1,70.1
ACC-IND-011116,OPEN_ACCIDENT_DATASET,11116,2022-03-03,11:00,2022,3,Thursday,Mumbai,Bandra West,Western Express Highway (Bandra - Santacruz),19.06557,72.837991,Car / SUV,Rural,Grievous/Major,2,0,2,Poor Road,Medium,Moderate,36.5,Fog,Low,1,2,0.95,1.0,UNIQUE,,0,52.0
ACC-IND-011140,OPEN_ACCIDENT_DATASET,11140,2023-10-04,23:00,2023,10,Monday,Mumbai,Andheri West,Swami Vivekanand (SV) Road (Andheri West),19.104992,72.814819,Car / SUV,Highway,Fatal,1,1,2,Overspeeding,High,High,36.5,Rain,Low,0,2,0.95,1.0,UNIQUE,,-1,80.6
ACC-IND-011154,OPEN_ACCIDENT_DATASET,11154,2023-10-01,1:00,2023,10,Tuesday,Mumbai,Lower Parel,Lower Parel Commercial Hub / Senapati Bapat Marg,18.97898,72.864516,Heavy Commercial / Truck,Highway,Minor,3,0,3,Poor Road,Low,Moderate,36.5,Fog,Low,1,4,0.95,1.0,UNIQUE,,-1,52.0
ACC-IND-011157,OPEN_ACCIDENT_DATASET,11157,2022-06-06,21:00,2022,6,Monday,Mumbai,Sion-Chembur,Eastern Express Highway (Sion - Chembur),19.0409,72.890977,Heavy Commercial / Truck,Highway,Fatal,4,1,5,Distraction,Medium,Moderate,36.5,Fog,Low,1,5,0.95,1.0,UNIQUE,,5,82.0
ACC-IND-011163,OPEN_ACCIDENT_DATASET,11163,2023-03-08,8:00,2023,3,Thursday,Mumbai,Western Suburbs,Western Express Highway (Kandivali - Goregaon),19.153333,72.829821,Two-Wheeler / Bike,Rural,Fatal,0,1,1,Overspeeding,High,High,36.5,Clear,High,1,1,0.95,1.0,UNIQUE,,-1,70.1
ACC-IND-011165,OPEN_ACCIDENT_DATASET,11165,2025-12-01,22:00,2025,12,Sunday,Mumbai,Lower Parel,Lower Parel Commercial Hub / Senapati Bapat Marg,18.99629,72.828571,Two-Wheeler / Bike,Urban,Minor,1,0,1,Distraction,High,High,36.5,Clear,High,1,1,0.95,1.0,UNIQUE,,3,40.1
ACC-IND-011171,OPEN_ACCIDENT_DATASET,11171,2023-12-29,15:00,2023,12,Friday,Mumbai,Thane West,Ghodbunder Road (Thane West),19.229861,72.911531,Heavy Commercial / Truck,Rural,Grievous/Major,0,0,0,Weather,High,High,36.5,Clear,High,0,2,0.95,1.0,UNIQUE,,-1,56.6
ACC-IND-011193,OPEN_ACCIDENT_DATASET,11193,2023-06-12,11:00,2023,6,Wednesday,Mumbai,Western Suburbs,Western Express Highway (Kandivali - Goregaon),19.167285,72.858411,Heavy Commercial / Truck,Rural,Grievous/Major,3,0,3,Weather,High,High,36.5,Rain,Low,0,5,0.95,1.0,UNIQUE,,11,67.1
ACC-IND-011222,OPEN_ACCIDENT_DATASET,11222,2023-10-16,8:00,2023,10,Monday,Mumbai,Western Suburbs,Western Express Highway (Kandivali - Goregaon),19.210639,72.878024,Heavy Commercial / Truck,Highway,Minor,0,0,0,Drunk Driving,High,High,36.5,Rain,Medium,0,1,0.95,1.0,UNIQUE,,-1,44.6
ACC-IND-011227,OPEN_ACCIDENT_DATASET,11227,2024-06-21,14:00,2024,6,Friday,Mumbai,Sion-Chembur,Eastern Express Highway (Sion - Chembur),19.048892,72.896305,Heavy Commercial / Truck,Highway,Minor,0,0,0,Overspeeding,Low,Moderate,36.5,Clear,High,1,2,0.95,1.0,UNIQUE,,5,46.0
ACC-IND-011233,OPEN_ACCIDENT_DATASET,11233,2023-09-18,17:00,2023,9,Monday,Mumbai,South Mumbai,Marine Drive Promenade / Netaji Subhash Road,18.89614,72.84605,Two-Wheeler / Bike,Urban,Minor,1,0,1,Weather,Medium,Moderate,36.5,Fog,Low,0,5,0.95,1.0,UNIQUE,,-1,52.0
ACC-IND-011239,OPEN_ACCIDENT_DATASET,11239,2023-05-13,13:00,2023,5,Saturday,Mumbai,Kurla / Ghatkopar,LBS Marg (Kurla - Ghatkopar),19.078369,72.887717,Heavy Commercial / Truck,Highway,Minor,4,0,4,Overspeeding,Medium,Moderate,36.5,Clear,High,0,4,0.95,1.0,UNIQUE,,7,52.0
ACC-IND-011243,OPEN_ACCIDENT_DATASET,11243,2022-04-14,23:00,2022,4,Thursday,Mumbai,Lower Parel,Lower Parel Commercial Hub / Senapati Bapat Marg,18.99503,72.828968,Heavy Commercial / Truck,Highway,Fatal,3,1,4,Poor Road,High,High,36.5,Clear,High,1,4,0.95,1.0,UNIQUE,,3,86.6
ACC-IND-011247,OPEN_ACCIDENT_DATASET,11247,2022-07-13,5:00,2022,7,Wednesday,Mumbai,Navi Mumbai Gateway,Sion Panvel Highway (Mankhurd - Vashi),18.925472,72.962057,Heavy Commercial / Truck,Urban,Grievous/Major,0,0,0,Distraction,Medium,Moderate,36.5,Rain,Low,0,1,0.95,1.0,UNIQUE,,-1,46.0
ACC-IND-011259,OPEN_ACCIDENT_DATASET,11259,2022-09-06,23:00,2022,9,Thursday,Mumbai,Eastern Suburbs,Eastern Express Highway (Vikhroli - Ghatkopar),19.123481,72.954959,Two-Wheeler / Bike,Urban,Minor,1,0,1,Distraction,Low,Moderate,36.5,Rain,Medium,0,1,0.95,1.0,UNIQUE,,-1,35.5
ACC-IND-011267,OPEN_ACCIDENT_DATASET,11267,2023-01-19,9:00,2023,1,Thursday,Mumbai,Thane West,Ghodbunder Road (Thane West),19.207565,72.991165,Heavy Commercial / Truck,Rural,Fatal,4,1,5,Distraction,High,High,36.5,Rain,Medium,0,5,0.95,1.0,UNIQUE,,-1,86.6
ACC-IND-011274,OPEN_ACCIDENT_DATASET,11274,2024-09-25,5:00,2024,9,Wednesday,Mumbai,Thane West,Ghodbunder Road (Thane West),19.287399,72.995109,Two-Wheeler / Bike,Urban,Minor,1,0,1,Weather,Low,Moderate,36.5,Fog,Low,0,2,0.95,1.0,UNIQUE,,-1,41.5
ACC-IND-011275,OPEN_ACCIDENT_DATASET,11275,2024-01-03,15:00,2024,1,Friday,Mumbai,Navi Mumbai Gateway,Sion Panvel Highway (Mankhurd - Vashi),19.0497,72.932407,Heavy Commercial / Truck,Urban,Minor,3,0,3,Poor Road,Medium,Moderate,36.5,Rain,Medium,1,5,0.95,1.0,UNIQUE,,4,52.0
ACC-IND-011276,OPEN_ACCIDENT_DATASET,11276,2024-06-04,23:00,2024,6,Saturday,Mumbai,Western Suburbs,Western Express Highway (Kandivali - Goregaon),19.187048,72.792413,Two-Wheeler / Bike,Urban,Fatal,0,1,1,Poor Road,High,High,36.5,Rain,Medium,1,1,0.95,1.0,UNIQUE,,-1,70.1
ACC-IND-011285,OPEN_ACCIDENT_DATASET,11285,2022-11-11,12:00,2022,11,Friday,Mumbai,Thane West,Ghodbunder Road (Thane West),19.205105,72.990101,Car / SUV,Rural,Minor,2,0,2,Overspeeding,Medium,Moderate,36.5,Fog,Low,0,5,0.95,1.0,UNIQUE,,-1,52.0
ACC-IND-011286,OPEN_ACCIDENT_DATASET,11286,2023-05-24,20:00,2023,5,Wednesday,Mumbai,Eastern Suburbs,Eastern Express Highway (Vikhroli - Ghatkopar),19.100632,72.915608,Car / SUV,Urban,Minor,2,0,2,Overspeeding,High,High,36.5,Fog,Low,1,4,0.95,1.0,UNIQUE,,2,56.6
ACC-IND-011292,OPEN_ACCIDENT_DATASET,11292,2023-10-05,22:00,2023,10,Wednesday,Mumbai,Andheri West,Swami Vivekanand (SV) Road (Andheri West),19.115097,72.844611,Car / SUV,Rural,Grievous/Major,2,0,2,Distraction,Medium,Moderate,36.5,Clear,High,0,4,0.95,1.0,UNIQUE,,10,62.5
ACC-IND-011309,OPEN_ACCIDENT_DATASET,11309,2024-10-25,10:00,2024,10,Friday,Mumbai,Thane West,Ghodbunder Road (Thane West),19.261276,72.963459,Heavy Commercial / Truck,Rural,Fatal,2,1,3,Drunk Driving,Medium,Moderate,36.5,Fog,Low,1,3,0.95,1.0,UNIQUE,,1,77.5
ACC-IND-011322,OPEN_ACCIDENT_DATASET,11322,2022-04-25,11:00,2022,4,Monday,Mumbai,Powai / Andheri East,Jogeshwari-Vikhroli Link Road (JVLR),19.137239,72.862592,Heavy Commercial / Truck,Highway,Minor,0,0,0,Overspeeding,High,High,36.5,Rain,Medium,0,2,0.95,1.0,UNIQUE,,16,50.6
ACC-IND-011327,OPEN_ACCIDENT_DATASET,11327,2025-01-25,3:00,2025,1,Saturday,Mumbai,South Mumbai,Marine Drive Promenade / Netaji Subhash Road,18.867478,72.869463,Heavy Commercial / Truck,Urban,Grievous/Major,2,1,3,Weather,Medium,Moderate,36.5,Fog,Low,1,5,0.95,1.0,UNIQUE,,-1,74.5
ACC-IND-011330,OPEN_ACCIDENT_DATASET,11330,2023-04-26,13:00,2023,4,Wednesday,Mumbai,South Mumbai,Marine Drive Promenade / Netaji Subhash Road,18.865177,72.888127,Car / SUV,Rural,Grievous/Major,2,0,2,Drunk Driving,Low,Moderate,36.5,Rain,Medium,1,5,0.95,1.0,UNIQUE,,14,62.5
ACC-IND-011333,OPEN_ACCIDENT_DATASET,11333,2025-11-04,21:00,2025,11,Friday,Mumbai,Dadar Central,Dadar TT Circle / Dr. Ambedkar Road,19.017154,72.84042,Car / SUV,Urban,Fatal,1,1,2,Drunk Driving,Medium,Moderate,36.5,Fog,Low,0,2,0.95,1.0,UNIQUE,,3,71.5
ACC-IND-011345,OPEN_ACCIDENT_DATASET,11345,2023-05-30,9:00,2023,5,Tuesday,Mumbai,Powai / Andheri East,Jogeshwari-Vikhroli Link Road (JVLR),19.145351,72.872338,Heavy Commercial / Truck,Rural,Grievous/Major,5,0,5,Distraction,Low,Moderate,36.5,Rain,Medium,0,5,0.95,1.0,UNIQUE,,-1,62.5
ACC-IND-011377,OPEN_ACCIDENT_DATASET,11377,2022-08-17,5:00,2022,8,Wednesday,Mumbai,Eastern Suburbs,Eastern Express Highway (Vikhroli - Ghatkopar),19.101361,72.914756,Heavy Commercial / Truck,Urban,Minor,0,0,0,Distraction,Medium,Moderate,36.5,Fog,Low,0,1,0.95,1.0,UNIQUE,,2,35.5
ACC-IND-011390,OPEN_ACCIDENT_DATASET,11390,2024-04-26,2:00,2024,4,Friday,Mumbai,Powai / Andheri East,Jogeshwari-Vikhroli Link Road (JVLR),19.126848,72.870534,Heavy Commercial / Truck,Highway,Minor,0,0,0,Weather,Low,Moderate,36.5,Fog,Low,1,2,0.95,1.0,UNIQUE,,-1,46.0
ACC-IND-011402,OPEN_ACCIDENT_DATASET,11402,2024-05-18,15:00,2024,5,Saturday,Mumbai,Bandra West,Western Express Highway (Bandra - Santacruz),19.066555,72.843543,Car / SUV,Urban,Grievous/Major,2,0,2,Drunk Driving,Low,Moderate,36.5,Rain,Low,1,2,0.95,1.0,UNIQUE,,0,52.0
ACC-IND-011416,OPEN_ACCIDENT_DATASET,11416,2024-07-25,6:00,2024,7,Thursday,Mumbai,Eastern Suburbs,Eastern Express Highway (Vikhroli - Ghatkopar),19.099943,72.917036,Heavy Commercial / Truck,Highway,Minor,3,0,3,Distraction,Medium,Moderate,36.5,Rain,Medium,0,4,0.95,1.0,UNIQUE,,2,52.0
ACC-IND-011425,OPEN_ACCIDENT_DATASET,11425,2025-03-21,15:00,2025,3,Friday,Mumbai,Lower Parel,Lower Parel Commercial Hub / Senapati Bapat Marg,18.994431,72.828516,Heavy Commercial / Truck,Urban,Minor,0,0,0,Weather,Medium,Moderate,36.5,Fog,Low,1,1,0.95,1.0,UNIQUE,,3,35.5
ACC-IND-011432,OPEN_ACCIDENT_DATASET,11432,2024-05-05,8:00,2024,5,Sunday,Mumbai,Powai / Andheri East,Jogeshwari-Vikhroli Link Road (JVLR),19.126036,72.880647,Heavy Commercial / Truck,Rural,Grievous/Major,0,0,0,Distraction,High,High,36.5,Rain,Low,1,3,0.95,1.0,UNIQUE,,8,62.6
ACC-IND-011434,OPEN_ACCIDENT_DATASET,11434,2024-10-28,5:00,2024,10,Monday,Mumbai,Navi Mumbai Gateway,Sion Panvel Highway (Mankhurd - Vashi),18.954145,72.996446,Heavy Commercial / Truck,Urban,Minor,3,0,3,Overspeeding,High,High,36.5,Fog,Low,0,5,0.95,1.0,UNIQUE,,-1,56.6
ACC-IND-011437,OPEN_ACCIDENT_DATASET,11437,2023-02-11,17:00,2023,2,Thursday,Mumbai,Dadar Central,Dadar TT Circle / Dr. Ambedkar Road,19.021679,72.847206,Heavy Commercial / Truck,Highway,Minor,3,0,3,Poor Road,High,High,36.5,Rain,Low,1,5,0.95,1.0,UNIQUE,,3,56.6
ACC-IND-011445,OPEN_ACCIDENT_DATASET,11445,2022-10-20,22:00,2022,10,Thursday,Mumbai,Navi Mumbai Gateway,Sion Panvel Highway (Mankhurd - Vashi),19.038916,72.962987,Car / SUV,Rural,Minor,2,0,2,Weather,Low,Moderate,36.5,Rain,Low,0,4,0.95,1.0,UNIQUE,,-1,52.0
ACC-IND-011449,OPEN_ACCIDENT_DATASET,11449,2023-09-28,12:00,2023,9,Thursday,Mumbai,South Mumbai,Marine Drive Promenade / Netaji Subhash Road,18.947336,72.822908,Car / SUV,Urban,Minor,2,0,2,Distraction,High,High,36.5,Rain,Medium,1,2,0.95,1.0,UNIQUE,,6,46.1
ACC-IND-011452,OPEN_ACCIDENT_DATASET,11452,2023-02-23,6:00,2023,2,Thursday,Mumbai,South Mumbai,Marine Drive Promenade / Netaji Subhash Road,18.899854,72.971517,Heavy Commercial / Truck,Urban,Grievous/Major,0,0,0,Overspeeding,Medium,Moderate,36.5,Fog,Low,1,3,0.95,1.0,UNIQUE,,-1,58.0
ACC-IND-011453,OPEN_ACCIDENT_DATASET,11453,2024-04-17,8:00,2024,4,Wednesday,Mumbai,Western Suburbs,Western Express Highway (Kandivali - Goregaon),19.164575,72.853443,Heavy Commercial / Truck,Highway,Fatal,2,1,3,Overspeeding,High,High,36.5,Clear,High,0,3,0.95,1.0,UNIQUE,,11,86.6
ACC-IND-011456,OPEN_ACCIDENT_DATASET,11456,2022-09-11,6:00,2022,9,Wednesday,Mumbai,Western Suburbs,Western Express Highway (Kandivali - Goregaon),19.2087,72.817645,Car / SUV,Rural,Minor,2,0,2,Drunk Driving,High,High,36.5,Rain,Medium,0,5,0.95,1.0,UNIQUE,,-1,56.6
ACC-IND-011463,OPEN_ACCIDENT_DATASET,11463,2022-02-16,13:00,2022,2,Wednesday,Mumbai,Dadar Central,Dadar TT Circle / Dr. Ambedkar Road,19.019367,72.847619,Heavy Commercial / Truck,Rural,Minor,0,0,0,Drunk Driving,Low,Moderate,36.5,Rain,Medium,0,4,0.95,1.0,UNIQUE,,3,52.0
ACC-IND-011464,OPEN_ACCIDENT_DATASET,11464,2024-07-08,5:00,2024,7,Wednesday,Mumbai,Lower Parel,Lower Parel Commercial Hub / Senapati Bapat Marg,19.000599,72.828029,Heavy Commercial / Truck,Urban,Minor,0,0,0,Drunk Driving,High,High,36.5,Clear,High,0,4,0.95,1.0,UNIQUE,,3,56.6
ACC-IND-011473,OPEN_ACCIDENT_DATASET,11473,2022-11-18,4:00,2022,11,Friday,Mumbai,Western Suburbs,Western Express Highway (Kandivali - Goregaon),19.209267,72.827248,Heavy Commercial / Truck,Urban,Minor,3,0,3,Weather,Medium,Moderate,36.5,Rain,Low,1,3,0.95,1.0,UNIQUE,,-1,47.5
ACC-IND-011481,OPEN_ACCIDENT_DATASET,11481,2025-01-29,8:00,2025,1,Wednesday,Mumbai,Eastern Suburbs,Eastern Express Highway (Vikhroli - Ghatkopar),19.09716,72.917037,Heavy Commercial / Truck,Highway,Grievous/Major,0,0,0,Poor Road,High,High,36.5,Clear,High,0,1,0.95,1.0,UNIQUE,,2,55.1
ACC-IND-011491,OPEN_ACCIDENT_DATASET,11491,2025-04-03,7:00,2025,4,Tuesday,Mumbai,Western Suburbs,Western Express Highway (Kandivali - Goregaon),19.255075,72.834843,Heavy Commercial / Truck,Rural,Grievous/Major,0,0,0,Drunk Driving,Medium,Moderate,36.5,Clear,High,0,2,0.95,1.0,UNIQUE,,-1,52.0
ACC-IND-011499,OPEN_ACCIDENT_DATASET,11499,2023-11-15,19:00,2023,11,Wednesday,Mumbai,Sion-Chembur,Eastern Express Highway (Sion - Chembur),19.025388,72.872386,Heavy Commercial / Truck,Urban,Grievous/Major,4,0,4,Distraction,High,High,36.5,Clear,High,0,4,0.95,1.0,UNIQUE,,-1,67.1
ACC-IND-011501,OPEN_ACCIDENT_DATASET,11501,2023-06-09,15:00,2023,6,Wednesday,Mumbai,Powai / Andheri East,Jogeshwari-Vikhroli Link Road (JVLR),19.123586,72.905126,Two-Wheeler / Bike,Rural,Minor,1,0,1,Drunk Driving,Low,Moderate,36.5,Rain,Low,0,1,0.95,1.0,UNIQUE,,-1,35.5
ACC-IND-011502,OPEN_ACCIDENT_DATASET,11502,2024-01-08,17:00,2024,1,Thursday,Mumbai,Dadar Central,Dadar TT Circle / Dr. Ambedkar Road,19.019109,72.843551,Heavy Commercial / Truck,Rural,Grievous/Major,5,0,5,Overspeeding,High,High,36.5,Fog,Low,0,5,0.95,1.0,UNIQUE,,3,67.1
ACC-IND-011503,OPEN_ACCIDENT_DATASET,11503,2022-12-10,21:00,2022,12,Wednesday,Mumbai,South Mumbai,Marine Drive Promenade / Netaji Subhash Road,18.870953,72.916253,Two-Wheeler / Bike,Rural,Minor,1,0,1,Drunk Driving,Medium,Moderate,36.5,Rain,Medium,0,5,0.95,1.0,UNIQUE,,-1,52.0
ACC-IND-011507,OPEN_ACCIDENT_DATASET,11507,2024-04-20,20:00,2024,4,Saturday,Mumbai,Eastern Suburbs,Eastern Express Highway (Vikhroli - Ghatkopar),19.096443,72.920398,Two-Wheeler / Bike,Rural,Grievous/Major,1,0,1,Distraction,High,High,36.5,Clear,High,1,1,0.95,1.0,UNIQUE,,2,50.6
ACC-IND-011509,OPEN_ACCIDENT_DATASET,11509,2022-02-13,4:00,2022,2,Sunday,Mumbai,Western Suburbs,Western Express Highway (Kandivali - Goregaon),19.192536,72.800966,Two-Wheeler / Bike,Urban,Minor,1,0,1,Drunk Driving,High,High,36.5,Rain,Low,1,1,0.95,1.0,UNIQUE,,-1,40.1
ACC-IND-011512,OPEN_ACCIDENT_DATASET,11512,2023-03-19,8:00,2023,3,Sunday,Mumbai,South Mumbai,Marine Drive Promenade / Netaji Subhash Road,18.888763,72.933124,Two-Wheeler / Bike,Highway,Fatal,0,1,1,Drunk Driving,High,High,36.5,Clear,High,1,1,0.95,1.0,UNIQUE,,-1,74.6
ACC-IND-011532,OPEN_ACCIDENT_DATASET,11532,2024-06-12,5:00,2024,6,Friday,Mumbai,South Mumbai,Marine Drive Promenade / Netaji Subhash Road,18.915273,72.894832,Car / SUV,Urban,Minor,2,0,2,Drunk Driving,Low,Moderate,36.5,Fog,Low,0,3,0.95,1.0,UNIQUE,,-1,47.5
ACC-IND-011538,OPEN_ACCIDENT_DATASET,11538,2024-05-06,8:00,2024,5,Wednesday,Mumbai,South Mumbai,Marine Drive Promenade / Netaji Subhash Road,18.926518,72.926122,Two-Wheeler / Bike,Highway,Grievous/Major,1,0,1,Drunk Driving,Medium,Moderate,36.5,Clear,High,1,1,0.95,1.0,UNIQUE,,-1,50.5
ACC-IND-011547,OPEN_ACCIDENT_DATASET,11547,2022-05-09,0:00,2022,5,Monday,Mumbai,Sion-Chembur,Eastern Express Highway (Sion - Chembur),18.952665,72.932017,Heavy Commercial / Truck,Rural,Minor,2,1,3,Weather,Low,Moderate,36.5,Fog,Low,1,4,0.95,1.0,UNIQUE,,-1,64.0
ACC-IND-011548,OPEN_ACCIDENT_DATASET,11548,2024-04-26,2:00,2024,4,Friday,Mumbai,South Mumbai,Marine Drive Promenade / Netaji Subhash Road,18.891533,72.964052,Heavy Commercial / Truck,Rural,Minor,0,0,0,Poor Road,Low,Moderate,36.5,Rain,Low,1,4,0.95,1.0,UNIQUE,,-1,52.0
ACC-IND-011554,OPEN_ACCIDENT_DATASET,11554,2022-11-12,16:00,2022,11,Sunday,Mumbai,Kurla / Ghatkopar,LBS Marg (Kurla - Ghatkopar),19.097698,72.881205,Heavy Commercial / Truck,Rural,Grievous/Major,4,0,4,Distraction,High,High,36.5,Clear,High,1,4,0.95,1.0,UNIQUE,,-1,67.1
ACC-IND-011561,OPEN_ACCIDENT_DATASET,11561,2023-03-27,23:00,2023,3,Monday,Mumbai,Navi Mumbai Gateway,Sion Panvel Highway (Mankhurd - Vashi),19.059479,72.931886,Heavy Commercial / Truck,Rural,Fatal,3,1,4,Overspeeding,Low,Moderate,36.5,Fog,Low,0,4,0.95,1.0,UNIQUE,,4,82.0
ACC-IND-011570,OPEN_ACCIDENT_DATASET,11570,2023-11-24,17:00,2023,11,Friday,Mumbai,Navi Mumbai Gateway,Sion Panvel Highway (Mankhurd - Vashi),18.930604,72.975494,Heavy Commercial / Truck,Highway,Minor,3,0,3,Poor Road,High,High,36.5,Fog,Low,0,4,0.95,1.0,UNIQUE,,-1,56.6
ACC-IND-011580,OPEN_ACCIDENT_DATASET,11580,2022-12-03,1:00,2022,12,Saturday,Mumbai,Dadar Central,Dadar TT Circle / Dr. Ambedkar Road,19.017285,72.840338,Heavy Commercial / Truck,Urban,Minor,0,0,0,Overspeeding,Medium,Moderate,36.5,Rain,Low,0,3,0.95,1.0,UNIQUE,,3,47.5
ACC-IND-011581,OPEN_ACCIDENT_DATASET,11581,2022-08-31,23:00,2022,8,Wednesday,Mumbai,Lower Parel,Lower Parel Commercial Hub / Senapati Bapat Marg,18.993441,72.828448,Two-Wheeler / Bike,Highway,Minor,1,0,1,Weather,Medium,Moderate,36.5,Fog,Low,0,5,0.95,1.0,UNIQUE,,3,52.0
ACC-IND-011586,OPEN_ACCIDENT_DATASET,11586,2024-11-01,16:00,2024,11,Thursday,Mumbai,Navi Mumbai Gateway,Sion Panvel Highway (Mankhurd - Vashi),19.055026,72.986276,Heavy Commercial / Truck,Rural,Minor,0,0,0,Distraction,Medium,Moderate,36.5,Clear,High,0,4,0.95,1.0,UNIQUE,,-1,52.0
ACC-IND-011596,OPEN_ACCIDENT_DATASET,11596,2023-01-24,9:00,2023,1,Tuesday,Mumbai,Western Suburbs,Western Express Highway (Kandivali - Goregaon),19.169772,72.851067,Car / SUV,Urban,Grievous/Major,2,0,2,Weather,High,High,36.5,Fog,Low,1,3,0.95,1.0,UNIQUE,,11,62.6
ACC-IND-011598,OPEN_ACCIDENT_DATASET,11598,2022-02-04,6:00,2022,2,Saturday,Mumbai,Eastern Suburbs,Eastern Express Highway (Vikhroli - Ghatkopar),19.102214,72.913604,Heavy Commercial / Truck,Rural,Minor,3,0,3,Weather,High,High,36.5,Clear,High,0,3,0.95,1.0,UNIQUE,,2,52.1
ACC-IND-011602,OPEN_ACCIDENT_DATASET,11602,2025-02-20,5:00,2025,2,Thursday,Mumbai,Dadar Central,Dadar TT Circle / Dr. Ambedkar Road,18.998451,72.871107,Heavy Commercial / Truck,Rural,Minor,0,0,0,Poor Road,Medium,Moderate,36.5,Clear,High,0,4,0.95,1.0,UNIQUE,,-1,52.0
ACC-IND-011605,OPEN_ACCIDENT_DATASET,11605,2022-02-28,21:00,2022,2,Monday,Mumbai,Sion-Chembur,Eastern Express Highway (Sion - Chembur),19.025583,72.904943,Car / SUV,Rural,Grievous/Major,2,0,2,Overspeeding,Low,Moderate,36.5,Rain,Medium,0,2,0.95,1.0,UNIQUE,,-1,52.0
ACC-IND-011613,OPEN_ACCIDENT_DATASET,11613,2024-05-02,22:00,2024,5,Monday,Mumbai,Navi Mumbai Gateway,Sion Panvel Highway (Mankhurd - Vashi),19.055168,72.93271,Car / SUV,Rural,Minor,2,0,2,Drunk Driving,High,High,36.5,Fog,Low,1,3,0.95,1.0,UNIQUE,,4,52.1
ACC-IND-011620,OPEN_ACCIDENT_DATASET,11620,2024-01-08,12:00,2024,1,Thursday,Mumbai,Lower Parel,Lower Parel Commercial Hub / Senapati Bapat Marg,18.989456,72.830895,Heavy Commercial / Truck,Highway,Grievous/Major,3,0,3,Distraction,High,High,36.5,Rain,Low,1,5,0.95,1.0,UNIQUE,,3,67.1
ACC-IND-011622,OPEN_ACCIDENT_DATASET,11622,2024-10-31,17:00,2024,10,Thursday,Mumbai,Western Suburbs,Western Express Highway (Kandivali - Goregaon),19.197497,72.878967,Two-Wheeler / Bike,Highway,Grievous/Major,1,0,1,Weather,High,High,36.5,Fog,Low,0,1,0.95,1.0,UNIQUE,,-1,55.1
ACC-IND-011666,OPEN_ACCIDENT_DATASET,11666,2024-07-11,0:00,2024,7,Thursday,Mumbai,South Mumbai,Marine Drive Promenade / Netaji Subhash Road,18.890139,72.886247,Heavy Commercial / Truck,Urban,Grievous/Major,3,1,4,Distraction,Low,Moderate,36.5,Fog,Low,0,4,0.95,1.0,UNIQUE,,-1,74.5
ACC-IND-011682,OPEN_ACCIDENT_DATASET,11682,2024-12-26,6:00,2024,12,Thursday,Mumbai,South Mumbai,Marine Drive Promenade / Netaji Subhash Road,18.878571,72.860749,Heavy Commercial / Truck,Rural,Minor,0,0,0,Overspeeding,Low,Moderate,36.5,Fog,Low,1,1,0.95,1.0,UNIQUE,,-1,35.5
ACC-IND-011687,OPEN_ACCIDENT_DATASET,11687,2023-01-31,1:00,2023,1,Tuesday,Mumbai,Western Suburbs,Western Express Highway (Kandivali - Goregaon),19.168082,72.854577,Two-Wheeler / Bike,Highway,Minor,1,0,1,Overspeeding,Low,Moderate,36.5,Fog,Low,0,2,0.95,1.0,UNIQUE,,11,46.0
ACC-IND-011690,OPEN_ACCIDENT_DATASET,11690,2022-07-18,0:00,2022,7,Monday,Mumbai,Sion-Chembur,Eastern Express Highway (Sion - Chembur),19.043838,72.888672,Heavy Commercial / Truck,Urban,Minor,0,0,0,Drunk Driving,Low,Moderate,36.5,Rain,Medium,1,2,0.95,1.0,UNIQUE,,5,41.5
ACC-IND-011692,OPEN_ACCIDENT_DATASET,11692,2025-02-27,7:00,2025,2,Thursday,Mumbai,Powai / Andheri East,Jogeshwari-Vikhroli Link Road (JVLR),19.126461,72.886867,Car / SUV,Highway,Minor,2,0,2,Drunk Driving,Low,Moderate,36.5,Clear,High,0,3,0.95,1.0,UNIQUE,,8,52.0
ACC-IND-011699,OPEN_ACCIDENT_DATASET,11699,2022-10-16,8:00,2022,10,Sunday,Mumbai,Thane West,Ghodbunder Road (Thane West),19.255734,72.962488,Heavy Commercial / Truck,Highway,Minor,0,0,0,Weather,Low,Moderate,36.5,Fog,Low,1,4,0.95,1.0,UNIQUE,,1,52.0
ACC-IND-011709,OPEN_ACCIDENT_DATASET,11709,2022-06-04,17:00,2022,6,Wednesday,Mumbai,South Mumbai,Marine Drive Promenade / Netaji Subhash Road,18.936906,72.906286,Car / SUV,Urban,Minor,2,0,2,Distraction,High,High,36.5,Rain,Medium,0,2,0.95,1.0,UNIQUE,,-1,46.1
ACC-IND-011717,OPEN_ACCIDENT_DATASET,11717,2024-10-14,2:00,2024,10,Monday,Mumbai,Navi Mumbai Gateway,Sion Panvel Highway (Mankhurd - Vashi),19.054444,72.938929,Two-Wheeler / Bike,Urban,Minor,1,0,1,Overspeeding,Low,Moderate,36.5,Fog,Low,0,2,0.95,1.0,UNIQUE,,4,41.5
ACC-IND-011732,OPEN_ACCIDENT_DATASET,11732,2023-05-05,7:00,2023,5,Friday,Mumbai,Sion-Chembur,Eastern Express Highway (Sion - Chembur),19.048745,72.867349,Heavy Commercial / Truck,Highway,Minor,0,0,0,Distraction,High,High,36.5,Rain,Medium,0,4,0.95,1.0,UNIQUE,,-1,56.6
ACC-IND-011733,OPEN_ACCIDENT_DATASET,11733,2023-01-18,6:00,2023,1,Wednesday,Mumbai,Thane West,Ghodbunder Road (Thane West),19.249171,72.88792,Heavy Commercial / Truck,Rural,Minor,0,0,0,Drunk Driving,Low,Moderate,36.5,Rain,Medium,0,2,0.95,1.0,UNIQUE,,-1,41.5
ACC-IND-011750,OPEN_ACCIDENT_DATASET,11750,2022-09-08,13:00,2022,9,Tuesday,Mumbai,Dadar Central,Dadar TT Circle / Dr. Ambedkar Road,19.037548,72.809427,Heavy Commercial / Truck,Urban,Minor,3,1,4,Poor Road,High,High,36.5,Rain,Low,1,4,0.95,1.0,UNIQUE,,-1,68.6
ACC-IND-011756,OPEN_ACCIDENT_DATASET,11756,2024-08-29,0:00,2024,8,Thursday,Mumbai,Navi Mumbai Gateway,Sion Panvel Highway (Mankhurd - Vashi),19.051871,72.935372,Car / SUV,Rural,Minor,2,0,2,Poor Road,High,High,36.5,Rain,Medium,1,3,0.95,1.0,UNIQUE,,4,52.1
ACC-IND-011769,OPEN_ACCIDENT_DATASET,11769,2022-08-24,1:00,2022,8,Wednesday,Mumbai,Thane West,Ghodbunder Road (Thane West),19.251459,72.894035,Two-Wheeler / Bike,Rural,Grievous/Major,1,0,1,Weather,Low,Moderate,36.5,Fog,Low,0,1,0.95,1.0,UNIQUE,,-1,46.0
ACC-IND-011783,OPEN_ACCIDENT_DATASET,11783,2024-04-26,9:00,2024,4,Friday,Mumbai,Western Suburbs,Western Express Highway (Kandivali - Goregaon),19.18846,72.802874,Car / SUV,Highway,Grievous/Major,2,0,2,Weather,High,High,36.5,Fog,Low,1,4,0.95,1.0,UNIQUE,,-1,67.1
ACC-IND-011784,OPEN_ACCIDENT_DATASET,11784,2023-11-13,23:00,2023,11,Monday,Mumbai,Sion-Chembur,Eastern Express Highway (Sion - Chembur),18.957442,72.926152,Two-Wheeler / Bike,Highway,Grievous/Major,1,0,1,Poor Road,Low,Moderate,36.5,Clear,High,1,1,0.95,1.0,UNIQUE,,-1,50.5
ACC-IND-011785,OPEN_ACCIDENT_DATASET,11785,2024-01-28,6:00,2024,1,Sunday,Mumbai,Kurla / Ghatkopar,LBS Marg (Kurla - Ghatkopar),19.084301,72.890875,Heavy Commercial / Truck,Highway,Grievous/Major,2,1,3,Weather,Low,Moderate,36.5,Clear,High,1,5,0.95,1.0,UNIQUE,,7,74.5
ACC-IND-011791,OPEN_ACCIDENT_DATASET,11791,2022-02-06,23:00,2022,2,Thursday,Mumbai,Western Suburbs,Western Express Highway (Kandivali - Goregaon),19.160858,72.853423,Two-Wheeler / Bike,Highway,Grievous/Major,1,0,1,Poor Road,High,High,36.5,Clear,High,0,3,0.95,1.0,UNIQUE,,11,67.1
ACC-IND-011792,OPEN_ACCIDENT_DATASET,11792,2024-04-13,13:00,2024,4,Saturday,Mumbai,Bandra West,Western Express Highway (Bandra - Santacruz),19.064695,72.843001,Heavy Commercial / Truck,Urban,Fatal,2,1,3,Weather,High,High,36.5,Clear,High,1,3,0.95,1.0,UNIQUE,,0,82.1
ACC-IND-011803,OPEN_ACCIDENT_DATASET,11803,2024-01-19,19:00,2024,1,Friday,Mumbai,Navi Mumbai Gateway,Sion Panvel Highway (Mankhurd - Vashi),19.052943,72.969263,Two-Wheeler / Bike,Urban,Minor,1,0,1,Weather,High,High,36.5,Fog,Low,1,2,0.95,1.0,UNIQUE,,-1,46.1
ACC-IND-011806,OPEN_ACCIDENT_DATASET,11806,2023-01-09,3:00,2023,1,Friday,Mumbai,Powai / Andheri East,Jogeshwari-Vikhroli Link Road (JVLR),19.148383,72.900486,Heavy Commercial / Truck,Rural,Minor,0,0,0,Weather,Low,Moderate,36.5,Fog,Low,0,2,0.95,1.0,UNIQUE,,-1,41.5
ACC-IND-011824,OPEN_ACCIDENT_DATASET,11824,2022-07-13,17:00,2022,7,Wednesday,Mumbai,Kurla / Ghatkopar,LBS Marg (Kurla - Ghatkopar),19.084834,72.885906,Heavy Commercial / Truck,Urban,Fatal,3,1,4,Weather,High,High,36.5,Rain,Medium,1,4,0.95,1.0,UNIQUE,,7,86.6
ACC-IND-011840,OPEN_ACCIDENT_DATASET,11840,2022-08-17,1:00,2022,8,Wednesday,Mumbai,Andheri West,Swami Vivekanand (SV) Road (Andheri West),19.132246,72.803301,Two-Wheeler / Bike,Rural,Fatal,0,1,1,Weather,Medium,Moderate,36.5,Rain,Low,0,1,0.95,1.0,UNIQUE,,-1,65.5
ACC-IND-011848,OPEN_ACCIDENT_DATASET,11848,2025-01-22,20:00,2025,1,Wednesday,Mumbai,Thane West,Ghodbunder Road (Thane West),19.286358,72.903938,Car / SUV,Rural,Grievous/Major,2,0,2,Poor Road,Medium,Moderate,36.5,Fog,Low,0,3,0.95,1.0,UNIQUE,,-1,58.0
ACC-IND-011849,OPEN_ACCIDENT_DATASET,11849,2025-03-25,13:00,2025,3,Tuesday,Mumbai,Kurla East,Santa Cruz-Chembur Link Road (SCLR),19.091215,72.862839,Car / SUV,Rural,Grievous/Major,2,0,2,Weather,Medium,Moderate,36.5,Fog,Low,1,5,0.95,1.0,UNIQUE,,-1,62.5
ACC-IND-011851,OPEN_ACCIDENT_DATASET,11851,2024-06-11,2:00,2024,6,Wednesday,Mumbai,Andheri West,Swami Vivekanand (SV) Road (Andheri West),19.119282,72.843224,Heavy Commercial / Truck,Highway,Minor,0,0,0,Poor Road,Low,Moderate,36.5,Fog,Low,0,1,0.95,1.0,UNIQUE,,10,40.0
ACC-IND-011853,OPEN_ACCIDENT_DATASET,11853,2023-05-03,23:00,2023,5,Sunday,Mumbai,Dadar Central,Dadar TT Circle / Dr. Ambedkar Road,19.019152,72.843731,Car / SUV,Rural,Minor,2,0,2,Weather,Medium,Moderate,36.5,Rain,Medium,0,3,0.95,1.0,UNIQUE,,3,47.5
ACC-IND-011855,OPEN_ACCIDENT_DATASET,11855,2023-09-27,4:00,2023,9,Wednesday,Mumbai,Western Suburbs,Western Express Highway (Kandivali - Goregaon),19.272998,72.804343,Two-Wheeler / Bike,Highway,Minor,1,0,1,Overspeeding,Low,Moderate,36.5,Clear,High,0,1,0.95,1.0,UNIQUE,,-1,40.0
ACC-IND-011862,OPEN_ACCIDENT_DATASET,11862,2024-07-30,17:00,2024,7,Tuesday,Mumbai,Navi Mumbai Gateway,Sion Panvel Highway (Mankhurd - Vashi),18.989267,72.986224,Two-Wheeler / Bike,Rural,Minor,1,0,1,Poor Road,High,High,36.5,Clear,High,0,2,0.95,1.0,UNIQUE,,-1,46.1
ACC-IND-011871,OPEN_ACCIDENT_DATASET,11871,2023-01-20,23:00,2023,1,Friday,Mumbai,Lower Parel,Lower Parel Commercial Hub / Senapati Bapat Marg,19.01519,72.798921,Heavy Commercial / Truck,Urban,Minor,3,0,3,Overspeeding,Low,Moderate,36.5,Fog,Low,0,5,0.95,1.0,UNIQUE,,-1,52.0
ACC-IND-011887,OPEN_ACCIDENT_DATASET,11887,2022-06-28,0:00,2022,6,Tuesday,Mumbai,Thane West,Ghodbunder Road (Thane West),19.185226,72.979278,Heavy Commercial / Truck,Rural,Minor,0,0,0,Distraction,Medium,Moderate,36.5,Rain,Medium,0,1,0.95,1.0,UNIQUE,,-1,35.5
ACC-IND-011896,OPEN_ACCIDENT_DATASET,11896,2023-05-07,4:00,2023,5,Wednesday,Mumbai,Western Suburbs,Western Express Highway (Kandivali - Goregaon),19.241906,72.867266,Heavy Commercial / Truck,Highway,Minor,0,0,0,Drunk Driving,Low,Moderate,36.5,Fog,Low,1,3,0.95,1.0,UNIQUE,,-1,52.0
ACC-IND-011898,OPEN_ACCIDENT_DATASET,11898,2024-01-10,11:00,2024,1,Tuesday,Mumbai,Sion-Chembur,Eastern Express Highway (Sion - Chembur),19.046916,72.883976,Heavy Commercial / Truck,Rural,Fatal,2,1,3,Poor Road,Low,Moderate,36.5,Clear,High,0,3,0.95,1.0,UNIQUE,,5,77.5
ACC-IND-011926,OPEN_ACCIDENT_DATASET,11926,2022-04-08,7:00,2022,4,Thursday,Mumbai,Powai / Andheri East,Jogeshwari-Vikhroli Link Road (JVLR),19.130926,72.886754,Two-Wheeler / Bike,Rural,Grievous/Major,1,0,1,Drunk Driving,High,High,36.5,Fog,Low,0,3,0.95,1.0,UNIQUE,,8,62.6
ACC-IND-011928,OPEN_ACCIDENT_DATASET,11928,2025-02-15,3:00,2025,2,Saturday,Mumbai,Kurla / Ghatkopar,LBS Marg (Kurla - Ghatkopar),19.085951,72.882241,Car / SUV,Urban,Minor,2,0,2,Distraction,Medium,Moderate,36.5,Rain,Medium,0,4,0.95,1.0,UNIQUE,,7,52.0
ACC-IND-011941,OPEN_ACCIDENT_DATASET,11941,2022-11-24,4:00,2022,11,Thursday,Mumbai,Bandra West,Western Express Highway (Bandra - Santacruz),19.08509,72.836426,Heavy Commercial / Truck,Urban,Minor,3,0,3,Overspeeding,Medium,Moderate,36.5,Rain,Medium,0,4,0.95,1.0,UNIQUE,,-1,52.0
ACC-IND-011948,OPEN_ACCIDENT_DATASET,11948,2022-05-08,14:00,2022,5,Friday,Mumbai,South Mumbai,Marine Drive Promenade / Netaji Subhash Road,18.919851,72.916562,Car / SUV,Urban,Grievous/Major,2,0,2,Overspeeding,Medium,Moderate,36.5,Rain,Medium,1,4,0.95,1.0,UNIQUE,,-1,62.5
ACC-IND-011953,OPEN_ACCIDENT_DATASET,11953,2024-07-23,16:00,2024,7,Tuesday,Mumbai,Thane West,Ghodbunder Road (Thane West),19.200669,72.940437,Car / SUV,Urban,Minor,2,0,2,Overspeeding,High,High,36.5,Clear,High,1,4,0.95,1.0,UNIQUE,,-1,56.6
ACC-IND-011955,OPEN_ACCIDENT_DATASET,11955,2022-10-06,3:00,2022,10,Friday,Mumbai,Thane West,Ghodbunder Road (Thane West),19.249909,72.955355,Heavy Commercial / Truck,Rural,Grievous/Major,0,0,0,Distraction,Low,Moderate,36.5,Clear,High,1,3,0.95,1.0,UNIQUE,,-1,58.0
ACC-IND-011962,OPEN_ACCIDENT_DATASET,11962,2023-03-07,9:00,2023,3,Monday,Mumbai,Eastern Suburbs,Eastern Express Highway (Vikhroli - Ghatkopar),19.092711,72.914485,Heavy Commercial / Truck,Highway,Grievous/Major,0,0,0,Distraction,Medium,Moderate,36.5,Fog,Low,0,4,0.95,1.0,UNIQUE,,2,62.5
ACC-IND-011963,OPEN_ACCIDENT_DATASET,11963,2024-06-16,20:00,2024,6,Sunday,Mumbai,Western Suburbs,Western Express Highway (Kandivali - Goregaon),19.255576,72.785811,Car / SUV,Rural,Minor,2,0,2,Weather,High,High,36.5,Clear,High,0,4,0.95,1.0,UNIQUE,,-1,56.6
ACC-IND-011966,OPEN_ACCIDENT_DATASET,11966,2025-04-04,2:00,2025,4,Friday,Mumbai,Kurla East,Santa Cruz-Chembur Link Road (SCLR),19.07575,72.877126,Heavy Commercial / Truck,Urban,Minor,0,0,0,Poor Road,Low,Moderate,36.5,Fog,Low,1,2,0.95,1.0,UNIQUE,,7,41.5
ACC-IND-011981,OPEN_ACCIDENT_DATASET,11981,2025-02-13,12:00,2025,2,Thursday,Mumbai,Andheri West,Swami Vivekanand (SV) Road (Andheri West),19.11345,72.837614,Two-Wheeler / Bike,Highway,Minor,1,0,1,Overspeeding,Medium,Moderate,36.5,Fog,Low,0,1,0.95,1.0,UNIQUE,,10,40.0
ACC-IND-012007,OPEN_ACCIDENT_DATASET,12007,2024-09-09,14:00,2024,9,Monday,Mumbai,Thane West,Ghodbunder Road (Thane West),19.190457,72.951637,Two-Wheeler / Bike,Urban,Minor,1,0,1,Distraction,Medium,Moderate,36.5,Clear,High,1,3,0.95,1.0,UNIQUE,,-1,47.5
ACC-IND-012016,OPEN_ACCIDENT_DATASET,12016,2023-03-03,19:00,2023,3,Friday,Mumbai,Powai / Andheri East,Jogeshwari-Vikhroli Link Road (JVLR),19.158742,72.942709,Car / SUV,Urban,Grievous/Major,2,0,2,Poor Road,High,High,36.5,Fog,Low,0,2,0.95,1.0,UNIQUE,,-1,56.6
ACC-IND-012023,OPEN_ACCIDENT_DATASET,12023,2022-05-01,21:00,2022,5,Wednesday,Mumbai,Lower Parel,Lower Parel Commercial Hub / Senapati Bapat Marg,18.99269,72.826862,Heavy Commercial / Truck,Highway,Minor,0,0,0,Drunk Driving,High,High,36.5,Rain,Low,1,5,0.95,1.0,UNIQUE,,3,56.6
ACC-IND-012025,OPEN_ACCIDENT_DATASET,12025,2024-12-10,3:00,2024,12,Saturday,Mumbai,Eastern Suburbs,Eastern Express Highway (Vikhroli - Ghatkopar),19.114869,72.96965,Heavy Commercial / Truck,Urban,Minor,0,0,0,Weather,Low,Moderate,36.5,Fog,Low,0,2,0.95,1.0,UNIQUE,,-1,41.5
ACC-IND-012026,OPEN_ACCIDENT_DATASET,12026,2024-06-07,4:00,2024,6,Saturday,Mumbai,Bandra West,Western Express Highway (Bandra - Santacruz),19.06607,72.838756,Heavy Commercial / Truck,Rural,Minor,3,0,3,Poor Road,Low,Moderate,36.5,Rain,Low,0,3,0.95,1.0,UNIQUE,,0,47.5
ACC-IND-012031,OPEN_ACCIDENT_DATASET,12031,2022-08-30,5:00,2022,8,Tuesday,Mumbai,South Mumbai,Marine Drive Promenade / Netaji Subhash Road,18.954411,72.873368,Heavy Commercial / Truck,Urban,Minor,4,1,5,Overspeeding,Low,Moderate,36.5,Clear,High,1,5,0.95,1.0,UNIQUE,,-1,64.0
ACC-IND-012033,OPEN_ACCIDENT_DATASET,12033,2022-10-10,15:00,2022,10,Monday,Mumbai,Thane West,Ghodbunder Road (Thane West),19.233322,72.999417,Heavy Commercial / Truck,Urban,Minor,2,1,3,Drunk Driving,Low,Moderate,36.5,Clear,High,1,4,0.95,1.0,UNIQUE,,20,64.0
ACC-IND-012054,OPEN_ACCIDENT_DATASET,12054,2023-09-21,11:00,2023,9,Thursday,Mumbai,Western Suburbs,Western Express Highway (Kandivali - Goregaon),19.228033,72.885382,Heavy Commercial / Truck,Urban,Grievous/Major,0,0,0,Overspeeding,Medium,Moderate,36.5,Clear,High,1,1,0.95,1.0,UNIQUE,,-1,46.0
ACC-IND-012055,OPEN_ACCIDENT_DATASET,12055,2023-08-16,17:00,2023,8,Wednesday,Mumbai,Navi Mumbai Gateway,Sion Panvel Highway (Mankhurd - Vashi),19.056745,72.93304,Two-Wheeler / Bike,Rural,Minor,1,0,1,Weather,Medium,Moderate,36.5,Fog,Low,0,1,0.95,1.0,UNIQUE,,4,35.5
ACC-IND-012069,OPEN_ACCIDENT_DATASET,12069,2022-02-03,0:00,2022,2,Wednesday,Mumbai,Lower Parel,Lower Parel Commercial Hub / Senapati Bapat Marg,18.969257,72.883974,Heavy Commercial / Truck,Rural,Minor,0,0,0,Weather,Medium,Moderate,36.5,Clear,High,0,4,0.95,1.0,UNIQUE,,-1,52.0
ACC-IND-012073,OPEN_ACCIDENT_DATASET,12073,2022-01-05,17:00,2022,1,Sunday,Mumbai,South Mumbai,Marine Drive Promenade / Netaji Subhash Road,18.942551,72.828597,Two-Wheeler / Bike,Rural,Grievous/Major,1,0,1,Weather,High,High,36.5,Clear,High,1,3,0.95,1.0,UNIQUE,,6,62.6
ACC-IND-012083,OPEN_ACCIDENT_DATASET,12083,2023-06-07,17:00,2023,6,Thursday,Mumbai,South Mumbai,Marine Drive Promenade / Netaji Subhash Road,18.936856,72.851748,Car / SUV,Highway,Minor,2,0,2,Drunk Driving,High,High,36.5,Rain,Medium,0,3,0.95,1.0,UNIQUE,,-1,56.6
ACC-IND-012087,OPEN_ACCIDENT_DATASET,12087,2022-09-23,5:00,2022,9,Friday,Mumbai,Thane West,Ghodbunder Road (Thane West),19.180606,72.991733,Two-Wheeler / Bike,Urban,Minor,1,0,1,Weather,Low,Moderate,36.5,Fog,Low,0,4,0.95,1.0,UNIQUE,,-1,52.0
ACC-IND-012108,OPEN_ACCIDENT_DATASET,12108,2023-11-14,3:00,2023,11,Tuesday,Mumbai,Powai / Andheri East,Jogeshwari-Vikhroli Link Road (JVLR),19.132756,72.882511,Car / SUV,Rural,Minor,2,0,2,Poor Road,High,High,36.5,Clear,High,1,4,0.95,1.0,UNIQUE,,8,56.6
ACC-IND-012115,OPEN_ACCIDENT_DATASET,12115,2024-06-23,6:00,2024,6,Sunday,Mumbai,Thane West,Ghodbunder Road (Thane West),19.264317,72.96385,Car / SUV,Rural,Minor,2,0,2,Overspeeding,Low,Moderate,36.5,Rain,Medium,0,4,0.95,1.0,UNIQUE,,1,52.0
ACC-IND-012125,OPEN_ACCIDENT_DATASET,12125,2023-12-04,17:00,2023,12,Wednesday,Mumbai,Western Suburbs,Western Express Highway (Kandivali - Goregaon),19.209029,72.90521,Two-Wheeler / Bike,Urban,Minor,1,0,1,Overspeeding,High,High,36.5,Clear,High,1,3,0.95,1.0,UNIQUE,,-1,52.1
ACC-IND-012134,OPEN_ACCIDENT_DATASET,12134,2024-03-05,22:00,2024,3,Friday,Mumbai,Andheri West,Swami Vivekanand (SV) Road (Andheri West),19.105672,72.849899,Two-Wheeler / Bike,Highway,Grievous/Major,1,0,1,Weather,Medium,Moderate,36.5,Fog,Low,1,2,0.95,1.0,UNIQUE,,10,56.5
ACC-IND-012144,OPEN_ACCIDENT_DATASET,12144,2022-01-26,16:00,2022,1,Wednesday,Mumbai,Eastern Suburbs,Eastern Express Highway (Vikhroli - Ghatkopar),19.09562,72.912953,Heavy Commercial / Truck,Highway,Minor,0,0,0,Poor Road,Low,Moderate,36.5,Rain,Low,0,4,0.95,1.0,UNIQUE,,2,52.0
ACC-IND-012150,OPEN_ACCIDENT_DATASET,12150,2023-03-08,6:00,2023,3,Thursday,Mumbai,Andheri West,Swami Vivekanand (SV) Road (Andheri West),19.1136,72.837297,Car / SUV,Urban,Grievous/Major,2,0,2,Distraction,Low,Moderate,36.5,Clear,High,0,5,0.95,1.0,UNIQUE,,10,62.5
ACC-IND-012155,OPEN_ACCIDENT_DATASET,12155,2022-12-08,16:00,2022,12,Friday,Mumbai,Western Suburbs,Western Express Highway (Kandivali - Goregaon),19.148852,72.844626,Car / SUV,Urban,Fatal,1,1,2,Poor Road,Medium,Moderate,36.5,Fog,Low,1,2,0.95,1.0,UNIQUE,,17,71.5
ACC-IND-012162,OPEN_ACCIDENT_DATASET,12162,2025-01-17,9:00,2025,1,Friday,Mumbai,Kurla / Ghatkopar,LBS Marg (Kurla - Ghatkopar),19.081392,72.885051,Two-Wheeler / Bike,Urban,Minor,1,0,1,Overspeeding,High,High,36.5,Fog,Low,1,3,0.95,1.0,UNIQUE,,7,52.1
ACC-IND-012166,OPEN_ACCIDENT_DATASET,12166,2022-11-14,10:00,2022,11,Monday,Mumbai,Navi Mumbai Gateway,Sion Panvel Highway (Mankhurd - Vashi),19.06799,72.990873,Car / SUV,Highway,Grievous/Major,2,0,2,Poor Road,High,High,36.5,Rain,Low,1,4,0.95,1.0,UNIQUE,,-1,67.1
ACC-IND-012167,OPEN_ACCIDENT_DATASET,12167,2023-02-22,11:00,2023,2,Wednesday,Mumbai,Thane West,Ghodbunder Road (Thane West),19.172391,72.96861,Two-Wheeler / Bike,Rural,Grievous/Major,1,0,1,Weather,Low,Moderate,36.5,Clear,High,1,3,0.95,1.0,UNIQUE,,-1,58.0
ACC-IND-012171,OPEN_ACCIDENT_DATASET,12171,2022-06-20,20:00,2022,6,Monday,Mumbai,Sion-Chembur,Eastern Express Highway (Sion - Chembur),19.044587,72.885236,Heavy Commercial / Truck,Urban,Fatal,4,1,5,Overspeeding,Low,Moderate,36.5,Fog,Low,0,5,0.95,1.0,UNIQUE,,5,82.0
ACC-IND-012177,OPEN_ACCIDENT_DATASET,12177,2023-04-04,11:00,2023,4,Tuesday,Mumbai,Bandra West,Western Express Highway (Bandra - Santacruz),19.047282,72.842887,Car / SUV,Highway,Minor,2,0,2,Distraction,High,High,36.5,Clear,High,0,4,0.95,1.0,UNIQUE,,0,56.6
ACC-IND-012192,OPEN_ACCIDENT_DATASET,12192,2023-05-04,10:00,2023,5,Wednesday,Mumbai,Dadar Central,Dadar TT Circle / Dr. Ambedkar Road,19.01126,72.865934,Two-Wheeler / Bike,Urban,Grievous/Major,1,0,1,Drunk Driving,High,High,36.5,Clear,High,0,2,0.95,1.0,UNIQUE,,-1,56.6
ACC-IND-012194,OPEN_ACCIDENT_DATASET,12194,2022-10-19,6:00,2022,10,Wednesday,Mumbai,Kurla / Ghatkopar,LBS Marg (Kurla - Ghatkopar),19.101199,72.884321,Heavy Commercial / Truck,Highway,Fatal,2,1,3,Weather,Low,Moderate,36.5,Fog,Low,0,3,0.95,1.0,UNIQUE,,-1,82.0
ACC-IND-012212,OPEN_ACCIDENT_DATASET,12212,2025-01-02,8:00,2025,1,Saturday,Mumbai,Powai / Andheri East,Jogeshwari-Vikhroli Link Road (JVLR),19.122872,72.880644,Two-Wheeler / Bike,Highway,Minor,1,0,1,Overspeeding,High,High,36.5,Fog,Low,0,2,0.95,1.0,UNIQUE,,8,50.6
ACC-IND-012223,OPEN_ACCIDENT_DATASET,12223,2024-10-30,17:00,2024,10,Wednesday,Mumbai,South Mumbai,Marine Drive Promenade / Netaji Subhash Road,18.932894,72.886902,Heavy Commercial / Truck,Highway,Fatal,4,1,5,Drunk Driving,Medium,Moderate,36.5,Rain,Low,1,5,0.95,1.0,UNIQUE,,-1,82.0
ACC-IND-012228,OPEN_ACCIDENT_DATASET,12228,2024-10-14,3:00,2024,10,Monday,Mumbai,Andheri West,Swami Vivekanand (SV) Road (Andheri West),19.150066,72.816818,Heavy Commercial / Truck,Rural,Grievous/Major,0,0,0,Weather,Medium,Moderate,36.5,Rain,Medium,1,1,0.95,1.0,UNIQUE,,-1,46.0
ACC-IND-012244,OPEN_ACCIDENT_DATASET,12244,2022-10-18,2:00,2022,10,Tuesday,Mumbai,Thane West,Ghodbunder Road (Thane West),19.259252,72.884674,Two-Wheeler / Bike,Urban,Grievous/Major,1,0,1,Weather,Medium,Moderate,36.5,Clear,High,0,4,0.95,1.0,UNIQUE,,-1,62.5
ACC-IND-012246,OPEN_ACCIDENT_DATASET,12246,2022-08-13,22:00,2022,8,Saturday,Mumbai,Western Suburbs,Western Express Highway (Kandivali - Goregaon),19.165388,72.851208,Heavy Commercial / Truck,Highway,Grievous/Major,0,0,0,Drunk Driving,Low,Moderate,36.5,Fog,Low,1,4,0.95,1.0,UNIQUE,,11,62.5
ACC-IND-012247,OPEN_ACCIDENT_DATASET,12247,2024-09-28,16:00,2024,9,Saturday,Mumbai,Western Suburbs,Western Express Highway (Kandivali - Goregaon),19.149836,72.869437,Two-Wheeler / Bike,Urban,Minor,1,0,1,Overspeeding,Low,Moderate,36.5,Fog,Low,1,5,0.95,1.0,UNIQUE,,-1,52.0
ACC-IND-012252,OPEN_ACCIDENT_DATASET,12252,2023-04-23,16:00,2023,4,Sunday,Mumbai,Eastern Suburbs,Eastern Express Highway (Vikhroli - Ghatkopar),19.100209,72.905476,Car / SUV,Rural,Grievous/Major,2,0,2,Drunk Driving,Low,Moderate,36.5,Fog,Low,1,2,0.95,1.0,UNIQUE,,2,52.0
ACC-IND-012262,OPEN_ACCIDENT_DATASET,12262,2022-05-04,0:00,2022,5,Tuesday,Mumbai,Thane West,Ghodbunder Road (Thane West),19.197614,72.98405,Two-Wheeler / Bike,Urban,Grievous/Major,1,0,1,Overspeeding,Low,Moderate,36.5,Fog,Low,1,3,0.95,1.0,UNIQUE,,-1,58.0
ACC-IND-012266,OPEN_ACCIDENT_DATASET,12266,2022-07-16,11:00,2022,7,Saturday,Mumbai,Thane West,Ghodbunder Road (Thane West),19.2639,72.985078,Two-Wheeler / Bike,Highway,Grievous/Major,1,0,1,Distraction,High,High,36.5,Fog,Low,0,1,0.95,1.0,UNIQUE,,-1,55.1
ACC-IND-012273,OPEN_ACCIDENT_DATASET,12273,2022-01-09,9:00,2022,1,Thursday,Mumbai,Thane West,Ghodbunder Road (Thane West),19.213932,72.925277,Two-Wheeler / Bike,Urban,Minor,1,0,1,Poor Road,High,High,36.5,Clear,High,1,1,0.95,1.0,UNIQUE,,-1,40.1
ACC-IND-012274,OPEN_ACCIDENT_DATASET,12274,2022-11-04,3:00,2022,11,Monday,Mumbai,Eastern Suburbs,Eastern Express Highway (Vikhroli - Ghatkopar),19.097684,72.915959,Two-Wheeler / Bike,Rural,Minor,1,0,1,Drunk Driving,Low,Moderate,36.5,Clear,High,1,3,0.95,1.0,UNIQUE,,2,47.5
ACC-IND-012278,OPEN_ACCIDENT_DATASET,12278,2022-11-18,3:00,2022,11,Friday,Mumbai,Thane West,Ghodbunder Road (Thane West),19.22417,72.976958,Heavy Commercial / Truck,Rural,Minor,0,0,0,Distraction,Medium,Moderate,36.5,Fog,Low,1,5,0.95,1.0,UNIQUE,,-1,52.0
ACC-IND-012286,OPEN_ACCIDENT_DATASET,12286,2022-03-20,18:00,2022,3,Sunday,Mumbai,Western Suburbs,Western Express Highway (Kandivali - Goregaon),19.237616,72.869742,Two-Wheeler / Bike,Urban,Grievous/Major,1,0,1,Overspeeding,High,High,36.5,Clear,High,1,1,0.95,1.0,UNIQUE,,-1,50.6
ACC-IND-012302,OPEN_ACCIDENT_DATASET,12302,2024-07-01,3:00,2024,7,Sunday,Mumbai,Sion-Chembur,Eastern Express Highway (Sion - Chembur),19.039141,72.904535,Heavy Commercial / Truck,Urban,Minor,3,1,4,Poor Road,Low,Moderate,36.5,Clear,High,1,4,0.95,1.0,UNIQUE,,-1,64.0
ACC-IND-012323,OPEN_ACCIDENT_DATASET,12323,2025-01-24,11:00,2025,1,Friday,Mumbai,South Mumbai,Marine Drive Promenade / Netaji Subhash Road,18.887502,72.88621,Heavy Commercial / Truck,Urban,Minor,2,1,3,Poor Road,Medium,Moderate,36.5,Clear,High,1,3,0.95,1.0,UNIQUE,,-1,59.5
ACC-IND-012345,OPEN_ACCIDENT_DATASET,12345,2023-06-22,2:00,2023,6,Thursday,Mumbai,Eastern Suburbs,Eastern Express Highway (Vikhroli - Ghatkopar),19.136819,72.927139,Heavy Commercial / Truck,Highway,Minor,0,0,0,Overspeeding,Low,Moderate,36.5,Fog,Low,1,5,0.95,1.0,UNIQUE,,-1,52.0
ACC-IND-012352,OPEN_ACCIDENT_DATASET,12352,2025-06-02,15:00,2025,6,Thursday,Mumbai,Thane West,Ghodbunder Road (Thane West),19.220649,72.918788,Car / SUV,Urban,Minor,2,0,2,Weather,High,High,36.5,Rain,Low,1,5,0.95,1.0,UNIQUE,,-1,56.6
ACC-IND-012357,OPEN_ACCIDENT_DATASET,12357,2022-10-03,8:00,2022,10,Thursday,Mumbai,Thane West,Ghodbunder Road (Thane West),19.276303,72.878062,Heavy Commercial / Truck,Highway,Grievous/Major,3,0,3,Poor Road,Medium,Moderate,36.5,Fog,Low,1,4,0.95,1.0,UNIQUE,,-1,62.5
ACC-IND-012378,OPEN_ACCIDENT_DATASET,12378,2024-07-01,11:00,2024,7,Sunday,Mumbai,Navi Mumbai Gateway,Sion Panvel Highway (Mankhurd - Vashi),18.994618,72.974203,Heavy Commercial / Truck,Highway,Minor,3,0,3,Drunk Driving,Low,Moderate,36.5,Clear,High,1,4,0.95,1.0,UNIQUE,,-1,52.0
ACC-IND-012399,OPEN_ACCIDENT_DATASET,12399,2025-02-03,0:00,2025,2,Sunday,Mumbai,Western Suburbs,Western Express Highway (Kandivali - Goregaon),19.169197,72.857871,Heavy Commercial / Truck,Urban,Minor,0,0,0,Overspeeding,Low,Moderate,36.5,Rain,Low,1,3,0.95,1.0,UNIQUE,,11,47.5
ACC-IND-012411,OPEN_ACCIDENT_DATASET,12411,2023-08-03,8:00,2023,8,Wednesday,Mumbai,South Mumbai,Marine Drive Promenade / Netaji Subhash Road,18.876549,72.862898,Two-Wheeler / Bike,Highway,Grievous/Major,1,0,1,Weather,Low,Moderate,36.5,Rain,Medium,0,2,0.95,1.0,UNIQUE,,-1,56.5
ACC-IND-012414,OPEN_ACCIDENT_DATASET,12414,2025-02-17,0:00,2025,2,Monday,Mumbai,Thane West,Ghodbunder Road (Thane West),19.258893,72.962038,Two-Wheeler / Bike,Urban,Minor,1,0,1,Weather,Low,Moderate,36.5,Clear,High,0,2,0.95,1.0,UNIQUE,,1,41.5
ACC-IND-012421,OPEN_ACCIDENT_DATASET,12421,2024-03-06,14:00,2024,3,Monday,Mumbai,Western Suburbs,Western Express Highway (Kandivali - Goregaon),19.267682,72.839736,Heavy Commercial / Truck,Highway,Grievous/Major,4,0,4,Weather,Medium,Moderate,36.5,Rain,Low,1,4,0.95,1.0,UNIQUE,,-1,62.5
ACC-IND-012427,OPEN_ACCIDENT_DATASET,12427,2023-07-05,8:00,2023,7,Sunday,Mumbai,Thane West,Ghodbunder Road (Thane West),19.258747,72.958369,Car / SUV,Rural,Grievous/Major,2,0,2,Drunk Driving,Low,Moderate,36.5,Rain,Low,1,4,0.95,1.0,UNIQUE,,1,62.5
ACC-IND-012440,OPEN_ACCIDENT_DATASET,12440,2024-12-12,2:00,2024,12,Thursday,Mumbai,Thane West,Ghodbunder Road (Thane West),19.258453,72.965494,Heavy Commercial / Truck,Urban,Minor,0,0,0,Distraction,Low,Moderate,36.5,Rain,Low,1,1,0.95,1.0,UNIQUE,,1,35.5
ACC-IND-012445,OPEN_ACCIDENT_DATASET,12445,2023-07-04,0:00,2023,7,Friday,Mumbai,South Mumbai,Marine Drive Promenade / Netaji Subhash Road,18.912697,72.810863,Heavy Commercial / Truck,Highway,Minor,0,0,0,Poor Road,Low,Moderate,36.5,Rain,Low,1,1,0.95,1.0,UNIQUE,,-1,40.0
ACC-IND-012453,OPEN_ACCIDENT_DATASET,12453,2023-08-19,14:00,2023,8,Saturday,Mumbai,Dadar Central,Dadar TT Circle / Dr. Ambedkar Road,18.999897,72.858535,Heavy Commercial / Truck,Urban,Minor,0,0,0,Weather,Medium,Moderate,36.5,Fog,Low,1,3,0.95,1.0,UNIQUE,,-1,47.5
ACC-IND-012454,OPEN_ACCIDENT_DATASET,12454,2023-04-02,1:00,2023,4,Saturday,Mumbai,Western Suburbs,Western Express Highway (Kandivali - Goregaon),19.188875,72.917339,Heavy Commercial / Truck,Urban,Minor,4,0,4,Poor Road,Low,Moderate,36.5,Clear,High,1,4,0.95,1.0,UNIQUE,,-1,52.0
ACC-IND-012457,OPEN_ACCIDENT_DATASET,12457,2022-05-28,17:00,2022,5,Saturday,Mumbai,Sion-Chembur,Eastern Express Highway (Sion - Chembur),19.051354,72.88793,Heavy Commercial / Truck,Urban,Minor,0,0,0,Distraction,High,High,36.5,Fog,Low,0,1,0.95,1.0,UNIQUE,,5,40.1
ACC-IND-012480,OPEN_ACCIDENT_DATASET,12480,2022-10-18,2:00,2022,10,Tuesday,Mumbai,South Mumbai,Marine Drive Promenade / Netaji Subhash Road,18.914113,72.95673,Heavy Commercial / Truck,Urban,Grievous/Major,4,1,5,Distraction,Low,Moderate,36.5,Fog,Low,1,5,0.95,1.0,UNIQUE,,-1,74.5
ACC-IND-012484,OPEN_ACCIDENT_DATASET,12484,2023-05-31,23:00,2023,5,Wednesday,Mumbai,South Mumbai,Marine Drive Promenade / Netaji Subhash Road,18.880619,72.960214,Two-Wheeler / Bike,Highway,Minor,1,0,1,Overspeeding,High,High,36.5,Rain,Low,1,2,0.95,1.0,UNIQUE,,19,50.6
ACC-IND-012492,OPEN_ACCIDENT_DATASET,12492,2022-11-25,8:00,2022,11,Friday,Mumbai,Eastern Suburbs,Eastern Express Highway (Vikhroli - Ghatkopar),19.105097,72.931982,Heavy Commercial / Truck,Urban,Grievous/Major,2,1,3,Overspeeding,Medium,Moderate,36.5,Fog,Low,1,4,0.95,1.0,UNIQUE,,2,74.5
ACC-IND-012526,OPEN_ACCIDENT_DATASET,12526,2024-05-31,5:00,2024,5,Friday,Mumbai,South Mumbai,Marine Drive Promenade / Netaji Subhash Road,18.877709,72.819571,Heavy Commercial / Truck,Highway,Minor,0,0,0,Poor Road,Low,Moderate,36.5,Clear,High,1,1,0.95,1.0,UNIQUE,,-1,40.0
ACC-IND-012527,OPEN_ACCIDENT_DATASET,12527,2024-08-01,4:00,2024,8,Monday,Mumbai,Andheri West,Swami Vivekanand (SV) Road (Andheri West),19.106599,72.834962,Heavy Commercial / Truck,Rural,Minor,0,0,0,Poor Road,High,High,36.5,Rain,Medium,0,3,0.95,1.0,UNIQUE,,10,52.1
ACC-IND-012529,OPEN_ACCIDENT_DATASET,12529,2023-09-08,5:00,2023,9,Wednesday,Mumbai,Western Suburbs,Western Express Highway (Kandivali - Goregaon),19.233106,72.890056,Two-Wheeler / Bike,Rural,Grievous/Major,1,0,1,Distraction,High,High,36.5,Fog,Low,1,1,0.95,1.0,UNIQUE,,-1,50.6
ACC-IND-012534,OPEN_ACCIDENT_DATASET,12534,2022-03-27,15:00,2022,3,Sunday,Mumbai,Eastern Suburbs,Eastern Express Highway (Vikhroli - Ghatkopar),19.095044,72.912667,Two-Wheeler / Bike,Urban,Minor,1,0,1,Overspeeding,High,High,36.5,Fog,Low,1,1,0.95,1.0,UNIQUE,,2,40.1
ACC-IND-012536,OPEN_ACCIDENT_DATASET,12536,2022-06-15,13:00,2022,6,Wednesday,Mumbai,Western Suburbs,Western Express Highway (Kandivali - Goregaon),19.294297,72.833848,Heavy Commercial / Truck,Rural,Grievous/Major,0,0,0,Poor Road,Medium,Moderate,36.5,Clear,High,0,5,0.95,1.0,UNIQUE,,-1,62.5
ACC-IND-012545,OPEN_ACCIDENT_DATASET,12545,2024-12-16,14:00,2024,12,Monday,Mumbai,Thane West,Ghodbunder Road (Thane West),19.223127,72.935015,Heavy Commercial / Truck,Rural,Minor,3,0,3,Poor Road,Low,Moderate,36.5,Rain,Medium,0,4,0.95,1.0,UNIQUE,,-1,52.0
ACC-IND-012558,OPEN_ACCIDENT_DATASET,12558,2025-03-18,0:00,2025,3,Tuesday,Mumbai,Western Suburbs,Western Express Highway (Kandivali - Goregaon),19.285898,72.785999,Car / SUV,Urban,Grievous/Major,2,0,2,Drunk Driving,Low,Moderate,36.5,Clear,High,1,2,0.95,1.0,UNIQUE,,-1,52.0
ACC-IND-012572,OPEN_ACCIDENT_DATASET,12572,2025-03-31,13:00,2025,3,Monday,Mumbai,Powai / Andheri East,Jogeshwari-Vikhroli Link Road (JVLR),19.104264,72.880283,Heavy Commercial / Truck,Urban,Minor,0,0,0,Poor Road,Medium,Moderate,36.5,Rain,Medium,1,1,0.95,1.0,UNIQUE,,-1,35.5
ACC-IND-012582,OPEN_ACCIDENT_DATASET,12582,2022-05-31,23:00,2022,5,Tuesday,Mumbai,Dadar Central,Dadar TT Circle / Dr. Ambedkar Road,19.040689,72.816632,Heavy Commercial / Truck,Highway,Grievous/Major,0,0,0,Overspeeding,Low,Moderate,36.5,Clear,High,1,2,0.95,1.0,UNIQUE,,-1,56.5
ACC-IND-012592,OPEN_ACCIDENT_DATASET,12592,2022-02-24,13:00,2022,2,Thursday,Mumbai,Powai / Andheri East,Jogeshwari-Vikhroli Link Road (JVLR),19.159443,72.908969,Heavy Commercial / Truck,Rural,Minor,0,0,0,Drunk Driving,High,High,36.5,Clear,High,1,5,0.95,1.0,UNIQUE,,-1,56.6
ACC-IND-012595,OPEN_ACCIDENT_DATASET,12595,2022-07-17,7:00,2022,7,Sunday,Mumbai,Lower Parel,Lower Parel Commercial Hub / Senapati Bapat Marg,18.997197,72.824503,Car / SUV,Rural,Grievous/Major,2,0,2,Drunk Driving,Medium,Moderate,36.5,Clear,High,0,2,0.95,1.0,UNIQUE,,3,52.0
ACC-IND-012602,OPEN_ACCIDENT_DATASET,12602,2025-03-21,21:00,2025,3,Friday,Mumbai,South Mumbai,Marine Drive Promenade / Netaji Subhash Road,18.920236,72.831897,Heavy Commercial / Truck,Urban,Fatal,3,1,4,Overspeeding,Medium,Moderate,36.5,Fog,Low,1,4,0.95,1.0,UNIQUE,,-1,82.0
ACC-IND-012605,OPEN_ACCIDENT_DATASET,12605,2022-04-30,18:00,2022,4,Saturday,Mumbai,South Mumbai,Marine Drive Promenade / Netaji Subhash Road,18.86231,72.916443,Two-Wheeler / Bike,Urban,Minor,1,0,1,Weather,Medium,Moderate,36.5,Rain,Low,0,2,0.95,1.0,UNIQUE,,-1,41.5
ACC-IND-012607,OPEN_ACCIDENT_DATASET,12607,2024-01-14,11:00,2024,1,Sunday,Mumbai,Dadar Central,Dadar TT Circle / Dr. Ambedkar Road,19.018181,72.849246,Heavy Commercial / Truck,Rural,Minor,3,0,3,Poor Road,Low,Moderate,36.5,Clear,High,0,4,0.95,1.0,UNIQUE,,3,52.0
ACC-IND-012613,OPEN_ACCIDENT_DATASET,12613,2024-04-01,5:00,2024,4,Thursday,Mumbai,Kurla / Ghatkopar,LBS Marg (Kurla - Ghatkopar),19.09865,72.886392,Heavy Commercial / Truck,Highway,Minor,2,1,3,Overspeeding,Low,Moderate,36.5,Fog,Low,0,3,0.95,1.0,UNIQUE,,-1,64.0
ACC-IND-012617,OPEN_ACCIDENT_DATASET,12617,2023-10-01,12:00,2023,10,Tuesday,Mumbai,Kurla / Ghatkopar,LBS Marg (Kurla - Ghatkopar),19.079222,72.886705,Two-Wheeler / Bike,Highway,Grievous/Major,1,0,1,Overspeeding,Low,Moderate,36.5,Clear,High,1,2,0.95,1.0,UNIQUE,,7,56.5
ACC-IND-012621,OPEN_ACCIDENT_DATASET,12621,2024-04-25,14:00,2024,4,Thursday,Mumbai,Lower Parel,Lower Parel Commercial Hub / Senapati Bapat Marg,18.993007,72.829977,Heavy Commercial / Truck,Highway,Grievous/Major,3,1,4,Poor Road,Low,Moderate,36.5,Clear,High,1,5,0.95,1.0,UNIQUE,,3,74.5
ACC-IND-012623,OPEN_ACCIDENT_DATASET,12623,2023-09-26,21:00,2023,9,Tuesday,Mumbai,Powai / Andheri East,Jogeshwari-Vikhroli Link Road (JVLR),19.152034,72.928838,Two-Wheeler / Bike,Highway,Minor,1,0,1,Poor Road,Low,Moderate,36.5,Fog,Low,1,2,0.95,1.0,UNIQUE,,-1,46.0
ACC-IND-012630,OPEN_ACCIDENT_DATASET,12630,2022-05-27,21:00,2022,5,Friday,Mumbai,Kurla / Ghatkopar,LBS Marg (Kurla - Ghatkopar),19.073534,72.891271,Two-Wheeler / Bike,Urban,Minor,1,0,1,Distraction,Low,Moderate,36.5,Rain,Medium,0,3,0.95,1.0,UNIQUE,,7,47.5
ACC-IND-012631,OPEN_ACCIDENT_DATASET,12631,2025-02-18,14:00,2025,2,Tuesday,Mumbai,Bandra West,Western Express Highway (Bandra - Santacruz),19.090342,72.849041,Heavy Commercial / Truck,Rural,Minor,0,0,0,Weather,Low,Moderate,36.5,Fog,Low,0,1,0.95,1.0,UNIQUE,,-1,35.5
ACC-IND-012634,OPEN_ACCIDENT_DATASET,12634,2022-06-27,1:00,2022,6,Monday,Mumbai,Dadar Central,Dadar TT Circle / Dr. Ambedkar Road,19.032017,72.813288,Heavy Commercial / Truck,Rural,Grievous/Major,4,0,4,Drunk Driving,Low,Moderate,36.5,Clear,High,1,4,0.95,1.0,UNIQUE,,-1,62.5
ACC-IND-012636,OPEN_ACCIDENT_DATASET,12636,2023-10-08,13:00,2023,10,Thursday,Mumbai,Western Suburbs,Western Express Highway (Kandivali - Goregaon),19.165829,72.854099,Car / SUV,Urban,Minor,2,0,2,Poor Road,Low,Moderate,36.5,Fog,Low,1,2,0.95,1.0,UNIQUE,,11,41.5
ACC-IND-012640,OPEN_ACCIDENT_DATASET,12640,2023-12-07,21:00,2023,12,Wednesday,Mumbai,Navi Mumbai Gateway,Sion Panvel Highway (Mankhurd - Vashi),19.05542,72.943751,Heavy Commercial / Truck,Highway,Minor,0,0,0,Weather,High,High,36.5,Rain,Low,1,1,0.95,1.0,UNIQUE,,4,44.6
ACC-IND-012647,OPEN_ACCIDENT_DATASET,12647,2024-07-18,17:00,2024,7,Thursday,Mumbai,Navi Mumbai Gateway,Sion Panvel Highway (Mankhurd - Vashi),18.95462,72.954811,Heavy Commercial / Truck,Highway,Grievous/Major,0,0,0,Drunk Driving,Medium,Moderate,36.5,Clear,High,0,5,0.95,1.0,UNIQUE,,-1,62.5
ACC-IND-012648,OPEN_ACCIDENT_DATASET,12648,2022-04-15,4:00,2022,4,Friday,Mumbai,Thane West,Ghodbunder Road (Thane West),19.257058,72.968921,Car / SUV,Highway,Minor,2,0,2,Poor Road,Low,Moderate,36.5,Rain,Medium,0,2,0.95,1.0,UNIQUE,,1,46.0
ACC-IND-012650,OPEN_ACCIDENT_DATASET,12650,2024-10-28,20:00,2024,10,Monday,Mumbai,Bandra West,Western Express Highway (Bandra - Santacruz),19.050675,72.806869,Heavy Commercial / Truck,Urban,Grievous/Major,0,0,0,Weather,Low,Moderate,36.5,Rain,Low,1,1,0.95,1.0,UNIQUE,,-1,46.0
ACC-IND-012660,OPEN_ACCIDENT_DATASET,12660,2022-12-28,21:00,2022,12,Wednesday,Mumbai,Lower Parel,Lower Parel Commercial Hub / Senapati Bapat Marg,19.001005,72.834537,Heavy Commercial / Truck,Highway,Minor,3,0,3,Distraction,Medium,Moderate,36.5,Fog,Low,1,5,0.95,1.0,UNIQUE,,3,52.0
ACC-IND-012663,OPEN_ACCIDENT_DATASET,12663,2022-07-15,10:00,2022,7,Friday,Mumbai,Bandra West,Western Express Highway (Bandra - Santacruz),19.069945,72.842879,Two-Wheeler / Bike,Highway,Minor,1,0,1,Weather,High,High,36.5,Fog,Low,1,3,0.95,1.0,UNIQUE,,0,56.6
ACC-IND-012664,OPEN_ACCIDENT_DATASET,12664,2025-01-27,5:00,2025,1,Monday,Mumbai,South Mumbai,Marine Drive Promenade / Netaji Subhash Road,18.891049,72.969834,Car / SUV,Rural,Grievous/Major,2,0,2,Overspeeding,Medium,Moderate,36.5,Fog,Low,1,2,0.95,1.0,UNIQUE,,-1,52.0
ACC-IND-012666,OPEN_ACCIDENT_DATASET,12666,2023-09-11,16:00,2023,9,Thursday,Mumbai,Andheri West,Swami Vivekanand (SV) Road (Andheri West),19.107768,72.863458,Heavy Commercial / Truck,Rural,Minor,0,0,0,Weather,Low,Moderate,36.5,Fog,Low,1,1,0.95,1.0,UNIQUE,,18,35.5
ACC-IND-012667,OPEN_ACCIDENT_DATASET,12667,2022-02-11,2:00,2022,2,Wednesday,Mumbai,Powai / Andheri East,Jogeshwari-Vikhroli Link Road (JVLR),19.184032,72.932308,Car / SUV,Rural,Minor,2,0,2,Distraction,Low,Moderate,36.5,Rain,Low,1,2,0.95,1.0,UNIQUE,,-1,41.5
ACC-IND-012668,OPEN_ACCIDENT_DATASET,12668,2024-05-01,19:00,2024,5,Friday,Mumbai,Sion-Chembur,Eastern Express Highway (Sion - Chembur),19.010047,72.88061,Heavy Commercial / Truck,Rural,Minor,2,1,3,Overspeeding,High,High,36.5,Rain,Low,1,4,0.95,1.0,UNIQUE,,-1,68.6
ACC-IND-012670,OPEN_ACCIDENT_DATASET,12670,2023-11-14,22:00,2023,11,Tuesday,Mumbai,Thane West,Ghodbunder Road (Thane West),19.223061,72.998053,Heavy Commercial / Truck,Urban,Fatal,4,1,5,Weather,Medium,Moderate,36.5,Rain,Medium,1,5,0.95,1.0,UNIQUE,,-1,82.0
ACC-IND-012673,OPEN_ACCIDENT_DATASET,12673,2023-05-29,8:00,2023,5,Monday,Mumbai,Lower Parel,Lower Parel Commercial Hub / Senapati Bapat Marg,18.996931,72.822786,Heavy Commercial / Truck,Highway,Grievous/Major,4,0,4,Weather,High,High,36.5,Rain,Medium,0,4,0.95,1.0,UNIQUE,,3,67.1
ACC-IND-012674,OPEN_ACCIDENT_DATASET,12674,2022-11-14,8:00,2022,11,Monday,Mumbai,Sion-Chembur,Eastern Express Highway (Sion - Chembur),19.0276,72.873461,Heavy Commercial / Truck,Rural,Grievous/Major,0,0,0,Poor Road,Medium,Moderate,36.5,Rain,Low,1,1,0.95,1.0,UNIQUE,,-1,46.0
ACC-IND-012675,OPEN_ACCIDENT_DATASET,12675,2025-04-14,23:00,2025,4,Monday,Mumbai,South Mumbai,Marine Drive Promenade / Netaji Subhash Road,18.957474,72.862334,Heavy Commercial / Truck,Urban,Minor,0,0,0,Distraction,Low,Moderate,36.5,Rain,Medium,0,1,0.95,1.0,UNIQUE,,-1,35.5
ACC-IND-012706,OPEN_ACCIDENT_DATASET,12706,2022-01-28,18:00,2022,1,Friday,Mumbai,Thane West,Ghodbunder Road (Thane West),19.25463,72.919409,Heavy Commercial / Truck,Rural,Grievous/Major,5,0,5,Distraction,High,High,36.5,Clear,High,1,5,0.95,1.0,UNIQUE,,-1,67.1
ACC-IND-012711,OPEN_ACCIDENT_DATASET,12711,2022-08-30,21:00,2022,8,Tuesday,Mumbai,Thane West,Ghodbunder Road (Thane West),19.208794,72.960019,Two-Wheeler / Bike,Urban,Grievous/Major,1,0,1,Distraction,Low,Moderate,36.5,Rain,Low,0,2,0.95,1.0,UNIQUE,,-1,52.0
ACC-IND-012725,OPEN_ACCIDENT_DATASET,12725,2022-03-15,22:00,2022,3,Tuesday,Mumbai,Eastern Suburbs,Eastern Express Highway (Vikhroli - Ghatkopar),19.100539,72.909524,Heavy Commercial / Truck,Urban,Minor,0,0,0,Poor Road,Low,Moderate,36.5,Rain,Low,1,4,0.95,1.0,UNIQUE,,2,52.0
ACC-IND-012732,OPEN_ACCIDENT_DATASET,12732,2025-02-21,23:00,2025,2,Friday,Mumbai,Powai / Andheri East,Jogeshwari-Vikhroli Link Road (JVLR),19.126944,72.887571,Car / SUV,Urban,Minor,2,0,2,Weather,Medium,Moderate,36.5,Clear,High,0,5,0.95,1.0,UNIQUE,,8,52.0
ACC-IND-012748,OPEN_ACCIDENT_DATASET,12748,2023-02-13,1:00,2023,2,Monday,Mumbai,Andheri West,Swami Vivekanand (SV) Road (Andheri West),19.117892,72.840093,Heavy Commercial / Truck,Urban,Minor,0,0,0,Poor Road,Low,Moderate,36.5,Clear,High,0,1,0.95,1.0,UNIQUE,,10,35.5
ACC-IND-012766,OPEN_ACCIDENT_DATASET,12766,2022-07-25,7:00,2022,7,Monday,Mumbai,Western Suburbs,Western Express Highway (Kandivali - Goregaon),19.159499,72.853168,Car / SUV,Urban,Grievous/Major,2,0,2,Overspeeding,Low,Moderate,36.5,Rain,Low,0,5,0.95,1.0,UNIQUE,,11,62.5
ACC-IND-012767,OPEN_ACCIDENT_DATASET,12767,2022-09-18,12:00,2022,9,Sunday,Mumbai,South Mumbai,Marine Drive Promenade / Netaji Subhash Road,18.926993,72.857212,Heavy Commercial / Truck,Rural,Fatal,3,1,4,Distraction,Low,Moderate,36.5,Clear,High,1,4,0.95,1.0,UNIQUE,,-1,82.0
ACC-IND-012784,OPEN_ACCIDENT_DATASET,12784,2024-01-14,0:00,2024,1,Sunday,Mumbai,South Mumbai,Marine Drive Promenade / Netaji Subhash Road,18.952908,72.863525,Two-Wheeler / Bike,Highway,Minor,1,0,1,Drunk Driving,Low,Moderate,36.5,Fog,Low,1,1,0.95,1.0,UNIQUE,,-1,40.0
ACC-IND-012785,OPEN_ACCIDENT_DATASET,12785,2022-04-22,9:00,2022,4,Friday,Mumbai,Kurla East,Santa Cruz-Chembur Link Road (SCLR),19.070397,72.87977,Heavy Commercial / Truck,Urban,Minor,3,0,3,Poor Road,Medium,Moderate,36.5,Clear,High,1,5,0.95,1.0,UNIQUE,,7,52.0
ACC-IND-012801,OPEN_ACCIDENT_DATASET,12801,2024-06-30,23:00,2024,6,Sunday,Mumbai,South Mumbai,Marine Drive Promenade / Netaji Subhash Road,18.93818,72.822765,Car / SUV,Highway,Minor,2,0,2,Poor Road,Low,Moderate,36.5,Rain,Medium,1,3,0.95,1.0,UNIQUE,,6,52.0
ACC-IND-012803,OPEN_ACCIDENT_DATASET,12803,2022-07-29,7:00,2022,7,Friday,Mumbai,Thane West,Ghodbunder Road (Thane West),19.268169,72.877139,Heavy Commercial / Truck,Highway,Minor,3,0,3,Distraction,Medium,Moderate,36.5,Rain,Low,1,4,0.95,1.0,UNIQUE,,-1,52.0
ACC-IND-012811,OPEN_ACCIDENT_DATASET,12811,2024-02-08,4:00,2024,2,Friday,Mumbai,Navi Mumbai Gateway,Sion Panvel Highway (Mankhurd - Vashi),18.960283,72.978132,Car / SUV,Rural,Fatal,1,1,2,Drunk Driving,Low,Moderate,36.5,Rain,Medium,1,2,0.95,1.0,UNIQUE,,-1,71.5
ACC-IND-012821,OPEN_ACCIDENT_DATASET,12821,2025-04-14,16:00,2025,4,Monday,Mumbai,Bandra West,Western Express Highway (Bandra - Santacruz),19.060412,72.845857,Two-Wheeler / Bike,Highway,Minor,1,0,1,Weather,High,High,36.5,Fog,Low,1,2,0.95,1.0,UNIQUE,,0,50.6
ACC-IND-012832,OPEN_ACCIDENT_DATASET,12832,2022-03-13,22:00,2022,3,Sunday,Mumbai,Navi Mumbai Gateway,Sion Panvel Highway (Mankhurd - Vashi),19.058856,72.968194,Two-Wheeler / Bike,Urban,Minor,1,0,1,Distraction,Medium,Moderate,36.5,Fog,Low,0,4,0.95,1.0,UNIQUE,,-1,52.0
ACC-IND-012834,OPEN_ACCIDENT_DATASET,12834,2023-10-30,4:00,2023,10,Monday,Mumbai,Western Suburbs,Western Express Highway (Kandivali - Goregaon),19.210522,72.857748,Heavy Commercial / Truck,Urban,Fatal,4,1,5,Overspeeding,Low,Moderate,36.5,Rain,Medium,1,5,0.95,1.0,UNIQUE,,-1,82.0
ACC-IND-012836,OPEN_ACCIDENT_DATASET,12836,2024-07-26,23:00,2024,7,Friday,Mumbai,Powai / Andheri East,Jogeshwari-Vikhroli Link Road (JVLR),19.127799,72.880643,Two-Wheeler / Bike,Urban,Minor,1,0,1,Distraction,Low,Moderate,36.5,Rain,Medium,1,1,0.95,1.0,UNIQUE,,8,35.5
ACC-IND-012843,OPEN_ACCIDENT_DATASET,12843,2023-03-22,4:00,2023,3,Wednesday,Mumbai,Western Suburbs,Western Express Highway (Kandivali - Goregaon),19.248096,72.810277,Car / SUV,Highway,Minor,2,0,2,Distraction,High,High,36.5,Rain,Low,1,3,0.95,1.0,UNIQUE,,-1,56.6
ACC-IND-012845,OPEN_ACCIDENT_DATASET,12845,2025-01-26,9:00,2025,1,Sunday,Mumbai,Bandra West,Western Express Highway (Bandra - Santacruz),19.075577,72.847308,Heavy Commercial / Truck,Rural,Fatal,3,1,4,Distraction,High,High,36.5,Clear,High,1,4,0.95,1.0,UNIQUE,,0,86.6
ACC-IND-012846,OPEN_ACCIDENT_DATASET,12846,2022-01-29,4:00,2022,1,Saturday,Mumbai,Eastern Suburbs,Eastern Express Highway (Vikhroli - Ghatkopar),19.094112,72.910293,Heavy Commercial / Truck,Urban,Minor,0,0,0,Drunk Driving,Low,Moderate,36.5,Rain,Medium,1,2,0.95,1.0,UNIQUE,,2,41.5
ACC-IND-012849,OPEN_ACCIDENT_DATASET,12849,2022-06-07,17:00,2022,6,Wednesday,Mumbai,Eastern Suburbs,Eastern Express Highway (Vikhroli - Ghatkopar),19.158655,72.961226,Two-Wheeler / Bike,Urban,Grievous/Major,1,0,1,Distraction,Medium,Moderate,36.5,Fog,Low,0,3,0.95,1.0,UNIQUE,,-1,58.0
ACC-IND-012872,OPEN_ACCIDENT_DATASET,12872,2022-12-13,19:00,2022,12,Tuesday,Mumbai,Powai / Andheri East,Jogeshwari-Vikhroli Link Road (JVLR),19.106771,72.870152,Two-Wheeler / Bike,Highway,Grievous/Major,1,0,1,Distraction,High,High,36.5,Rain,Low,1,2,0.95,1.0,UNIQUE,,18,61.1
ACC-IND-012881,OPEN_ACCIDENT_DATASET,12881,2023-06-28,3:00,2023,6,Wednesday,Mumbai,Lower Parel,Lower Parel Commercial Hub / Senapati Bapat Marg,18.993447,72.824983,Heavy Commercial / Truck,Urban,Fatal,4,1,5,Poor Road,Low,Moderate,36.5,Rain,Medium,1,5,0.95,1.0,UNIQUE,,3,82.0
ACC-IND-012892,OPEN_ACCIDENT_DATASET,12892,2022-08-07,12:00,2022,8,Friday,Mumbai,South Mumbai,Marine Drive Promenade / Netaji Subhash Road,18.943388,72.826822,Heavy Commercial / Truck,Highway,Fatal,4,1,5,Drunk Driving,High,High,36.5,Fog,Low,0,5,0.95,1.0,UNIQUE,,6,86.6
ACC-IND-012901,OPEN_ACCIDENT_DATASET,12901,2024-05-16,1:00,2024,5,Thursday,Mumbai,Thane West,Ghodbunder Road (Thane West),19.254277,72.981219,Two-Wheeler / Bike,Highway,Minor,1,0,1,Weather,Low,Moderate,36.5,Rain,Low,1,3,0.95,1.0,UNIQUE,,-1,52.0
ACC-IND-012910,OPEN_ACCIDENT_DATASET,12910,2022-02-08,3:00,2022,2,Tuesday,Mumbai,Eastern Suburbs,Eastern Express Highway (Vikhroli - Ghatkopar),19.133834,72.964628,Heavy Commercial / Truck,Highway,Minor,0,0,0,Overspeeding,Low,Moderate,36.5,Fog,Low,1,3,0.95,1.0,UNIQUE,,-1,52.0
ACC-IND-012928,OPEN_ACCIDENT_DATASET,12928,2022-04-05,14:00,2022,4,Wednesday,Mumbai,South Mumbai,Marine Drive Promenade / Netaji Subhash Road,18.959934,72.888442,Heavy Commercial / Truck,Rural,Grievous/Major,3,0,3,Distraction,High,High,36.5,Rain,Low,0,3,0.95,1.0,UNIQUE,,-1,62.6
ACC-IND-012929,OPEN_ACCIDENT_DATASET,12929,2022-11-13,3:00,2022,11,Sunday,Mumbai,Andheri West,Swami Vivekanand (SV) Road (Andheri West),19.127592,72.804404,Car / SUV,Urban,Minor,2,0,2,Distraction,Low,Moderate,36.5,Fog,Low,0,4,0.95,1.0,UNIQUE,,-1,52.0
ACC-IND-012933,OPEN_ACCIDENT_DATASET,12933,2024-02-16,19:00,2024,2,Friday,Mumbai,Thane West,Ghodbunder Road (Thane West),19.274266,72.882203,Two-Wheeler / Bike,Rural,Grievous/Major,1,0,1,Weather,High,High,36.5,Clear,High,0,2,0.95,1.0,UNIQUE,,-1,56.6
ACC-IND-012951,OPEN_ACCIDENT_DATASET,12951,2022-11-01,6:00,2022,11,Tuesday,Mumbai,South Mumbai,Marine Drive Promenade / Netaji Subhash Road,18.871608,72.972876,Heavy Commercial / Truck,Urban,Grievous/Major,2,1,3,Overspeeding,High,High,36.5,Fog,Low,0,3,0.95,1.0,UNIQUE,,-1,74.6
ACC-IND-012952,OPEN_ACCIDENT_DATASET,12952,2023-02-28,23:00,2023,2,Tuesday,Mumbai,Thane West,Ghodbunder Road (Thane West),19.239931,72.892205,Heavy Commercial / Truck,Highway,Grievous/Major,3,0,3,Overspeeding,High,High,36.5,Rain,Low,0,5,0.95,1.0,UNIQUE,,-1,67.1
ACC-IND-012968,OPEN_ACCIDENT_DATASET,12968,2024-11-01,21:00,2024,11,Thursday,Mumbai,Western Suburbs,Western Express Highway (Kandivali - Goregaon),19.272235,72.816307,Two-Wheeler / Bike,Rural,Fatal,0,1,1,Weather,High,High,36.5,Clear,High,0,1,0.95,1.0,UNIQUE,,-1,70.1
ACC-IND-012985,OPEN_ACCIDENT_DATASET,12985,2023-11-24,10:00,2023,11,Friday,Mumbai,South Mumbai,Marine Drive Promenade / Netaji Subhash Road,18.858559,72.945783,Heavy Commercial / Truck,Rural,Minor,3,0,3,Weather,High,High,36.5,Rain,Low,0,3,0.95,1.0,UNIQUE,,-1,52.1
ACC-IND-012989,OPEN_ACCIDENT_DATASET,12989,2022-03-31,12:00,2022,3,Thursday,Mumbai,Dadar Central,Dadar TT Circle / Dr. Ambedkar Road,19.040442,72.846075,Heavy Commercial / Truck,Urban,Minor,0,0,0,Drunk Driving,High,High,36.5,Rain,Low,0,4,0.95,1.0,UNIQUE,,0,56.6
ACC-IND-012996,OPEN_ACCIDENT_DATASET,12996,2023-10-08,0:00,2023,10,Thursday,Mumbai,South Mumbai,Marine Drive Promenade / Netaji Subhash Road,18.939541,72.816854,Car / SUV,Highway,Fatal,1,1,2,Drunk Driving,Low,Moderate,36.5,Fog,Low,1,2,0.95,1.0,UNIQUE,,6,76.0
ACC-IND-013000,OPEN_ACCIDENT_DATASET,13000,2024-07-22,3:00,2024,7,Monday,Mumbai,Western Suburbs,Western Express Highway (Kandivali - Goregaon),19.165683,72.85599,Two-Wheeler / Bike,Urban,Minor,1,0,1,Drunk Driving,Low,Moderate,36.5,Rain,Medium,0,3,0.95,1.0,UNIQUE,,11,47.5
ACC-IND-013020,OPEN_ACCIDENT_DATASET,13020,2025-01-30,23:00,2025,1,Thursday,Mumbai,Western Suburbs,Western Express Highway (Kandivali - Goregaon),19.281425,72.805939,Heavy Commercial / Truck,Highway,Minor,4,1,5,Weather,Medium,Moderate,36.5,Rain,Low,0,5,0.95,1.0,UNIQUE,,-1,64.0
ACC-IND-013024,OPEN_ACCIDENT_DATASET,13024,2022-07-03,6:00,2022,7,Monday,Mumbai,Navi Mumbai Gateway,Sion Panvel Highway (Mankhurd - Vashi),19.046182,72.996121,Heavy Commercial / Truck,Urban,Minor,0,0,0,Weather,Medium,Moderate,36.5,Rain,Low,0,4,0.95,1.0,UNIQUE,,-1,52.0
ACC-IND-013047,OPEN_ACCIDENT_DATASET,13047,2025-03-19,9:00,2025,3,Wednesday,Mumbai,Andheri West,Swami Vivekanand (SV) Road (Andheri West),19.112687,72.841056,Two-Wheeler / Bike,Highway,Grievous/Major,1,0,1,Overspeeding,High,High,36.5,Fog,Low,0,3,0.95,1.0,UNIQUE,,10,67.1
ACC-IND-013048,OPEN_ACCIDENT_DATASET,13048,2022-09-16,13:00,2022,9,Friday,Mumbai,Navi Mumbai Gateway,Sion Panvel Highway (Mankhurd - Vashi),18.980842,72.939925,Heavy Commercial / Truck,Rural,Grievous/Major,0,0,0,Distraction,Medium,Moderate,36.5,Rain,Low,0,3,0.95,1.0,UNIQUE,,-1,58.0
ACC-IND-013051,OPEN_ACCIDENT_DATASET,13051,2023-07-02,5:00,2023,7,Tuesday,Mumbai,South Mumbai,Marine Drive Promenade / Netaji Subhash Road,18.922334,72.904991,Two-Wheeler / Bike,Highway,Minor,1,0,1,Poor Road,High,High,36.5,Rain,Low,0,3,0.95,1.0,UNIQUE,,-1,56.6
ACC-IND-013057,OPEN_ACCIDENT_DATASET,13057,2024-06-04,13:00,2024,6,Saturday,Mumbai,Sion-Chembur,Eastern Express Highway (Sion - Chembur),19.054943,72.904033,Heavy Commercial / Truck,Urban,Minor,2,1,3,Weather,Medium,Moderate,36.5,Rain,Low,1,4,0.95,1.0,UNIQUE,,-1,64.0
ACC-IND-013086,OPEN_ACCIDENT_DATASET,13086,2024-06-09,13:00,2024,6,Friday,Mumbai,Andheri West,Swami Vivekanand (SV) Road (Andheri West),19.11397,72.842559,Car / SUV,Highway,Minor,2,0,2,Weather,High,High,36.5,Clear,High,1,3,0.95,1.0,UNIQUE,,10,56.6
ACC-IND-013106,OPEN_ACCIDENT_DATASET,13106,2024-01-10,0:00,2024,1,Tuesday,Mumbai,Sion-Chembur,Eastern Express Highway (Sion - Chembur),19.052861,72.902137,Heavy Commercial / Truck,Urban,Minor,0,0,0,Drunk Driving,Medium,Moderate,36.5,Fog,Low,0,1,0.95,1.0,UNIQUE,,5,35.5
ACC-IND-013110,OPEN_ACCIDENT_DATASET,13110,2022-05-06,14:00,2022,5,Sunday,Mumbai,Navi Mumbai Gateway,Sion Panvel Highway (Mankhurd - Vashi),18.946658,72.948144,Two-Wheeler / Bike,Rural,Minor,1,0,1,Weather,High,High,36.5,Rain,Low,1,1,0.95,1.0,UNIQUE,,-1,40.1
ACC-IND-013117,OPEN_ACCIDENT_DATASET,13117,2023-12-10,15:00,2023,12,Thursday,Mumbai,Western Suburbs,Western Express Highway (Kandivali - Goregaon),19.167593,72.860555,Car / SUV,Urban,Minor,2,0,2,Poor Road,Medium,Moderate,36.5,Fog,Low,0,4,0.95,1.0,UNIQUE,,11,52.0
ACC-IND-013138,OPEN_ACCIDENT_DATASET,13138,2022-05-08,12:00,2022,5,Friday,Mumbai,Powai / Andheri East,Jogeshwari-Vikhroli Link Road (JVLR),19.121712,72.877941,Car / SUV,Rural,Grievous/Major,2,0,2,Weather,Medium,Moderate,36.5,Rain,Low,1,5,0.95,1.0,UNIQUE,,8,62.5
ACC-IND-013148,OPEN_ACCIDENT_DATASET,13148,2024-10-31,0:00,2024,10,Thursday,Mumbai,Powai / Andheri East,Jogeshwari-Vikhroli Link Road (JVLR),19.128474,72.883933,Heavy Commercial / Truck,Urban,Grievous/Major,0,0,0,Poor Road,Medium,Moderate,36.5,Clear,High,1,5,0.95,1.0,UNIQUE,,8,62.5
ACC-IND-013149,OPEN_ACCIDENT_DATASET,13149,2022-02-26,17:00,2022,2,Saturday,Mumbai,Western Suburbs,Western Express Highway (Kandivali - Goregaon),19.295398,72.807004,Car / SUV,Urban,Minor,2,0,2,Drunk Driving,Low,Moderate,36.5,Clear,High,0,4,0.95,1.0,UNIQUE,,-1,52.0
ACC-IND-013154,OPEN_ACCIDENT_DATASET,13154,2024-07-25,1:00,2024,7,Thursday,Mumbai,Lower Parel,Lower Parel Commercial Hub / Senapati Bapat Marg,18.991693,72.825415,Heavy Commercial / Truck,Highway,Minor,0,0,0,Distraction,Low,Moderate,36.5,Rain,Low,1,1,0.95,1.0,UNIQUE,,3,40.0
ACC-IND-013162,OPEN_ACCIDENT_DATASET,13162,2025-01-14,10:00,2025,1,Tuesday,Mumbai,Kurla East,Santa Cruz-Chembur Link Road (SCLR),19.07633,72.877873,Two-Wheeler / Bike,Highway,Minor,1,0,1,Overspeeding,High,High,36.5,Rain,Medium,0,4,0.95,1.0,UNIQUE,,7,56.6
ACC-IND-013164,OPEN_ACCIDENT_DATASET,13164,2025-01-21,10:00,2025,1,Tuesday,Mumbai,Andheri West,Swami Vivekanand (SV) Road (Andheri West),19.117863,72.835865,Two-Wheeler / Bike,Urban,Minor,1,0,1,Weather,High,High,36.5,Fog,Low,0,3,0.95,1.0,UNIQUE,,10,52.1
ACC-IND-013173,OPEN_ACCIDENT_DATASET,13173,2023-12-18,18:00,2023,12,Monday,Mumbai,Navi Mumbai Gateway,Sion Panvel Highway (Mankhurd - Vashi),19.054853,72.93735,Heavy Commercial / Truck,Highway,Grievous/Major,2,1,3,Weather,High,High,36.5,Rain,Medium,0,3,0.95,1.0,UNIQUE,,4,79.1
ACC-IND-013185,OPEN_ACCIDENT_DATASET,13185,2024-06-10,18:00,2024,6,Sunday,Mumbai,Bandra West,Western Express Highway (Bandra - Santacruz),19.085795,72.797253,Two-Wheeler / Bike,Rural,Minor,1,0,1,Weather,Medium,Moderate,36.5,Rain,Medium,0,1,0.95,1.0,UNIQUE,,-1,35.5
ACC-IND-013188,OPEN_ACCIDENT_DATASET,13188,2022-09-24,1:00,2022,9,Saturday,Mumbai,South Mumbai,Marine Drive Promenade / Netaji Subhash Road,18.928859,72.845944,Car / SUV,Highway,Grievous/Major,2,0,2,Overspeeding,Low,Moderate,36.5,Rain,Medium,0,5,0.95,1.0,UNIQUE,,-1,62.5
ACC-IND-013190,OPEN_ACCIDENT_DATASET,13190,2024-11-28,12:00,2024,11,Thursday,Mumbai,Andheri West,Swami Vivekanand (SV) Road (Andheri West),19.116294,72.838878,Two-Wheeler / Bike,Rural,Minor,1,0,1,Overspeeding,Low,Moderate,36.5,Clear,High,1,1,0.95,1.0,UNIQUE,,10,35.5
ACC-IND-013204,OPEN_ACCIDENT_DATASET,13204,2025-04-15,14:00,2025,4,Tuesday,Mumbai,South Mumbai,Marine Drive Promenade / Netaji Subhash Road,18.86381,72.873207,Car / SUV,Rural,Minor,2,0,2,Weather,Medium,Moderate,36.5,Clear,High,0,2,0.95,1.0,UNIQUE,,14,41.5
ACC-IND-013222,OPEN_ACCIDENT_DATASET,13222,2024-09-20,10:00,2024,9,Friday,Mumbai,South Mumbai,Marine Drive Promenade / Netaji Subhash Road,18.882852,72.911154,Heavy Commercial / Truck,Rural,Fatal,4,1,5,Distraction,Medium,Moderate,36.5,Rain,Low,1,5,0.95,1.0,UNIQUE,,-1,82.0
ACC-IND-013230,OPEN_ACCIDENT_DATASET,13230,2022-03-24,17:00,2022,3,Thursday,Mumbai,Western Suburbs,Western Express Highway (Kandivali - Goregaon),19.161161,72.844085,Car / SUV,Rural,Fatal,1,1,2,Overspeeding,High,High,36.5,Fog,Low,0,2,0.95,1.0,UNIQUE,,11,76.1
ACC-IND-013246,OPEN_ACCIDENT_DATASET,13246,2023-04-26,3:00,2023,4,Wednesday,Mumbai,Thane West,Ghodbunder Road (Thane West),19.257915,72.960211,Heavy Commercial / Truck,Highway,Minor,0,0,0,Weather,Medium,Moderate,36.5,Clear,High,0,3,0.95,1.0,UNIQUE,,1,52.0
ACC-IND-013250,OPEN_ACCIDENT_DATASET,13250,2023-03-14,11:00,2023,3,Tuesday,Mumbai,Navi Mumbai Gateway,Sion Panvel Highway (Mankhurd - Vashi),18.98172,72.984854,Heavy Commercial / Truck,Urban,Grievous/Major,3,0,3,Distraction,High,High,36.5,Clear,High,1,4,0.95,1.0,UNIQUE,,-1,67.1
ACC-IND-013252,OPEN_ACCIDENT_DATASET,13252,2023-03-26,16:00,2023,3,Sunday,Mumbai,Western Suburbs,Western Express Highway (Kandivali - Goregaon),19.159226,72.871996,Heavy Commercial / Truck,Highway,Minor,0,0,0,Poor Road,Medium,Moderate,36.5,Fog,Low,0,2,0.95,1.0,UNIQUE,,-1,46.0
ACC-IND-013258,OPEN_ACCIDENT_DATASET,13258,2025-01-03,13:00,2025,1,Saturday,Mumbai,Navi Mumbai Gateway,Sion Panvel Highway (Mankhurd - Vashi),18.980305,72.936352,Heavy Commercial / Truck,Urban,Minor,0,0,0,Poor Road,Low,Moderate,36.5,Fog,Low,1,4,0.95,1.0,UNIQUE,,-1,52.0
ACC-IND-013259,OPEN_ACCIDENT_DATASET,13259,2024-05-06,13:00,2024,5,Wednesday,Mumbai,Thane West,Ghodbunder Road (Thane West),19.259657,72.970995,Heavy Commercial / Truck,Urban,Fatal,4,1,5,Distraction,Medium,Moderate,36.5,Clear,High,0,5,0.95,1.0,UNIQUE,,1,82.0
ACC-IND-013271,OPEN_ACCIDENT_DATASET,13271,2022-08-26,21:00,2022,8,Friday,Mumbai,Kurla / Ghatkopar,LBS Marg (Kurla - Ghatkopar),19.096342,72.867169,Heavy Commercial / Truck,Highway,Fatal,4,1,5,Overspeeding,Medium,Moderate,36.5,Fog,Low,1,5,0.95,1.0,UNIQUE,,18,82.0
ACC-IND-013278,OPEN_ACCIDENT_DATASET,13278,2023-08-10,15:00,2023,8,Sunday,Mumbai,Navi Mumbai Gateway,Sion Panvel Highway (Mankhurd - Vashi),18.952436,72.998742,Two-Wheeler / Bike,Highway,Grievous/Major,1,0,1,Overspeeding,High,High,36.5,Clear,High,1,2,0.95,1.0,UNIQUE,,-1,61.1
ACC-IND-013280,OPEN_ACCIDENT_DATASET,13280,2025-07-01,4:00,2025,7,Tuesday,Mumbai,Kurla / Ghatkopar,LBS Marg (Kurla - Ghatkopar),19.086336,72.887931,Heavy Commercial / Truck,Rural,Grievous/Major,0,0,0,Overspeeding,Low,Moderate,36.5,Clear,High,0,1,0.95,1.0,UNIQUE,,7,46.0
ACC-IND-013286,OPEN_ACCIDENT_DATASET,13286,2024-04-30,12:00,2024,4,Tuesday,Mumbai,Navi Mumbai Gateway,Sion Panvel Highway (Mankhurd - Vashi),19.040949,72.918788,Car / SUV,Rural,Minor,2,0,2,Drunk Driving,Medium,Moderate,36.5,Fog,Low,0,2,0.95,1.0,UNIQUE,,-1,41.5
ACC-IND-013309,OPEN_ACCIDENT_DATASET,13309,2022-12-09,7:00,2022,12,Monday,Mumbai,Thane West,Ghodbunder Road (Thane West),19.236727,72.920461,Car / SUV,Urban,Grievous/Major,2,0,2,Drunk Driving,High,High,36.5,Fog,Low,1,2,0.95,1.0,UNIQUE,,-1,56.6
ACC-IND-013317,OPEN_ACCIDENT_DATASET,13317,2022-10-16,10:00,2022,10,Sunday,Mumbai,Thane West,Ghodbunder Road (Thane West),19.23593,72.975866,Two-Wheeler / Bike,Highway,Minor,1,0,1,Drunk Driving,Medium,Moderate,36.5,Fog,Low,1,1,0.95,1.0,UNIQUE,,-1,40.0
ACC-IND-013318,OPEN_ACCIDENT_DATASET,13318,2023-01-21,20:00,2023,1,Saturday,Mumbai,Sion-Chembur,Eastern Express Highway (Sion - Chembur),18.974941,72.924228,Two-Wheeler / Bike,Highway,Minor,1,0,1,Overspeeding,Medium,Moderate,36.5,Clear,High,1,3,0.95,1.0,UNIQUE,,-1,52.0
ACC-IND-013340,OPEN_ACCIDENT_DATASET,13340,2022-08-09,17:00,2022,8,Thursday,Mumbai,Eastern Suburbs,Eastern Express Highway (Vikhroli - Ghatkopar),19.103392,72.910832,Heavy Commercial / Truck,Rural,Grievous/Major,0,0,0,Weather,High,High,36.5,Rain,Medium,0,5,0.95,1.0,UNIQUE,,2,67.1
ACC-IND-013344,OPEN_ACCIDENT_DATASET,13344,2022-01-06,7:00,2022,1,Wednesday,Mumbai,Kurla East,Santa Cruz-Chembur Link Road (SCLR),19.073429,72.883724,Two-Wheeler / Bike,Urban,Grievous/Major,1,0,1,Overspeeding,Low,Moderate,36.5,Rain,Low,1,1,0.95,1.0,UNIQUE,,7,46.0
ACC-IND-013375,OPEN_ACCIDENT_DATASET,13375,2024-10-10,10:00,2024,10,Thursday,Mumbai,Navi Mumbai Gateway,Sion Panvel Highway (Mankhurd - Vashi),19.067957,72.995966,Car / SUV,Highway,Minor,2,0,2,Poor Road,High,High,36.5,Rain,Medium,0,4,0.95,1.0,UNIQUE,,-1,56.6
ACC-IND-013421,OPEN_ACCIDENT_DATASET,13421,2022-06-03,3:00,2022,6,Sunday,Mumbai,Powai / Andheri East,Jogeshwari-Vikhroli Link Road (JVLR),19.132523,72.885873,Two-Wheeler / Bike,Rural,Grievous/Major,1,0,1,Poor Road,Low,Moderate,36.5,Clear,High,0,2,0.95,1.0,UNIQUE,,8,52.0
ACC-IND-013425,OPEN_ACCIDENT_DATASET,13425,2024-05-26,5:00,2024,5,Sunday,Mumbai,Eastern Suburbs,Eastern Express Highway (Vikhroli - Ghatkopar),19.119136,72.911485,Two-Wheeler / Bike,Urban,Minor,1,0,1,Poor Road,Low,Moderate,36.5,Fog,Low,0,1,0.95,1.0,UNIQUE,,-1,35.5
ACC-IND-013428,OPEN_ACCIDENT_DATASET,13428,2022-04-04,22:00,2022,4,Monday,Mumbai,Navi Mumbai Gateway,Sion Panvel Highway (Mankhurd - Vashi),18.944077,72.99222,Two-Wheeler / Bike,Highway,Grievous/Major,1,0,1,Weather,Low,Moderate,36.5,Fog,Low,0,5,0.95,1.0,UNIQUE,,-1,62.5
ACC-IND-013429,OPEN_ACCIDENT_DATASET,13429,2023-01-28,3:00,2023,1,Saturday,Mumbai,Western Suburbs,Western Express Highway (Kandivali - Goregaon),19.16519,72.853758,Heavy Commercial / Truck,Urban,Grievous/Major,4,0,4,Overspeeding,Low,Moderate,36.5,Fog,Low,1,4,0.95,1.0,UNIQUE,,11,62.5
ACC-IND-013430,OPEN_ACCIDENT_DATASET,13430,2023-12-18,5:00,2023,12,Monday,Mumbai,Bandra West,Western Express Highway (Bandra - Santacruz),19.068523,72.844006,Heavy Commercial / Truck,Rural,Fatal,4,1,5,Weather,Medium,Moderate,36.5,Clear,High,0,5,0.95,1.0,UNIQUE,,0,82.0
ACC-IND-013436,OPEN_ACCIDENT_DATASET,13436,2025-03-21,2:00,2025,3,Friday,Mumbai,Kurla / Ghatkopar,LBS Marg (Kurla - Ghatkopar),19.081487,72.887317,Two-Wheeler / Bike,Rural,Minor,1,0,1,Distraction,Low,Moderate,36.5,Fog,Low,1,1,0.95,1.0,UNIQUE,,7,35.5
ACC-IND-013448,OPEN_ACCIDENT_DATASET,13448,2024-09-06,23:00,2024,9,Sunday,Mumbai,Kurla East,Santa Cruz-Chembur Link Road (SCLR),19.066592,72.878681,Heavy Commercial / Truck,Rural,Grievous/Major,0,0,0,Overspeeding,Low,Moderate,36.5,Fog,Low,0,5,0.95,1.0,UNIQUE,,7,62.5
ACC-IND-013452,OPEN_ACCIDENT_DATASET,13452,2024-05-28,16:00,2024,5,Tuesday,Mumbai,Eastern Suburbs,Eastern Express Highway (Vikhroli - Ghatkopar),19.11727,72.965853,Two-Wheeler / Bike,Highway,Minor,1,0,1,Overspeeding,Medium,Moderate,36.5,Clear,High,1,1,0.95,1.0,UNIQUE,,-1,40.0
ACC-IND-013457,OPEN_ACCIDENT_DATASET,13457,2023-03-23,6:00,2023,3,Thursday,Mumbai,Eastern Suburbs,Eastern Express Highway (Vikhroli - Ghatkopar),19.097727,72.911847,Heavy Commercial / Truck,Urban,Minor,0,0,0,Poor Road,High,High,36.5,Clear,High,1,1,0.95,1.0,UNIQUE,,2,40.1
ACC-IND-013476,OPEN_ACCIDENT_DATASET,13476,2024-10-10,13:00,2024,10,Thursday,Mumbai,Andheri West,Swami Vivekanand (SV) Road (Andheri West),19.115515,72.840091,Car / SUV,Urban,Minor,2,0,2,Overspeeding,Medium,Moderate,36.5,Rain,Low,0,2,0.95,1.0,UNIQUE,,10,41.5
ACC-IND-013480,OPEN_ACCIDENT_DATASET,13480,2024-09-20,3:00,2024,9,Friday,Mumbai,Sion-Chembur,Eastern Express Highway (Sion - Chembur),18.959162,72.91719,Two-Wheeler / Bike,Highway,Fatal,0,1,1,Weather,Low,Moderate,36.5,Fog,Low,1,1,0.95,1.0,UNIQUE,,-1,70.0
ACC-IND-013481,OPEN_ACCIDENT_DATASET,13481,2024-12-17,8:00,2024,12,Tuesday,Mumbai,Lower Parel,Lower Parel Commercial Hub / Senapati Bapat Marg,19.004287,72.835729,Two-Wheeler / Bike,Urban,Minor,1,0,1,Weather,High,High,36.5,Fog,Low,0,1,0.95,1.0,UNIQUE,,3,40.1
ACC-IND-013482,OPEN_ACCIDENT_DATASET,13482,2024-09-16,17:00,2024,9,Monday,Mumbai,South Mumbai,Marine Drive Promenade / Netaji Subhash Road,18.891978,72.892489,Heavy Commercial / Truck,Rural,Minor,4,0,4,Weather,High,High,36.5,Clear,High,0,5,0.95,1.0,UNIQUE,,-1,56.6
ACC-IND-013484,OPEN_ACCIDENT_DATASET,13484,2024-05-31,2:00,2024,5,Friday,Mumbai,Sion-Chembur,Eastern Express Highway (Sion - Chembur),19.046608,72.8899,Car / SUV,Urban,Fatal,1,1,2,Drunk Driving,Low,Moderate,36.5,Rain,Low,0,2,0.95,1.0,UNIQUE,,5,71.5
ACC-IND-013493,OPEN_ACCIDENT_DATASET,13493,2022-05-04,12:00,2022,5,Tuesday,Mumbai,Western Suburbs,Western Express Highway (Kandivali - Goregaon),19.255232,72.822173,Car / SUV,Rural,Grievous/Major,2,0,2,Overspeeding,Low,Moderate,36.5,Clear,High,1,3,0.95,1.0,UNIQUE,,-1,58.0
ACC-IND-013495,OPEN_ACCIDENT_DATASET,13495,2024-02-05,7:00,2024,2,Thursday,Mumbai,Bandra West,Western Express Highway (Bandra - Santacruz),19.069928,72.838705,Heavy Commercial / Truck,Rural,Fatal,4,1,5,Drunk Driving,Low,Moderate,36.5,Clear,High,0,5,0.95,1.0,UNIQUE,,0,82.0
ACC-IND-013501,OPEN_ACCIDENT_DATASET,13501,2024-05-10,0:00,2024,5,Saturday,Mumbai,Navi Mumbai Gateway,Sion Panvel Highway (Mankhurd - Vashi),18.94214,72.985056,Car / SUV,Urban,Grievous/Major,2,0,2,Drunk Driving,Medium,Moderate,36.5,Rain,Low,0,2,0.95,1.0,UNIQUE,,-1,52.0
ACC-IND-013529,OPEN_ACCIDENT_DATASET,13529,2024-05-23,1:00,2024,5,Thursday,Mumbai,Thane West,Ghodbunder Road (Thane West),19.276355,72.859827,Car / SUV,Highway,Minor,2,0,2,Drunk Driving,Medium,Moderate,36.5,Clear,High,1,4,0.95,1.0,UNIQUE,,-1,52.0
ACC-IND-013536,OPEN_ACCIDENT_DATASET,13536,2024-02-29,15:00,2024,2,Thursday,Mumbai,Sion-Chembur,Eastern Express Highway (Sion - Chembur),19.046892,72.887484,Heavy Commercial / Truck,Urban,Minor,3,0,3,Distraction,High,High,36.5,Fog,Low,0,5,0.95,1.0,UNIQUE,,5,56.6
ACC-IND-013538,OPEN_ACCIDENT_DATASET,13538,2024-10-20,12:00,2024,10,Sunday,Mumbai,Powai / Andheri East,Jogeshwari-Vikhroli Link Road (JVLR),19.125928,72.884325,Heavy Commercial / Truck,Rural,Fatal,2,1,3,Poor Road,Low,Moderate,36.5,Fog,Low,0,3,0.95,1.0,UNIQUE,,8,77.5
ACC-IND-013562,OPEN_ACCIDENT_DATASET,13562,2022-09-04,19:00,2022,9,Saturday,Mumbai,Sion-Chembur,Eastern Express Highway (Sion - Chembur),19.050716,72.889726,Heavy Commercial / Truck,Urban,Grievous/Major,0,0,0,Distraction,Medium,Moderate,36.5,Rain,Low,1,1,0.95,1.0,UNIQUE,,5,46.0
ACC-IND-013570,OPEN_ACCIDENT_DATASET,13570,2023-07-27,20:00,2023,7,Thursday,Mumbai,Lower Parel,Lower Parel Commercial Hub / Senapati Bapat Marg,18.997186,72.829773,Heavy Commercial / Truck,Urban,Grievous/Major,2,1,3,Overspeeding,Low,Moderate,36.5,Fog,Low,1,5,0.95,1.0,UNIQUE,,3,74.5
ACC-IND-013590,OPEN_ACCIDENT_DATASET,13590,2023-07-12,7:00,2023,7,Thursday,Mumbai,Navi Mumbai Gateway,Sion Panvel Highway (Mankhurd - Vashi),19.09905,72.986923,Car / SUV,Rural,Grievous/Major,2,0,2,Overspeeding,High,High,36.5,Clear,High,1,4,0.95,1.0,UNIQUE,,-1,67.1
ACC-IND-013597,OPEN_ACCIDENT_DATASET,13597,2025-03-26,12:00,2025,3,Wednesday,Mumbai,Thane West,Ghodbunder Road (Thane West),19.258098,72.990446,Car / SUV,Highway,Minor,2,0,2,Poor Road,High,High,36.5,Fog,Low,1,3,0.95,1.0,UNIQUE,,-1,56.6
ACC-IND-013602,OPEN_ACCIDENT_DATASET,13602,2024-08-12,19:00,2024,8,Sunday,Mumbai,Western Suburbs,Western Express Highway (Kandivali - Goregaon),19.242429,72.803996,Heavy Commercial / Truck,Highway,Grievous/Major,0,0,0,Distraction,Medium,Moderate,36.5,Clear,High,1,2,0.95,1.0,UNIQUE,,15,56.5
ACC-IND-013606,OPEN_ACCIDENT_DATASET,13606,2023-03-18,18:00,2023,3,Saturday,Mumbai,Powai / Andheri East,Jogeshwari-Vikhroli Link Road (JVLR),19.167225,72.933596,Two-Wheeler / Bike,Urban,Minor,1,0,1,Drunk Driving,High,High,36.5,Clear,High,1,2,0.95,1.0,UNIQUE,,-1,46.1
ACC-IND-013609,OPEN_ACCIDENT_DATASET,13609,2024-05-22,19:00,2024,5,Wednesday,Mumbai,Andheri West,Swami Vivekanand (SV) Road (Andheri West),19.128123,72.796911,Heavy Commercial / Truck,Highway,Fatal,4,1,5,Poor Road,High,High,36.5,Fog,Low,0,5,0.95,1.0,UNIQUE,,-1,86.6
ACC-IND-013628,OPEN_ACCIDENT_DATASET,13628,2024-07-19,1:00,2024,7,Friday,Mumbai,Navi Mumbai Gateway,Sion Panvel Highway (Mankhurd - Vashi),19.051677,72.937923,Car / SUV,Rural,Grievous/Major,2,0,2,Distraction,Low,Moderate,36.5,Clear,High,1,4,0.95,1.0,UNIQUE,,4,62.5
ACC-IND-013636,OPEN_ACCIDENT_DATASET,13636,2025-10-04,11:00,2025,10,Thursday,Mumbai,Dadar Central,Dadar TT Circle / Dr. Ambedkar Road,19.010531,72.834823,Car / SUV,Urban,Minor,2,0,2,Overspeeding,High,High,36.5,Clear,High,1,3,0.95,1.0,UNIQUE,,3,52.1
ACC-IND-013638,OPEN_ACCIDENT_DATASET,13638,2022-12-28,8:00,2022,12,Wednesday,Mumbai,Bandra West,Western Express Highway (Bandra - Santacruz),19.067748,72.845216,Two-Wheeler / Bike,Rural,Grievous/Major,1,0,1,Poor Road,High,High,36.5,Clear,High,0,1,0.95,1.0,UNIQUE,,0,50.6
ACC-IND-013653,OPEN_ACCIDENT_DATASET,13653,2024-01-13,18:00,2024,1,Saturday,Mumbai,South Mumbai,Marine Drive Promenade / Netaji Subhash Road,18.928704,72.841711,Car / SUV,Urban,Minor,2,0,2,Weather,Low,Moderate,36.5,Fog,Low,1,2,0.95,1.0,UNIQUE,,-1,41.5
ACC-IND-013658,OPEN_ACCIDENT_DATASET,13658,2024-03-27,7:00,2024,3,Wednesday,Mumbai,Western Suburbs,Western Express Highway (Kandivali - Goregaon),19.249351,72.814526,Heavy Commercial / Truck,Urban,Minor,3,1,4,Poor Road,Low,Moderate,36.5,Fog,Low,1,5,0.95,1.0,UNIQUE,,-1,64.0
ACC-IND-013659,OPEN_ACCIDENT_DATASET,13659,2025-01-14,4:00,2025,1,Tuesday,Mumbai,Thane West,Ghodbunder Road (Thane West),19.29365,72.889846,Heavy Commercial / Truck,Rural,Fatal,4,1,5,Drunk Driving,Low,Moderate,36.5,Fog,Low,0,5,0.95,1.0,UNIQUE,,-1,82.0
ACC-IND-013661,OPEN_ACCIDENT_DATASET,13661,2022-05-11,17:00,2022,5,Saturday,Mumbai,Thane West,Ghodbunder Road (Thane West),19.235729,72.951098,Two-Wheeler / Bike,Urban,Minor,1,0,1,Drunk Driving,Low,Moderate,36.5,Clear,High,1,4,0.95,1.0,UNIQUE,,-1,52.0
ACC-IND-013668,OPEN_ACCIDENT_DATASET,13668,2024-04-12,2:00,2024,4,Wednesday,Mumbai,South Mumbai,Marine Drive Promenade / Netaji Subhash Road,18.92896,72.867818,Heavy Commercial / Truck,Rural,Minor,4,1,5,Distraction,Low,Moderate,36.5,Fog,Low,1,5,0.95,1.0,UNIQUE,,-1,64.0
ACC-IND-013669,OPEN_ACCIDENT_DATASET,13669,2024-01-15,13:00,2024,1,Monday,Mumbai,Thane West,Ghodbunder Road (Thane West),19.257705,72.904127,Car / SUV,Rural,Minor,2,0,2,Overspeeding,High,High,36.5,Clear,High,1,2,0.95,1.0,UNIQUE,,-1,46.1
ACC-IND-013693,OPEN_ACCIDENT_DATASET,13693,2024-10-01,11:00,2024,10,Wednesday,Mumbai,Powai / Andheri East,Jogeshwari-Vikhroli Link Road (JVLR),19.127952,72.88604,Two-Wheeler / Bike,Urban,Fatal,0,1,1,Drunk Driving,High,High,36.5,Clear,High,1,1,0.95,1.0,UNIQUE,,8,70.1
ACC-IND-013695,OPEN_ACCIDENT_DATASET,13695,2023-02-20,20:00,2023,2,Monday,Mumbai,Western Suburbs,Western Express Highway (Kandivali - Goregaon),19.292952,72.822273,Car / SUV,Urban,Fatal,1,1,2,Weather,High,High,36.5,Fog,Low,1,2,0.95,1.0,UNIQUE,,-1,76.1
ACC-IND-013703,OPEN_ACCIDENT_DATASET,13703,2024-10-26,23:00,2024,10,Saturday,Mumbai,Bandra West,Western Express Highway (Bandra - Santacruz),19.069934,72.843463,Heavy Commercial / Truck,Rural,Grievous/Major,2,1,3,Distraction,High,High,36.5,Clear,High,0,5,0.95,1.0,UNIQUE,,0,79.1
ACC-IND-013709,OPEN_ACCIDENT_DATASET,13709,2024-06-09,19:00,2024,6,Friday,Mumbai,Kurla / Ghatkopar,LBS Marg (Kurla - Ghatkopar),19.077473,72.889875,Two-Wheeler / Bike,Highway,Grievous/Major,1,0,1,Drunk Driving,High,High,36.5,Rain,Low,1,2,0.95,1.0,UNIQUE,,7,61.1
ACC-IND-013718,OPEN_ACCIDENT_DATASET,13718,2023-09-02,7:00,2023,9,Thursday,Mumbai,Lower Parel,Lower Parel Commercial Hub / Senapati Bapat Marg,19.014002,72.821403,Heavy Commercial / Truck,Rural,Minor,0,0,0,Overspeeding,Low,Moderate,36.5,Rain,Medium,1,5,0.95,1.0,UNIQUE,,-1,52.0
ACC-IND-013722,OPEN_ACCIDENT_DATASET,13722,2022-04-09,0:00,2022,4,Sunday,Mumbai,Navi Mumbai Gateway,Sion Panvel Highway (Mankhurd - Vashi),18.999516,72.999248,Two-Wheeler / Bike,Rural,Minor,1,0,1,Overspeeding,Medium,Moderate,36.5,Clear,High,1,5,0.95,1.0,UNIQUE,,-1,52.0
ACC-IND-013723,OPEN_ACCIDENT_DATASET,13723,2024-02-11,3:00,2024,2,Saturday,Mumbai,Thane West,Ghodbunder Road (Thane West),19.288748,72.902301,Car / SUV,Highway,Minor,2,0,2,Weather,Low,Moderate,36.5,Fog,Low,1,5,0.95,1.0,UNIQUE,,-1,52.0
ACC-IND-013731,OPEN_ACCIDENT_DATASET,13731,2024-01-25,15:00,2024,1,Thursday,Mumbai,Kurla / Ghatkopar,LBS Marg (Kurla - Ghatkopar),19.068805,72.904734,Heavy Commercial / Truck,Urban,Minor,0,0,0,Poor Road,Low,Moderate,36.5,Fog,Low,1,2,0.95,1.0,UNIQUE,,-1,41.5
ACC-IND-013734,OPEN_ACCIDENT_DATASET,13734,2023-03-26,3:00,2023,3,Sunday,Mumbai,Navi Mumbai Gateway,Sion Panvel Highway (Mankhurd - Vashi),19.042368,72.943337,Heavy Commercial / Truck,Rural,Grievous/Major,3,1,4,Weather,High,High,36.5,Fog,Low,1,5,0.95,1.0,UNIQUE,,4,79.1
ACC-IND-013735,OPEN_ACCIDENT_DATASET,13735,2023-02-21,23:00,2023,2,Tuesday,Mumbai,South Mumbai,Marine Drive Promenade / Netaji Subhash Road,18.894966,72.965677,Car / SUV,Rural,Grievous/Major,2,0,2,Overspeeding,High,High,36.5,Clear,High,1,2,0.95,1.0,UNIQUE,,-1,56.6
ACC-IND-013737,OPEN_ACCIDENT_DATASET,13737,2024-09-13,18:00,2024,9,Friday,Mumbai,South Mumbai,Marine Drive Promenade / Netaji Subhash Road,18.941882,72.821523,Two-Wheeler / Bike,Rural,Grievous/Major,1,0,1,Weather,High,High,36.5,Fog,Low,0,5,0.95,1.0,UNIQUE,,6,67.1
ACC-IND-013748,OPEN_ACCIDENT_DATASET,13748,2024-12-11,1:00,2024,12,Tuesday,Mumbai,Powai / Andheri East,Jogeshwari-Vikhroli Link Road (JVLR),19.15589,72.902933,Heavy Commercial / Truck,Rural,Minor,0,0,0,Drunk Driving,Low,Moderate,36.5,Fog,Low,1,2,0.95,1.0,UNIQUE,,-1,41.5
ACC-IND-013767,OPEN_ACCIDENT_DATASET,13767,2022-08-28,5:00,2022,8,Sunday,Mumbai,Kurla / Ghatkopar,LBS Marg (Kurla - Ghatkopar),19.074105,72.908916,Heavy Commercial / Truck,Highway,Grievous/Major,3,0,3,Overspeeding,Low,Moderate,36.5,Fog,Low,0,4,0.95,1.0,UNIQUE,,-1,62.5
ACC-IND-013769,OPEN_ACCIDENT_DATASET,13769,2022-06-18,12:00,2022,6,Saturday,Mumbai,Eastern Suburbs,Eastern Express Highway (Vikhroli - Ghatkopar),19.096348,72.9171,Two-Wheeler / Bike,Rural,Minor,1,0,1,Drunk Driving,Medium,Moderate,36.5,Rain,Medium,1,4,0.95,1.0,UNIQUE,,2,52.0
ACC-IND-013776,OPEN_ACCIDENT_DATASET,13776,2024-04-07,20:00,2024,4,Thursday,Mumbai,South Mumbai,Marine Drive Promenade / Netaji Subhash Road,18.942996,72.820313,Two-Wheeler / Bike,Urban,Minor,1,0,1,Distraction,High,High,36.5,Fog,Low,1,5,0.95,1.0,UNIQUE,,6,56.6
ACC-IND-013787,OPEN_ACCIDENT_DATASET,13787,2022-06-01,2:00,2022,6,Thursday,Mumbai,Kurla / Ghatkopar,LBS Marg (Kurla - Ghatkopar),19.079533,72.887106,Car / SUV,Rural,Grievous/Major,2,0,2,Weather,Low,Moderate,36.5,Clear,High,1,5,0.95,1.0,UNIQUE,,7,62.5
ACC-IND-013798,OPEN_ACCIDENT_DATASET,13798,2024-06-11,9:00,2024,6,Wednesday,Mumbai,Western Suburbs,Western Express Highway (Kandivali - Goregaon),19.159579,72.883274,Heavy Commercial / Truck,Highway,Grievous/Major,3,0,3,Drunk Driving,High,High,36.5,Clear,High,0,3,0.95,1.0,UNIQUE,,-1,67.1
ACC-IND-013801,OPEN_ACCIDENT_DATASET,13801,2022-12-04,0:00,2022,12,Tuesday,Mumbai,Andheri West,Swami Vivekanand (SV) Road (Andheri West),19.115587,72.841644,Heavy Commercial / Truck,Urban,Minor,0,0,0,Overspeeding,Low,Moderate,36.5,Clear,High,0,4,0.95,1.0,UNIQUE,,10,52.0
ACC-IND-013816,OPEN_ACCIDENT_DATASET,13816,2024-12-01,6:00,2024,12,Friday,Mumbai,Dadar Central,Dadar TT Circle / Dr. Ambedkar Road,19.017526,72.848037,Heavy Commercial / Truck,Highway,Minor,2,1,3,Overspeeding,High,High,36.5,Clear,High,1,5,0.95,1.0,UNIQUE,,3,68.6
ACC-IND-013839,OPEN_ACCIDENT_DATASET,13839,2022-12-14,2:00,2022,12,Wednesday,Mumbai,Kurla / Ghatkopar,LBS Marg (Kurla - Ghatkopar),19.080077,72.883863,Heavy Commercial / Truck,Urban,Minor,0,0,0,Distraction,Low,Moderate,36.5,Rain,Low,0,1,0.95,1.0,UNIQUE,,7,35.5
ACC-IND-013846,OPEN_ACCIDENT_DATASET,13846,2022-10-19,9:00,2022,10,Wednesday,Mumbai,Lower Parel,Lower Parel Commercial Hub / Senapati Bapat Marg,18.991833,72.813291,Heavy Commercial / Truck,Highway,Minor,0,0,0,Drunk Driving,High,High,36.5,Fog,Low,1,5,0.95,1.0,UNIQUE,,3,56.6
ACC-IND-013869,OPEN_ACCIDENT_DATASET,13869,2023-05-19,6:00,2023,5,Friday,Mumbai,South Mumbai,Marine Drive Promenade / Netaji Subhash Road,18.897521,72.874385,Two-Wheeler / Bike,Highway,Minor,1,0,1,Weather,Low,Moderate,36.5,Clear,High,0,2,0.95,1.0,UNIQUE,,-1,46.0
ACC-IND-013873,OPEN_ACCIDENT_DATASET,13873,2023-03-24,2:00,2023,3,Friday,Mumbai,Dadar Central,Dadar TT Circle / Dr. Ambedkar Road,19.018849,72.856349,Heavy Commercial / Truck,Rural,Minor,4,1,5,Weather,Low,Moderate,36.5,Rain,Low,1,5,0.95,1.0,UNIQUE,,3,64.0
ACC-IND-013882,OPEN_ACCIDENT_DATASET,13882,2023-11-27,19:00,2023,11,Monday,Mumbai,South Mumbai,Marine Drive Promenade / Netaji Subhash Road,18.864587,72.933218,Heavy Commercial / Truck,Highway,Minor,0,0,0,Distraction,High,High,36.5,Fog,Low,1,1,0.95,1.0,UNIQUE,,-1,44.6
ACC-IND-013888,OPEN_ACCIDENT_DATASET,13888,2024-11-05,14:00,2024,11,Saturday,Mumbai,Navi Mumbai Gateway,Sion Panvel Highway (Mankhurd - Vashi),19.057634,72.93825,Two-Wheeler / Bike,Highway,Minor,1,0,1,Distraction,High,High,36.5,Rain,Medium,1,3,0.95,1.0,UNIQUE,,4,56.6
ACC-IND-013918,OPEN_ACCIDENT_DATASET,13918,2022-01-23,12:00,2022,1,Sunday,Mumbai,Powai / Andheri East,Jogeshwari-Vikhroli Link Road (JVLR),19.166684,72.912766,Two-Wheeler / Bike,Rural,Grievous/Major,1,0,1,Weather,High,High,36.5,Clear,High,0,1,0.95,1.0,UNIQUE,,-1,50.6
ACC-IND-013921,OPEN_ACCIDENT_DATASET,13921,2022-04-09,10:00,2022,4,Sunday,Mumbai,Thane West,Ghodbunder Road (Thane West),19.186351,72.997583,Heavy Commercial / Truck,Urban,Minor,3,0,3,Weather,High,High,36.5,Rain,Low,0,4,0.95,1.0,UNIQUE,,-1,56.6
ACC-IND-013926,OPEN_ACCIDENT_DATASET,13926,2024-10-27,17:00,2024,10,Sunday,Mumbai,Sion-Chembur,Eastern Express Highway (Sion - Chembur),19.045367,72.894539,Heavy Commercial / Truck,Highway,Minor,3,0,3,Drunk Driving,Medium,Moderate,36.5,Clear,High,0,3,0.95,1.0,UNIQUE,,5,52.0
ACC-IND-013927,OPEN_ACCIDENT_DATASET,13927,2022-05-26,22:00,2022,5,Thursday,Mumbai,Western Suburbs,Western Express Highway (Kandivali - Goregaon),19.182932,72.77532,Two-Wheeler / Bike,Highway,Grievous/Major,1,0,1,Drunk Driving,Low,Moderate,36.5,Clear,High,0,4,0.95,1.0,UNIQUE,,-1,62.5
ACC-IND-013935,OPEN_ACCIDENT_DATASET,13935,2022-04-27,2:00,2022,4,Wednesday,Mumbai,Thane West,Ghodbunder Road (Thane West),19.261512,72.968415,Two-Wheeler / Bike,Rural,Grievous/Major,1,0,1,Drunk Driving,Medium,Moderate,36.5,Clear,High,0,1,0.95,1.0,UNIQUE,,1,46.0
ACC-IND-013936,OPEN_ACCIDENT_DATASET,13936,2023-01-20,19:00,2023,1,Friday,Mumbai,Thane West,Ghodbunder Road (Thane West),19.191169,72.932331,Heavy Commercial / Truck,Highway,Minor,3,0,3,Weather,High,High,36.5,Fog,Low,1,4,0.95,1.0,UNIQUE,,-1,56.6
ACC-IND-013939,OPEN_ACCIDENT_DATASET,13939,2023-12-12,11:00,2023,12,Tuesday,Mumbai,South Mumbai,Marine Drive Promenade / Netaji Subhash Road,18.912478,72.916279,Car / SUV,Urban,Minor,2,0,2,Overspeeding,High,High,36.5,Rain,Medium,1,3,0.95,1.0,UNIQUE,,-1,52.1
ACC-IND-013942,OPEN_ACCIDENT_DATASET,13942,2022-09-24,23:00,2022,9,Saturday,Mumbai,Kurla East,Santa Cruz-Chembur Link Road (SCLR),19.073602,72.878064,Heavy Commercial / Truck,Rural,Minor,3,0,3,Overspeeding,High,High,36.5,Fog,Low,0,3,0.95,1.0,UNIQUE,,7,52.1
ACC-IND-013950,OPEN_ACCIDENT_DATASET,13950,2024-06-22,19:00,2024,6,Saturday,Mumbai,Andheri West,Swami Vivekanand (SV) Road (Andheri West),19.096576,72.854168,Two-Wheeler / Bike,Highway,Grievous/Major,1,0,1,Drunk Driving,High,High,36.5,Clear,High,0,1,0.95,1.0,UNIQUE,,-1,55.1
ACC-IND-013951,OPEN_ACCIDENT_DATASET,13951,2023-12-18,12:00,2023,12,Monday,Mumbai,Eastern Suburbs,Eastern Express Highway (Vikhroli - Ghatkopar),19.096259,72.917632,Car / SUV,Rural,Fatal,1,1,2,Weather,Low,Moderate,36.5,Rain,Medium,0,2,0.95,1.0,UNIQUE,,2,71.5
ACC-IND-013980,OPEN_ACCIDENT_DATASET,13980,2022-10-16,23:00,2022,10,Sunday,Mumbai,Western Suburbs,Western Express Highway (Kandivali - Goregaon),19.172533,72.773931,Heavy Commercial / Truck,Rural,Minor,4,0,4,Drunk Driving,High,High,36.5,Rain,Medium,1,4,0.95,1.0,UNIQUE,,-1,56.6
ACC-IND-013982,OPEN_ACCIDENT_DATASET,13982,2024-03-31,9:00,2024,3,Sunday,Mumbai,Kurla East,Santa Cruz-Chembur Link Road (SCLR),19.064766,72.873877,Heavy Commercial / Truck,Rural,Minor,3,0,3,Weather,Medium,Moderate,36.5,Clear,High,0,3,0.95,1.0,UNIQUE,,7,47.5
ACC-IND-013991,OPEN_ACCIDENT_DATASET,13991,2024-07-08,5:00,2024,7,Wednesday,Mumbai,Thane West,Ghodbunder Road (Thane West),19.231665,72.998546,Two-Wheeler / Bike,Rural,Grievous/Major,1,0,1,Poor Road,Medium,Moderate,36.5,Rain,Low,1,2,0.95,1.0,UNIQUE,,20,52.0
ACC-IND-013998,OPEN_ACCIDENT_DATASET,13998,2023-02-18,21:00,2023,2,Saturday,Mumbai,Navi Mumbai Gateway,Sion Panvel Highway (Mankhurd - Vashi),18.937231,72.995171,Car / SUV,Rural,Fatal,1,1,2,Weather,High,High,36.5,Clear,High,1,2,0.95,1.0,UNIQUE,,-1,76.1
ACC-IND-014005,OPEN_ACCIDENT_DATASET,14005,2023-10-20,3:00,2023,10,Friday,Mumbai,Eastern Suburbs,Eastern Express Highway (Vikhroli - Ghatkopar),19.105779,72.895388,Heavy Commercial / Truck,Rural,Grievous/Major,0,0,0,Weather,Low,Moderate,36.5,Fog,Low,0,4,0.95,1.0,UNIQUE,,-1,62.5
ACC-IND-014006,OPEN_ACCIDENT_DATASET,14006,2023-03-05,14:00,2023,3,Wednesday,Mumbai,Western Suburbs,Western Express Highway (Kandivali - Goregaon),19.235807,72.839606,Heavy Commercial / Truck,Urban,Grievous/Major,3,0,3,Weather,Medium,Moderate,36.5,Fog,Low,0,5,0.95,1.0,UNIQUE,,-1,62.5
ACC-IND-014013,OPEN_ACCIDENT_DATASET,14013,2023-11-10,23:00,2023,11,Wednesday,Mumbai,Thane West,Ghodbunder Road (Thane West),19.257892,72.960394,Heavy Commercial / Truck,Highway,Minor,3,1,4,Drunk Driving,High,High,36.5,Clear,High,0,5,0.95,1.0,UNIQUE,,1,68.6
ACC-IND-014018,OPEN_ACCIDENT_DATASET,14018,2022-09-08,0:00,2022,9,Tuesday,Mumbai,Navi Mumbai Gateway,Sion Panvel Highway (Mankhurd - Vashi),19.053036,72.937444,Heavy Commercial / Truck,Highway,Grievous/Major,0,0,0,Drunk Driving,Low,Moderate,36.5,Rain,Medium,0,4,0.95,1.0,UNIQUE,,4,62.5
ACC-IND-014019,OPEN_ACCIDENT_DATASET,14019,2022-01-10,19:00,2022,1,Saturday,Mumbai,Powai / Andheri East,Jogeshwari-Vikhroli Link Road (JVLR),19.122212,72.882115,Heavy Commercial / Truck,Highway,Fatal,3,1,4,Drunk Driving,Medium,Moderate,36.5,Rain,Low,0,4,0.95,1.0,UNIQUE,,8,82.0
ACC-IND-014020,OPEN_ACCIDENT_DATASET,14020,2024-08-02,9:00,2024,8,Thursday,Mumbai,Kurla East,Santa Cruz-Chembur Link Road (SCLR),19.070596,72.883242,Heavy Commercial / Truck,Urban,Minor,3,0,3,Weather,Medium,Moderate,36.5,Rain,Low,0,5,0.95,1.0,UNIQUE,,7,52.0
ACC-IND-014031,OPEN_ACCIDENT_DATASET,14031,2022-06-15,1:00,2022,6,Wednesday,Mumbai,Western Suburbs,Western Express Highway (Kandivali - Goregaon),19.159077,72.860338,Heavy Commercial / Truck,Urban,Grievous/Major,0,0,0,Distraction,Low,Moderate,36.5,Rain,Medium,0,2,0.95,1.0,UNIQUE,,11,52.0
ACC-IND-014034,OPEN_ACCIDENT_DATASET,14034,2022-08-09,20:00,2022,8,Thursday,Mumbai,Navi Mumbai Gateway,Sion Panvel Highway (Mankhurd - Vashi),19.105878,72.994485,Two-Wheeler / Bike,Urban,Fatal,0,1,1,Poor Road,Medium,Moderate,36.5,Clear,High,1,1,0.95,1.0,UNIQUE,,-1,65.5
ACC-IND-014035,OPEN_ACCIDENT_DATASET,14035,2023-05-30,8:00,2023,5,Tuesday,Mumbai,South Mumbai,Marine Drive Promenade / Netaji Subhash Road,18.875816,72.83425,Heavy Commercial / Truck,Highway,Minor,4,1,5,Distraction,Low,Moderate,36.5,Clear,High,1,5,0.95,1.0,UNIQUE,,-1,64.0
ACC-IND-014047,OPEN_ACCIDENT_DATASET,14047,2024-07-29,20:00,2024,7,Monday,Mumbai,Lower Parel,Lower Parel Commercial Hub / Senapati Bapat Marg,18.978715,72.836699,Heavy Commercial / Truck,Urban,Minor,0,0,0,Poor Road,Medium,Moderate,36.5,Clear,High,1,2,0.95,1.0,UNIQUE,,-1,41.5
ACC-IND-014054,OPEN_ACCIDENT_DATASET,14054,2022-08-05,13:00,2022,8,Sunday,Mumbai,Western Suburbs,Western Express Highway (Kandivali - Goregaon),19.203022,72.916572,Two-Wheeler / Bike,Urban,Minor,1,0,1,Overspeeding,Low,Moderate,36.5,Rain,Low,0,1,0.95,1.0,UNIQUE,,-1,35.5
ACC-IND-014066,OPEN_ACCIDENT_DATASET,14066,2024-04-24,23:00,2024,4,Wednesday,Mumbai,Western Suburbs,Western Express Highway (Kandivali - Goregaon),19.164276,72.855446,Two-Wheeler / Bike,Highway,Minor,1,0,1,Distraction,High,High,36.5,Fog,Low,1,3,0.95,1.0,UNIQUE,,11,56.6
ACC-IND-014071,OPEN_ACCIDENT_DATASET,14071,2024-04-18,0:00,2024,4,Thursday,Mumbai,Kurla / Ghatkopar,LBS Marg (Kurla - Ghatkopar),19.099931,72.872583,Heavy Commercial / Truck,Rural,Minor,0,0,0,Poor Road,High,High,36.5,Fog,Low,1,4,0.95,1.0,UNIQUE,,18,56.6
ACC-IND-014074,OPEN_ACCIDENT_DATASET,14074,2022-11-21,14:00,2022,11,Monday,Mumbai,Andheri West,Swami Vivekanand (SV) Road (Andheri West),19.113322,72.84006,Heavy Commercial / Truck,Highway,Minor,0,0,0,Overspeeding,Medium,Moderate,36.5,Fog,Low,1,2,0.95,1.0,UNIQUE,,10,46.0
ACC-IND-014087,OPEN_ACCIDENT_DATASET,14087,2024-10-13,19:00,2024,10,Sunday,Mumbai,Western Suburbs,Western Express Highway (Kandivali - Goregaon),19.197671,72.874925,Heavy Commercial / Truck,Urban,Fatal,3,1,4,Weather,Medium,Moderate,36.5,Clear,High,1,4,0.95,1.0,UNIQUE,,-1,82.0
ACC-IND-014090,OPEN_ACCIDENT_DATASET,14090,2022-02-01,8:00,2022,2,Sunday,Mumbai,Lower Parel,Lower Parel Commercial Hub / Senapati Bapat Marg,18.996548,72.829174,Heavy Commercial / Truck,Urban,Minor,0,0,0,Weather,Low,Moderate,36.5,Clear,High,0,2,0.95,1.0,UNIQUE,,3,41.5
ACC-IND-014092,OPEN_ACCIDENT_DATASET,14092,2024-04-23,18:00,2024,4,Tuesday,Mumbai,Lower Parel,Lower Parel Commercial Hub / Senapati Bapat Marg,18.972,72.840013,Heavy Commercial / Truck,Urban,Minor,0,0,0,Distraction,High,High,36.5,Clear,High,1,1,0.95,1.0,UNIQUE,,-1,40.1
ACC-IND-014094,OPEN_ACCIDENT_DATASET,14094,2023-04-11,21:00,2023,4,Saturday,Mumbai,Eastern Suburbs,Eastern Express Highway (Vikhroli - Ghatkopar),19.097751,72.917266,Two-Wheeler / Bike,Highway,Grievous/Major,1,0,1,Weather,Medium,Moderate,36.5,Clear,High,1,3,0.95,1.0,UNIQUE,,2,62.5
ACC-IND-014100,OPEN_ACCIDENT_DATASET,14100,2023-05-18,18:00,2023,5,Thursday,Mumbai,Andheri West,Swami Vivekanand (SV) Road (Andheri West),19.11547,72.83933,Two-Wheeler / Bike,Urban,Grievous/Major,1,0,1,Weather,Medium,Moderate,36.5,Rain,Low,1,2,0.95,1.0,UNIQUE,,10,52.0
ACC-IND-014103,OPEN_ACCIDENT_DATASET,14103,2022-11-08,21:00,2022,11,Thursday,Mumbai,Lower Parel,Lower Parel Commercial Hub / Senapati Bapat Marg,18.991026,72.831762,Heavy Commercial / Truck,Rural,Grievous/Major,3,0,3,Poor Road,Low,Moderate,36.5,Rain,Medium,0,3,0.95,1.0,UNIQUE,,3,58.0
ACC-IND-014112,OPEN_ACCIDENT_DATASET,14112,2024-10-04,16:00,2024,10,Wednesday,Mumbai,Lower Parel,Lower Parel Commercial Hub / Senapati Bapat Marg,19.003089,72.824011,Heavy Commercial / Truck,Highway,Minor,0,0,0,Distraction,High,High,36.5,Rain,Low,1,2,0.95,1.0,UNIQUE,,3,50.6
ACC-IND-014115,OPEN_ACCIDENT_DATASET,14115,2023-01-28,21:00,2023,1,Saturday,Mumbai,Powai / Andheri East,Jogeshwari-Vikhroli Link Road (JVLR),19.149918,72.898846,Car / SUV,Rural,Grievous/Major,2,0,2,Distraction,High,High,36.5,Clear,High,1,3,0.95,1.0,UNIQUE,,-1,62.6
ACC-IND-014122,OPEN_ACCIDENT_DATASET,14122,2022-11-04,14:00,2022,11,Monday,Mumbai,Thane West,Ghodbunder Road (Thane West),19.280405,72.986852,Heavy Commercial / Truck,Rural,Grievous/Major,0,0,0,Weather,Low,Moderate,36.5,Fog,Low,0,2,0.95,1.0,UNIQUE,,-1,52.0
ACC-IND-014125,OPEN_ACCIDENT_DATASET,14125,2022-06-19,14:00,2022,6,Sunday,Mumbai,Navi Mumbai Gateway,Sion Panvel Highway (Mankhurd - Vashi),18.916339,72.994529,Heavy Commercial / Truck,Rural,Fatal,2,1,3,Overspeeding,High,High,36.5,Fog,Low,1,3,0.95,1.0,UNIQUE,,-1,82.1
ACC-IND-014138,OPEN_ACCIDENT_DATASET,14138,2023-11-22,5:00,2023,11,Wednesday,Mumbai,Powai / Andheri East,Jogeshwari-Vikhroli Link Road (JVLR),19.157532,72.943445,Heavy Commercial / Truck,Rural,Grievous/Major,3,0,3,Weather,Low,Moderate,36.5,Clear,High,1,5,0.95,1.0,UNIQUE,,-1,62.5
ACC-IND-014144,OPEN_ACCIDENT_DATASET,14144,2022-12-31,13:00,2022,12,Saturday,Mumbai,Powai / Andheri East,Jogeshwari-Vikhroli Link Road (JVLR),19.186892,72.923086,Heavy Commercial / Truck,Rural,Grievous/Major,3,1,4,Poor Road,Medium,Moderate,36.5,Fog,Low,0,4,0.95,1.0,UNIQUE,,-1,74.5
ACC-IND-014172,OPEN_ACCIDENT_DATASET,14172,2024-06-13,10:00,2024,6,Thursday,Mumbai,South Mumbai,Marine Drive Promenade / Netaji Subhash Road,18.938538,72.850227,Heavy Commercial / Truck,Urban,Minor,0,0,0,Drunk Driving,High,High,36.5,Fog,Low,0,5,0.95,1.0,UNIQUE,,-1,56.6
ACC-IND-014173,OPEN_ACCIDENT_DATASET,14173,2025-03-28,18:00,2025,3,Friday,Mumbai,Navi Mumbai Gateway,Sion Panvel Highway (Mankhurd - Vashi),19.022249,72.95459,Car / SUV,Urban,Grievous/Major,2,0,2,Drunk Driving,High,High,36.5,Clear,High,1,3,0.95,1.0,UNIQUE,,-1,62.6
ACC-IND-014186,OPEN_ACCIDENT_DATASET,14186,2024-04-13,21:00,2024,4,Saturday,Mumbai,Eastern Suburbs,Eastern Express Highway (Vikhroli - Ghatkopar),19.138076,72.967179,Heavy Commercial / Truck,Highway,Minor,0,0,0,Drunk Driving,Medium,Moderate,36.5,Rain,Medium,1,1,0.95,1.0,UNIQUE,,-1,40.0
ACC-IND-014200,OPEN_ACCIDENT_DATASET,14200,2022-08-25,13:00,2022,8,Thursday,Mumbai,South Mumbai,Marine Drive Promenade / Netaji Subhash Road,18.863343,72.868283,Two-Wheeler / Bike,Rural,Minor,1,0,1,Poor Road,High,High,36.5,Rain,Low,1,2,0.95,1.0,UNIQUE,,14,46.1
ACC-IND-014208,OPEN_ACCIDENT_DATASET,14208,2024-07-26,11:00,2024,7,Friday,Mumbai,Western Suburbs,Western Express Highway (Kandivali - Goregaon),19.299809,72.786992,Two-Wheeler / Bike,Urban,Grievous/Major,1,0,1,Poor Road,Medium,Moderate,36.5,Clear,High,1,1,0.95,1.0,UNIQUE,,-1,46.0
ACC-IND-014209,OPEN_ACCIDENT_DATASET,14209,2023-11-01,23:00,2023,11,Wednesday,Mumbai,Powai / Andheri East,Jogeshwari-Vikhroli Link Road (JVLR),19.134686,72.914979,Car / SUV,Highway,Minor,2,0,2,Drunk Driving,Medium,Moderate,36.5,Fog,Low,1,4,0.95,1.0,UNIQUE,,-1,52.0
ACC-IND-014225,OPEN_ACCIDENT_DATASET,14225,2023-04-12,11:00,2023,4,Monday,Mumbai,Sion-Chembur,Eastern Express Highway (Sion - Chembur),19.041557,72.887494,Heavy Commercial / Truck,Urban,Minor,0,0,0,Overspeeding,High,High,36.5,Fog,Low,0,1,0.95,1.0,UNIQUE,,5,40.1
ACC-IND-014241,OPEN_ACCIDENT_DATASET,14241,2023-07-25,4:00,2023,7,Tuesday,Mumbai,Sion-Chembur,Eastern Express Highway (Sion - Chembur),19.005381,72.916744,Car / SUV,Rural,Minor,2,0,2,Overspeeding,Low,Moderate,36.5,Clear,High,0,2,0.95,1.0,UNIQUE,,-1,41.5
ACC-IND-014251,OPEN_ACCIDENT_DATASET,14251,2022-06-01,20:00,2022,6,Thursday,Mumbai,Thane West,Ghodbunder Road (Thane West),19.176904,72.963751,Heavy Commercial / Truck,Urban,Grievous/Major,0,0,0,Poor Road,Medium,Moderate,36.5,Clear,High,0,3,0.95,1.0,UNIQUE,,-1,58.0
ACC-IND-014253,OPEN_ACCIDENT_DATASET,14253,2024-10-11,19:00,2024,10,Sunday,Mumbai,Thane West,Ghodbunder Road (Thane West),19.29767,72.868053,Heavy Commercial / Truck,Rural,Minor,0,0,0,Poor Road,Medium,Moderate,36.5,Rain,Low,1,3,0.95,1.0,UNIQUE,,-1,47.5
ACC-IND-014261,OPEN_ACCIDENT_DATASET,14261,2022-11-15,11:00,2022,11,Tuesday,Mumbai,Kurla / Ghatkopar,LBS Marg (Kurla - Ghatkopar),19.095159,72.889724,Car / SUV,Highway,Minor,2,0,2,Distraction,Low,Moderate,36.5,Clear,High,0,3,0.95,1.0,UNIQUE,,-1,52.0
ACC-IND-014275,OPEN_ACCIDENT_DATASET,14275,2024-06-29,7:00,2024,6,Saturday,Mumbai,Western Suburbs,Western Express Highway (Kandivali - Goregaon),19.181665,72.900078,Heavy Commercial / Truck,Highway,Grievous/Major,0,0,0,Distraction,Medium,Moderate,36.5,Fog,Low,0,2,0.95,1.0,UNIQUE,,12,56.5
ACC-IND-014276,OPEN_ACCIDENT_DATASET,14276,2022-09-19,11:00,2022,9,Monday,Mumbai,Navi Mumbai Gateway,Sion Panvel Highway (Mankhurd - Vashi),19.007013,72.950835,Two-Wheeler / Bike,Urban,Grievous/Major,1,0,1,Drunk Driving,Medium,Moderate,36.5,Fog,Low,0,1,0.95,1.0,UNIQUE,,-1,46.0
ACC-IND-014283,OPEN_ACCIDENT_DATASET,14283,2023-11-24,9:00,2023,11,Friday,Mumbai,Sion-Chembur,Eastern Express Highway (Sion - Chembur),19.027526,72.885389,Two-Wheeler / Bike,Urban,Minor,1,0,1,Overspeeding,High,High,36.5,Rain,Low,1,4,0.95,1.0,UNIQUE,,-1,56.6
ACC-IND-014287,OPEN_ACCIDENT_DATASET,14287,2024-07-07,22:00,2024,7,Sunday,Mumbai,Thane West,Ghodbunder Road (Thane West),19.23363,72.989907,Two-Wheeler / Bike,Rural,Minor,1,0,1,Drunk Driving,Medium,Moderate,36.5,Fog,Low,1,1,0.95,1.0,UNIQUE,,20,35.5
ACC-IND-014293,OPEN_ACCIDENT_DATASET,14293,2025-03-26,10:00,2025,3,Wednesday,Mumbai,Kurla East,Santa Cruz-Chembur Link Road (SCLR),19.069804,72.875328,Two-Wheeler / Bike,Rural,Minor,1,0,1,Poor Road,Medium,Moderate,36.5,Fog,Low,1,5,0.95,1.0,UNIQUE,,7,52.0
ACC-IND-014295,OPEN_ACCIDENT_DATASET,14295,2023-02-20,10:00,2023,2,Monday,Mumbai,Thane West,Ghodbunder Road (Thane West),19.265253,72.969321,Heavy Commercial / Truck,Highway,Minor,3,0,3,Distraction,Medium,Moderate,36.5,Fog,Low,1,5,0.95,1.0,UNIQUE,,1,52.0
ACC-IND-014299,OPEN_ACCIDENT_DATASET,14299,2023-04-01,6:00,2023,4,Wednesday,Mumbai,Western Suburbs,Western Express Highway (Kandivali - Goregaon),19.271982,72.851081,Car / SUV,Highway,Minor,2,0,2,Poor Road,Medium,Moderate,36.5,Clear,High,0,3,0.95,1.0,UNIQUE,,-1,52.0
ACC-IND-014305,OPEN_ACCIDENT_DATASET,14305,2022-07-21,15:00,2022,7,Thursday,Mumbai,Andheri West,Swami Vivekanand (SV) Road (Andheri West),19.098926,72.814281,Heavy Commercial / Truck,Urban,Grievous/Major,0,0,0,Distraction,Low,Moderate,36.5,Fog,Low,0,4,0.95,1.0,UNIQUE,,-1,62.5
ACC-IND-014306,OPEN_ACCIDENT_DATASET,14306,2023-02-10,9:00,2023,2,Monday,Mumbai,Navi Mumbai Gateway,Sion Panvel Highway (Mankhurd - Vashi),19.08887,72.952682,Heavy Commercial / Truck,Rural,Minor,3,0,3,Poor Road,High,High,36.5,Fog,Low,1,5,0.95,1.0,UNIQUE,,-1,56.6
ACC-IND-014308,OPEN_ACCIDENT_DATASET,14308,2024-11-17,21:00,2024,11,Sunday,Mumbai,Andheri West,Swami Vivekanand (SV) Road (Andheri West),19.115893,72.838203,Heavy Commercial / Truck,Rural,Grievous/Major,3,1,4,Drunk Driving,High,High,36.5,Rain,Low,0,4,0.95,1.0,UNIQUE,,10,79.1
ACC-IND-014328,OPEN_ACCIDENT_DATASET,14328,2024-08-13,9:00,2024,8,Tuesday,Mumbai,Eastern Suburbs,Eastern Express Highway (Vikhroli - Ghatkopar),19.101699,72.915619,Heavy Commercial / Truck,Rural,Minor,0,0,0,Distraction,High,High,36.5,Clear,High,1,2,0.95,1.0,UNIQUE,,2,46.1
ACC-IND-014343,OPEN_ACCIDENT_DATASET,14343,2022-01-05,11:00,2022,1,Sunday,Mumbai,Navi Mumbai Gateway,Sion Panvel Highway (Mankhurd - Vashi),19.049242,72.934288,Two-Wheeler / Bike,Highway,Grievous/Major,1,0,1,Drunk Driving,Low,Moderate,36.5,Clear,High,1,4,0.95,1.0,UNIQUE,,4,62.5
ACC-IND-014355,OPEN_ACCIDENT_DATASET,14355,2022-04-16,4:00,2022,4,Saturday,Mumbai,Sion-Chembur,Eastern Express Highway (Sion - Chembur),19.043747,72.893145,Two-Wheeler / Bike,Highway,Minor,1,0,1,Poor Road,Low,Moderate,36.5,Rain,Low,1,1,0.95,1.0,UNIQUE,,5,40.0
ACC-IND-014360,OPEN_ACCIDENT_DATASET,14360,2023-07-13,15:00,2023,7,Thursday,Mumbai,Andheri West,Swami Vivekanand (SV) Road (Andheri West),19.118044,72.842443,Heavy Commercial / Truck,Rural,Minor,0,0,0,Overspeeding,Low,Moderate,36.5,Rain,Low,0,5,0.95,1.0,UNIQUE,,10,52.0
ACC-IND-014364,OPEN_ACCIDENT_DATASET,14364,2025-11-03,11:00,2025,11,Tuesday,Mumbai,Thane West,Ghodbunder Road (Thane West),19.256125,72.965257,Car / SUV,Rural,Minor,2,0,2,Drunk Driving,Medium,Moderate,36.5,Rain,Medium,1,2,0.95,1.0,UNIQUE,,1,41.5
ACC-IND-014394,OPEN_ACCIDENT_DATASET,14394,2024-04-21,0:00,2024,4,Sunday,Mumbai,Sion-Chembur,Eastern Express Highway (Sion - Chembur),19.042186,72.888225,Heavy Commercial / Truck,Rural,Fatal,2,1,3,Drunk Driving,Low,Moderate,36.5,Rain,Low,0,3,0.95,1.0,UNIQUE,,5,77.5
ACC-IND-014400,OPEN_ACCIDENT_DATASET,14400,2024-11-05,3:00,2024,11,Saturday,Mumbai,South Mumbai,Marine Drive Promenade / Netaji Subhash Road,18.940206,72.828399,Heavy Commercial / Truck,Highway,Minor,0,0,0,Distraction,Low,Moderate,36.5,Fog,Low,1,1,0.95,1.0,UNIQUE,,6,40.0
ACC-IND-014408,OPEN_ACCIDENT_DATASET,14408,2025-01-21,21:00,2025,1,Tuesday,Mumbai,South Mumbai,Marine Drive Promenade / Netaji Subhash Road,18.932385,72.919104,Heavy Commercial / Truck,Urban,Minor,0,0,0,Drunk Driving,High,High,36.5,Clear,High,1,2,0.95,1.0,UNIQUE,,-1,46.1
ACC-IND-014412,OPEN_ACCIDENT_DATASET,14412,2024-05-11,19:00,2024,5,Tuesday,Mumbai,Eastern Suburbs,Eastern Express Highway (Vikhroli - Ghatkopar),19.124062,72.945039,Heavy Commercial / Truck,Highway,Fatal,4,1,5,Distraction,High,High,36.5,Clear,High,1,5,0.95,1.0,UNIQUE,,-1,86.6
ACC-IND-014415,OPEN_ACCIDENT_DATASET,14415,2024-04-19,9:00,2024,4,Friday,Mumbai,Bandra West,Western Express Highway (Bandra - Santacruz),19.075139,72.805137,Heavy Commercial / Truck,Highway,Minor,0,0,0,Poor Road,High,High,36.5,Clear,High,0,1,0.95,1.0,UNIQUE,,-1,44.6
ACC-IND-014419,OPEN_ACCIDENT_DATASET,14419,2022-04-29,1:00,2022,4,Friday,Mumbai,Eastern Suburbs,Eastern Express Highway (Vikhroli - Ghatkopar),19.09942,72.911253,Car / SUV,Highway,Minor,2,0,2,Overspeeding,Low,Moderate,36.5,Rain,Low,1,4,0.95,1.0,UNIQUE,,2,52.0
ACC-IND-014420,OPEN_ACCIDENT_DATASET,14420,2023-01-31,15:00,2023,1,Tuesday,Mumbai,Sion-Chembur,Eastern Express Highway (Sion - Chembur),19.04703,72.890677,Two-Wheeler / Bike,Urban,Grievous/Major,1,0,1,Overspeeding,Low,Moderate,36.5,Rain,Medium,0,4,0.95,1.0,UNIQUE,,5,62.5
ACC-IND-014428,OPEN_ACCIDENT_DATASET,14428,2023-11-05,17:00,2023,11,Thursday,Mumbai,Navi Mumbai Gateway,Sion Panvel Highway (Mankhurd - Vashi),19.026956,72.923117,Heavy Commercial / Truck,Highway,Grievous/Major,0,0,0,Poor Road,Medium,Moderate,36.5,Clear,High,0,4,0.95,1.0,UNIQUE,,-1,62.5
ACC-IND-014436,OPEN_ACCIDENT_DATASET,14436,2023-07-09,3:00,2023,7,Thursday,Mumbai,Kurla East,Santa Cruz-Chembur Link Road (SCLR),19.073232,72.879132,Car / SUV,Highway,Grievous/Major,2,0,2,Poor Road,Low,Moderate,36.5,Rain,Medium,1,3,0.95,1.0,UNIQUE,,7,62.5
ACC-IND-014440,OPEN_ACCIDENT_DATASET,14440,2022-06-24,13:00,2022,6,Friday,Mumbai,Dadar Central,Dadar TT Circle / Dr. Ambedkar Road,19.020681,72.839958,Heavy Commercial / Truck,Highway,Minor,0,0,0,Drunk Driving,High,High,36.5,Clear,High,0,4,0.95,1.0,UNIQUE,,3,56.6
ACC-IND-014452,OPEN_ACCIDENT_DATASET,14452,2024-06-01,6:00,2024,6,Saturday,Mumbai,Western Suburbs,Western Express Highway (Kandivali - Goregaon),19.225929,72.792215,Two-Wheeler / Bike,Urban,Grievous/Major,1,0,1,Poor Road,Medium,Moderate,36.5,Clear,High,1,1,0.95,1.0,UNIQUE,,-1,46.0
ACC-IND-014459,OPEN_ACCIDENT_DATASET,14459,2022-05-06,6:00,2022,5,Sunday,Mumbai,Sion-Chembur,Eastern Express Highway (Sion - Chembur),19.041574,72.894852,Two-Wheeler / Bike,Rural,Minor,1,0,1,Overspeeding,Medium,Moderate,36.5,Rain,Medium,0,1,0.95,1.0,UNIQUE,,5,35.5
ACC-IND-014461,OPEN_ACCIDENT_DATASET,14461,2024-04-11,14:00,2024,4,Monday,Mumbai,Powai / Andheri East,Jogeshwari-Vikhroli Link Road (JVLR),19.130849,72.892276,Car / SUV,Urban,Minor,2,0,2,Distraction,Medium,Moderate,36.5,Clear,High,0,4,0.95,1.0,UNIQUE,,8,52.0
ACC-IND-014466,OPEN_ACCIDENT_DATASET,14466,2024-03-28,12:00,2024,3,Thursday,Mumbai,Western Suburbs,Western Express Highway (Kandivali - Goregaon),19.195287,72.892621,Two-Wheeler / Bike,Highway,Minor,1,0,1,Weather,Low,Moderate,36.5,Clear,High,0,1,0.95,1.0,UNIQUE,,-1,40.0
ACC-IND-014472,OPEN_ACCIDENT_DATASET,14472,2022-12-01,15:00,2022,12,Wednesday,Mumbai,Western Suburbs,Western Express Highway (Kandivali - Goregaon),19.190656,72.884786,Car / SUV,Highway,Minor,2,0,2,Distraction,High,High,36.5,Rain,Low,0,3,0.95,1.0,UNIQUE,,-1,56.6
ACC-IND-014473,OPEN_ACCIDENT_DATASET,14473,2024-02-09,19:00,2024,2,Monday,Mumbai,Eastern Suburbs,Eastern Express Highway (Vikhroli - Ghatkopar),19.123108,72.927202,Two-Wheeler / Bike,Urban,Grievous/Major,1,0,1,Poor Road,Medium,Moderate,36.5,Rain,Medium,0,1,0.95,1.0,UNIQUE,,-1,46.0
ACC-IND-014476,OPEN_ACCIDENT_DATASET,14476,2023-06-20,4:00,2023,6,Tuesday,Mumbai,Kurla East,Santa Cruz-Chembur Link Road (SCLR),19.055433,72.867202,Heavy Commercial / Truck,Highway,Minor,0,0,0,Drunk Driving,Low,Moderate,36.5,Clear,High,1,1,0.95,1.0,UNIQUE,,-1,40.0
ACC-IND-014480,OPEN_ACCIDENT_DATASET,14480,2024-12-07,14:00,2024,12,Friday,Mumbai,Lower Parel,Lower Parel Commercial Hub / Senapati Bapat Marg,18.999585,72.832114,Two-Wheeler / Bike,Highway,Grievous/Major,1,0,1,Weather,Low,Moderate,36.5,Clear,High,0,2,0.95,1.0,UNIQUE,,3,56.5
ACC-IND-014498,OPEN_ACCIDENT_DATASET,14498,2024-04-06,8:00,2024,4,Tuesday,Mumbai,Western Suburbs,Western Express Highway (Kandivali - Goregaon),19.167791,72.869978,Heavy Commercial / Truck,Rural,Minor,2,1,3,Drunk Driving,High,High,36.5,Fog,Low,0,4,0.95,1.0,UNIQUE,,-1,68.6
ACC-IND-014503,OPEN_ACCIDENT_DATASET,14503,2022-03-06,12:00,2022,3,Friday,Mumbai,Andheri West,Swami Vivekanand (SV) Road (Andheri West),19.115183,72.840402,Two-Wheeler / Bike,Rural,Minor,1,0,1,Drunk Driving,Low,Moderate,36.5,Clear,High,0,2,0.95,1.0,UNIQUE,,10,41.5
ACC-IND-014513,OPEN_ACCIDENT_DATASET,14513,2024-06-17,5:00,2024,6,Monday,Mumbai,South Mumbai,Marine Drive Promenade / Netaji Subhash Road,18.873832,72.813055,Heavy Commercial / Truck,Urban,Grievous/Major,0,0,0,Overspeeding,High,High,36.5,Clear,High,0,4,0.95,1.0,UNIQUE,,-1,67.1
ACC-IND-014516,OPEN_ACCIDENT_DATASET,14516,2022-08-20,23:00,2022,8,Saturday,Mumbai,Andheri West,Swami Vivekanand (SV) Road (Andheri West),19.113945,72.840287,Two-Wheeler / Bike,Rural,Fatal,0,1,1,Drunk Driving,Medium,Moderate,36.5,Clear,High,0,1,0.95,1.0,UNIQUE,,10,65.5
ACC-IND-014522,OPEN_ACCIDENT_DATASET,14522,2022-12-23,21:00,2022,12,Friday,Mumbai,Bandra West,Western Express Highway (Bandra - Santacruz),19.063754,72.841465,Heavy Commercial / Truck,Rural,Minor,2,1,3,Poor Road,Medium,Moderate,36.5,Fog,Low,1,4,0.95,1.0,UNIQUE,,0,64.0
ACC-IND-014529,OPEN_ACCIDENT_DATASET,14529,2024-11-29,4:00,2024,11,Friday,Mumbai,Western Suburbs,Western Express Highway (Kandivali - Goregaon),19.174096,72.78629,Heavy Commercial / Truck,Highway,Minor,4,0,4,Weather,Low,Moderate,36.5,Fog,Low,1,5,0.95,1.0,UNIQUE,,-1,52.0
ACC-IND-014531,OPEN_ACCIDENT_DATASET,14531,2025-03-28,5:00,2025,3,Friday,Mumbai,Western Suburbs,Western Express Highway (Kandivali - Goregaon),19.252984,72.818251,Two-Wheeler / Bike,Highway,Minor,1,0,1,Weather,Low,Moderate,36.5,Clear,High,0,5,0.95,1.0,UNIQUE,,-1,52.0
ACC-IND-014542,OPEN_ACCIDENT_DATASET,14542,2022-11-22,12:00,2022,11,Tuesday,Mumbai,Andheri West,Swami Vivekanand (SV) Road (Andheri West),19.116348,72.83732,Heavy Commercial / Truck,Rural,Minor,0,0,0,Poor Road,Medium,Moderate,36.5,Fog,Low,1,2,0.95,1.0,UNIQUE,,10,41.5
ACC-IND-014546,OPEN_ACCIDENT_DATASET,14546,2022-08-07,15:00,2022,8,Friday,Mumbai,Navi Mumbai Gateway,Sion Panvel Highway (Mankhurd - Vashi),19.071292,72.978573,Heavy Commercial / Truck,Urban,Minor,0,0,0,Weather,High,High,36.5,Rain,Low,0,4,0.95,1.0,UNIQUE,,-1,56.6
ACC-IND-014547,OPEN_ACCIDENT_DATASET,14547,2022-03-15,0:00,2022,3,Tuesday,Mumbai,South Mumbai,Marine Drive Promenade / Netaji Subhash Road,18.938257,72.882144,Two-Wheeler / Bike,Urban,Minor,1,0,1,Weather,Low,Moderate,36.5,Fog,Low,0,5,0.95,1.0,UNIQUE,,-1,52.0
ACC-IND-014558,OPEN_ACCIDENT_DATASET,14558,2022-10-24,3:00,2022,10,Monday,Mumbai,Navi Mumbai Gateway,Sion Panvel Highway (Mankhurd - Vashi),19.014242,72.949734,Two-Wheeler / Bike,Rural,Grievous/Major,1,0,1,Overspeeding,Low,Moderate,36.5,Clear,High,1,2,0.95,1.0,UNIQUE,,-1,52.0
ACC-IND-014571,OPEN_ACCIDENT_DATASET,14571,2023-01-23,0:00,2023,1,Monday,Mumbai,South Mumbai,Marine Drive Promenade / Netaji Subhash Road,18.890519,72.821562,Car / SUV,Highway,Grievous/Major,2,0,2,Overspeeding,Low,Moderate,36.5,Clear,High,0,2,0.95,1.0,UNIQUE,,-1,56.5
ACC-IND-014574,OPEN_ACCIDENT_DATASET,14574,2023-01-23,2:00,2023,1,Monday,Mumbai,Bandra West,Western Express Highway (Bandra - Santacruz),19.065222,72.840509,Heavy Commercial / Truck,Urban,Minor,3,0,3,Overspeeding,Low,Moderate,36.5,Clear,High,1,5,0.95,1.0,UNIQUE,,0,52.0
ACC-IND-014581,OPEN_ACCIDENT_DATASET,14581,2024-05-17,22:00,2024,5,Friday,Mumbai,Andheri West,Swami Vivekanand (SV) Road (Andheri West),19.111176,72.836572,Heavy Commercial / Truck,Urban,Minor,0,0,0,Poor Road,Medium,Moderate,36.5,Clear,High,1,2,0.95,1.0,UNIQUE,,10,41.5
ACC-IND-014585,OPEN_ACCIDENT_DATASET,14585,2025-02-16,14:00,2025,2,Sunday,Mumbai,Thane West,Ghodbunder Road (Thane West),19.265078,72.972193,Car / SUV,Highway,Grievous/Major,2,0,2,Drunk Driving,Medium,Moderate,36.5,Fog,Low,1,3,0.95,1.0,UNIQUE,,1,62.5
ACC-IND-014593,OPEN_ACCIDENT_DATASET,14593,2024-06-16,9:00,2024,6,Sunday,Mumbai,South Mumbai,Marine Drive Promenade / Netaji Subhash Road,18.888405,72.917023,Two-Wheeler / Bike,Urban,Minor,1,0,1,Drunk Driving,High,High,36.5,Clear,High,1,2,0.95,1.0,UNIQUE,,-1,46.1
ACC-IND-014606,OPEN_ACCIDENT_DATASET,14606,2022-07-26,10:00,2022,7,Tuesday,Mumbai,Western Suburbs,Western Express Highway (Kandivali - Goregaon),19.171469,72.786251,Heavy Commercial / Truck,Urban,Fatal,4,1,5,Distraction,Medium,Moderate,36.5,Rain,Medium,0,5,0.95,1.0,UNIQUE,,-1,82.0
ACC-IND-014610,OPEN_ACCIDENT_DATASET,14610,2024-01-12,3:00,2024,1,Sunday,Mumbai,Powai / Andheri East,Jogeshwari-Vikhroli Link Road (JVLR),19.132366,72.867251,Heavy Commercial / Truck,Rural,Minor,0,0,0,Overspeeding,Low,Moderate,36.5,Fog,Low,1,2,0.95,1.0,UNIQUE,,16,41.5
ACC-IND-014613,OPEN_ACCIDENT_DATASET,14613,2023-10-11,23:00,2023,10,Friday,Mumbai,Dadar Central,Dadar TT Circle / Dr. Ambedkar Road,19.025393,72.861728,Heavy Commercial / Truck,Highway,Grievous/Major,3,0,3,Distraction,Low,Moderate,36.5,Rain,Low,1,3,0.95,1.0,UNIQUE,,-1,62.5
ACC-IND-014615,OPEN_ACCIDENT_DATASET,14615,2025-06-02,3:00,2025,6,Thursday,Mumbai,Bandra West,Western Express Highway (Bandra - Santacruz),19.079597,72.848139,Car / SUV,Highway,Grievous/Major,2,0,2,Overspeeding,Medium,Moderate,36.5,Clear,High,0,2,0.95,1.0,UNIQUE,,0,56.5
ACC-IND-014628,OPEN_ACCIDENT_DATASET,14628,2025-04-02,23:00,2025,4,Tuesday,Mumbai,Powai / Andheri East,Jogeshwari-Vikhroli Link Road (JVLR),19.111683,72.877409,Heavy Commercial / Truck,Urban,Minor,0,0,0,Poor Road,Medium,Moderate,36.5,Fog,Low,1,3,0.95,1.0,UNIQUE,,-1,47.5
ACC-IND-014635,OPEN_ACCIDENT_DATASET,14635,2025-02-17,7:00,2025,2,Monday,Mumbai,Sion-Chembur,Eastern Express Highway (Sion - Chembur),19.001946,72.887391,Heavy Commercial / Truck,Rural,Grievous/Major,0,0,0,Poor Road,High,High,36.5,Fog,Low,0,4,0.95,1.0,UNIQUE,,-1,67.1
ACC-IND-014638,OPEN_ACCIDENT_DATASET,14638,2022-05-16,1:00,2022,5,Monday,Mumbai,Eastern Suburbs,Eastern Express Highway (Vikhroli - Ghatkopar),19.140905,72.944946,Two-Wheeler / Bike,Rural,Grievous/Major,1,0,1,Distraction,Medium,Moderate,36.5,Fog,Low,1,2,0.95,1.0,UNIQUE,,-1,52.0
ACC-IND-014644,OPEN_ACCIDENT_DATASET,14644,2024-10-13,6:00,2024,10,Sunday,Mumbai,Kurla East,Santa Cruz-Chembur Link Road (SCLR),19.070597,72.884399,Heavy Commercial / Truck,Rural,Minor,0,0,0,Drunk Driving,Low,Moderate,36.5,Fog,Low,1,3,0.95,1.0,UNIQUE,,7,47.5
ACC-IND-014646,OPEN_ACCIDENT_DATASET,14646,2024-03-19,2:00,2024,3,Tuesday,Mumbai,South Mumbai,Marine Drive Promenade / Netaji Subhash Road,18.850385,72.878573,Car / SUV,Highway,Minor,2,0,2,Poor Road,Low,Moderate,36.5,Clear,High,0,4,0.95,1.0,UNIQUE,,-1,52.0
ACC-IND-014677,OPEN_ACCIDENT_DATASET,14677,2023-11-25,9:00,2023,11,Saturday,Mumbai,Bandra West,Western Express Highway (Bandra - Santacruz),19.054104,72.861045,Heavy Commercial / Truck,Rural,Minor,0,0,0,Overspeeding,High,High,36.5,Clear,High,0,1,0.95,1.0,UNIQUE,,-1,40.1
ACC-IND-014691,OPEN_ACCIDENT_DATASET,14691,2024-04-02,19:00,2024,4,Sunday,Mumbai,Bandra West,Western Express Highway (Bandra - Santacruz),19.066752,72.842816,Two-Wheeler / Bike,Urban,Minor,1,0,1,Drunk Driving,High,High,36.5,Clear,High,1,1,0.95,1.0,UNIQUE,,0,40.1
ACC-IND-014696,OPEN_ACCIDENT_DATASET,14696,2023-02-12,17:00,2023,2,Saturday,Mumbai,Kurla East,Santa Cruz-Chembur Link Road (SCLR),19.075293,72.88107,Heavy Commercial / Truck,Highway,Minor,0,0,0,Drunk Driving,High,High,36.5,Fog,Low,1,1,0.95,1.0,UNIQUE,,7,44.6
ACC-IND-014700,OPEN_ACCIDENT_DATASET,14700,2022-11-26,0:00,2022,11,Saturday,Mumbai,Thane West,Ghodbunder Road (Thane West),19.237197,72.945096,Two-Wheeler / Bike,Urban,Minor,1,0,1,Distraction,High,High,36.5,Clear,High,0,4,0.95,1.0,UNIQUE,,-1,56.6
ACC-IND-014703,OPEN_ACCIDENT_DATASET,14703,2022-11-30,20:00,2022,11,Wednesday,Mumbai,Andheri West,Swami Vivekanand (SV) Road (Andheri West),19.113197,72.854654,Heavy Commercial / Truck,Rural,Fatal,4,1,5,Drunk Driving,High,High,36.5,Rain,Low,1,5,0.95,1.0,UNIQUE,,10,86.6
ACC-IND-014704,OPEN_ACCIDENT_DATASET,14704,2024-01-30,20:00,2024,1,Tuesday,Mumbai,Bandra West,Western Express Highway (Bandra - Santacruz),19.074545,72.839283,Heavy Commercial / Truck,Highway,Minor,3,0,3,Weather,High,High,36.5,Clear,High,0,3,0.95,1.0,UNIQUE,,0,56.6
ACC-IND-014722,OPEN_ACCIDENT_DATASET,14722,2023-06-14,23:00,2023,6,Wednesday,Mumbai,Kurla East,Santa Cruz-Chembur Link Road (SCLR),19.073975,72.87743,Heavy Commercial / Truck,Rural,Minor,0,0,0,Weather,High,High,36.5,Fog,Low,0,2,0.95,1.0,UNIQUE,,7,46.1
ACC-IND-014726,OPEN_ACCIDENT_DATASET,14726,2024-11-29,3:00,2024,11,Friday,Mumbai,Dadar Central,Dadar TT Circle / Dr. Ambedkar Road,19.015051,72.843589,Heavy Commercial / Truck,Urban,Minor,4,0,4,Overspeeding,Low,Moderate,36.5,Rain,Low,0,4,0.95,1.0,UNIQUE,,3,52.0
ACC-IND-014737,OPEN_ACCIDENT_DATASET,14737,2025-02-23,8:00,2025,2,Sunday,Mumbai,Navi Mumbai Gateway,Sion Panvel Highway (Mankhurd - Vashi),18.959786,72.98075,Heavy Commercial / Truck,Urban,Fatal,2,1,3,Overspeeding,Medium,Moderate,36.5,Clear,High,1,3,0.95,1.0,UNIQUE,,-1,77.5
ACC-IND-014739,OPEN_ACCIDENT_DATASET,14739,2023-09-10,17:00,2023,9,Monday,Mumbai,Dadar Central,Dadar TT Circle / Dr. Ambedkar Road,19.020379,72.842904,Heavy Commercial / Truck,Highway,Minor,3,0,3,Weather,High,High,36.5,Fog,Low,1,3,0.95,1.0,UNIQUE,,3,56.6
ACC-IND-014742,OPEN_ACCIDENT_DATASET,14742,2024-05-29,17:00,2024,5,Wednesday,Mumbai,Kurla / Ghatkopar,LBS Marg (Kurla - Ghatkopar),19.084846,72.900856,Heavy Commercial / Truck,Rural,Minor,0,0,0,Drunk Driving,High,High,36.5,Fog,Low,0,5,0.95,1.0,UNIQUE,,7,56.6
ACC-IND-014752,OPEN_ACCIDENT_DATASET,14752,2024-12-03,18:00,2024,12,Tuesday,Mumbai,Bandra West,Western Express Highway (Bandra - Santacruz),19.069025,72.80658,Heavy Commercial / Truck,Urban,Fatal,3,1,4,Drunk Driving,Medium,Moderate,36.5,Rain,Medium,0,4,0.95,1.0,UNIQUE,,-1,82.0
ACC-IND-014767,OPEN_ACCIDENT_DATASET,14767,2023-04-22,14:00,2023,4,Saturday,Mumbai,Thane West,Ghodbunder Road (Thane West),19.29509,72.952886,Heavy Commercial / Truck,Highway,Minor,2,1,3,Overspeeding,High,High,36.5,Clear,High,1,3,0.95,1.0,UNIQUE,,9,68.6
ACC-IND-014771,OPEN_ACCIDENT_DATASET,14771,2022-12-17,22:00,2022,12,Saturday,Mumbai,Andheri West,Swami Vivekanand (SV) Road (Andheri West),19.101975,72.857048,Heavy Commercial / Truck,Highway,Fatal,2,1,3,Overspeeding,High,High,36.5,Rain,Medium,1,3,0.95,1.0,UNIQUE,,-1,86.6
ACC-IND-014787,OPEN_ACCIDENT_DATASET,14787,2022-09-05,20:00,2022,9,Monday,Mumbai,Eastern Suburbs,Eastern Express Highway (Vikhroli - Ghatkopar),19.111769,72.941436,Heavy Commercial / Truck,Urban,Grievous/Major,3,0,3,Poor Road,Medium,Moderate,36.5,Rain,Low,1,3,0.95,1.0,UNIQUE,,-1,58.0
ACC-IND-014800,OPEN_ACCIDENT_DATASET,14800,2023-07-16,0:00,2023,7,Sunday,Mumbai,Navi Mumbai Gateway,Sion Panvel Highway (Mankhurd - Vashi),18.970017,72.950242,Heavy Commercial / Truck,Urban,Minor,0,0,0,Weather,Low,Moderate,36.5,Rain,Low,0,4,0.95,1.0,UNIQUE,,-1,52.0
ACC-IND-014801,OPEN_ACCIDENT_DATASET,14801,2024-03-14,8:00,2024,3,Thursday,Mumbai,Thane West,Ghodbunder Road (Thane West),19.237221,72.897617,Heavy Commercial / Truck,Rural,Grievous/Major,0,0,0,Drunk Driving,High,High,36.5,Clear,High,1,5,0.95,1.0,UNIQUE,,-1,67.1
ACC-IND-014806,OPEN_ACCIDENT_DATASET,14806,2024-05-08,5:00,2024,5,Monday,Mumbai,Thane West,Ghodbunder Road (Thane West),19.262135,72.964286,Heavy Commercial / Truck,Urban,Fatal,2,1,3,Overspeeding,Medium,Moderate,36.5,Clear,High,0,3,0.95,1.0,UNIQUE,,1,77.5
ACC-IND-014807,OPEN_ACCIDENT_DATASET,14807,2022-03-12,10:00,2022,3,Saturday,Mumbai,Lower Parel,Lower Parel Commercial Hub / Senapati Bapat Marg,19.009449,72.824256,Heavy Commercial / Truck,Rural,Fatal,2,1,3,Overspeeding,High,High,36.5,Fog,Low,1,3,0.95,1.0,UNIQUE,,3,82.1
ACC-IND-014812,OPEN_ACCIDENT_DATASET,14812,2024-02-07,15:00,2024,2,Tuesday,Mumbai,Eastern Suburbs,Eastern Express Highway (Vikhroli - Ghatkopar),19.154003,72.990093,Two-Wheeler / Bike,Rural,Minor,1,0,1,Distraction,High,High,36.5,Rain,Medium,0,1,0.95,1.0,UNIQUE,,-1,40.1
ACC-IND-014813,OPEN_ACCIDENT_DATASET,14813,2023-11-26,3:00,2023,11,Sunday,Mumbai,South Mumbai,Marine Drive Promenade / Netaji Subhash Road,18.911461,72.912737,Two-Wheeler / Bike,Rural,Minor,1,0,1,Weather,Low,Moderate,36.5,Clear,High,1,5,0.95,1.0,UNIQUE,,-1,52.0
ACC-IND-014817,OPEN_ACCIDENT_DATASET,14817,2024-03-30,3:00,2024,3,Saturday,Mumbai,Dadar Central,Dadar TT Circle / Dr. Ambedkar Road,19.0195,72.841411,Two-Wheeler / Bike,Highway,Grievous/Major,1,0,1,Distraction,Low,Moderate,36.5,Clear,High,1,1,0.95,1.0,UNIQUE,,3,50.5
ACC-IND-014822,OPEN_ACCIDENT_DATASET,14822,2022-11-23,10:00,2022,11,Wednesday,Mumbai,Navi Mumbai Gateway,Sion Panvel Highway (Mankhurd - Vashi),18.898437,72.995198,Car / SUV,Rural,Grievous/Major,2,0,2,Distraction,High,High,36.5,Rain,Medium,1,4,0.95,1.0,UNIQUE,,-1,67.1
ACC-IND-014830,OPEN_ACCIDENT_DATASET,14830,2022-11-14,22:00,2022,11,Monday,Mumbai,Lower Parel,Lower Parel Commercial Hub / Senapati Bapat Marg,19.026331,72.792342,Car / SUV,Highway,Minor,2,0,2,Distraction,Low,Moderate,36.5,Clear,High,0,2,0.95,1.0,UNIQUE,,-1,46.0
ACC-IND-014838,OPEN_ACCIDENT_DATASET,14838,2023-10-12,14:00,2023,10,Sunday,Mumbai,Powai / Andheri East,Jogeshwari-Vikhroli Link Road (JVLR),19.127776,72.880911,Car / SUV,Urban,Fatal,1,1,2,Poor Road,Medium,Moderate,36.5,Rain,Medium,0,2,0.95,1.0,UNIQUE,,8,71.5
ACC-IND-014842,OPEN_ACCIDENT_DATASET,14842,2025-08-03,19:00,2025,8,Saturday,Mumbai,South Mumbai,Marine Drive Promenade / Netaji Subhash Road,18.944425,72.82403,Two-Wheeler / Bike,Urban,Minor,1,0,1,Drunk Driving,High,High,36.5,Fog,Low,0,1,0.95,1.0,UNIQUE,,6,40.1
ACC-IND-014848,OPEN_ACCIDENT_DATASET,14848,2023-02-17,15:00,2023,2,Friday,Mumbai,Andheri West,Swami Vivekanand (SV) Road (Andheri West),19.11473,72.802569,Car / SUV,Highway,Minor,2,0,2,Poor Road,Low,Moderate,36.5,Rain,Low,1,3,0.95,1.0,UNIQUE,,-1,52.0
ACC-IND-014855,OPEN_ACCIDENT_DATASET,14855,2022-04-25,6:00,2022,4,Monday,Mumbai,Navi Mumbai Gateway,Sion Panvel Highway (Mankhurd - Vashi),19.001953,72.983033,Two-Wheeler / Bike,Urban,Grievous/Major,1,0,1,Poor Road,High,High,36.5,Rain,Medium,1,1,0.95,1.0,UNIQUE,,13,50.6
ACC-IND-014859,OPEN_ACCIDENT_DATASET,14859,2022-08-22,12:00,2022,8,Monday,Mumbai,Western Suburbs,Western Express Highway (Kandivali - Goregaon),19.162974,72.858386,Car / SUV,Rural,Minor,2,0,2,Weather,Medium,Moderate,36.5,Fog,Low,1,3,0.95,1.0,UNIQUE,,11,47.5
ACC-IND-014862,OPEN_ACCIDENT_DATASET,14862,2025-02-02,19:00,2025,2,Sunday,Mumbai,South Mumbai,Marine Drive Promenade / Netaji Subhash Road,18.881986,72.869101,Heavy Commercial / Truck,Urban,Minor,2,1,3,Poor Road,High,High,36.5,Clear,High,0,5,0.95,1.0,UNIQUE,,-1,68.6
ACC-IND-014866,OPEN_ACCIDENT_DATASET,14866,2023-05-05,6:00,2023,5,Friday,Mumbai,Dadar Central,Dadar TT Circle / Dr. Ambedkar Road,19.032498,72.825365,Heavy Commercial / Truck,Urban,Fatal,3,1,4,Drunk Driving,Low,Moderate,36.5,Fog,Low,1,4,0.95,1.0,UNIQUE,,-1,82.0
ACC-IND-014879,OPEN_ACCIDENT_DATASET,14879,2024-04-05,16:00,2024,4,Saturday,Mumbai,Eastern Suburbs,Eastern Express Highway (Vikhroli - Ghatkopar),19.115464,72.981583,Heavy Commercial / Truck,Highway,Fatal,3,1,4,Poor Road,High,High,36.5,Clear,High,1,4,0.95,1.0,UNIQUE,,-1,86.6
ACC-IND-014882,OPEN_ACCIDENT_DATASET,14882,2025-01-14,18:00,2025,1,Tuesday,Mumbai,Sion-Chembur,Eastern Express Highway (Sion - Chembur),18.968694,72.91192,Heavy Commercial / Truck,Rural,Minor,2,1,3,Poor Road,Low,Moderate,36.5,Fog,Low,1,4,0.95,1.0,UNIQUE,,-1,64.0
ACC-IND-014884,OPEN_ACCIDENT_DATASET,14884,2025-03-17,1:00,2025,3,Monday,Mumbai,Powai / Andheri East,Jogeshwari-Vikhroli Link Road (JVLR),19.124691,72.871169,Car / SUV,Rural,Minor,2,0,2,Poor Road,Medium,Moderate,36.5,Fog,Low,0,4,0.95,1.0,UNIQUE,,8,52.0
ACC-IND-014890,OPEN_ACCIDENT_DATASET,14890,2022-05-04,21:00,2022,5,Tuesday,Mumbai,Powai / Andheri East,Jogeshwari-Vikhroli Link Road (JVLR),19.131064,72.882795,Car / SUV,Rural,Fatal,1,1,2,Distraction,Medium,Moderate,36.5,Fog,Low,1,2,0.95,1.0,UNIQUE,,8,71.5
ACC-IND-014907,OPEN_ACCIDENT_DATASET,14907,2022-08-14,18:00,2022,8,Sunday,Mumbai,Western Suburbs,Western Express Highway (Kandivali - Goregaon),19.252079,72.855958,Heavy Commercial / Truck,Urban,Minor,0,0,0,Drunk Driving,High,High,36.5,Fog,Low,0,5,0.95,1.0,UNIQUE,,-1,56.6
ACC-IND-014910,OPEN_ACCIDENT_DATASET,14910,2023-01-10,20:00,2023,1,Sunday,Mumbai,Thane West,Ghodbunder Road (Thane West),19.234203,72.993073,Car / SUV,Rural,Minor,2,0,2,Drunk Driving,Low,Moderate,36.5,Rain,Medium,0,5,0.95,1.0,UNIQUE,,20,52.0
ACC-IND-014922,OPEN_ACCIDENT_DATASET,14922,2022-11-25,11:00,2022,11,Friday,Mumbai,South Mumbai,Marine Drive Promenade / Netaji Subhash Road,18.907045,72.90432,Two-Wheeler / Bike,Rural,Grievous/Major,1,0,1,Poor Road,Medium,Moderate,36.5,Rain,Low,1,2,0.95,1.0,UNIQUE,,-1,52.0
ACC-IND-014923,OPEN_ACCIDENT_DATASET,14923,2024-04-15,6:00,2024,4,Monday,Mumbai,Thane West,Ghodbunder Road (Thane West),19.260057,72.969533,Two-Wheeler / Bike,Urban,Grievous/Major,1,0,1,Drunk Driving,High,High,36.5,Clear,High,1,5,0.95,1.0,UNIQUE,,1,67.1
ACC-IND-014924,OPEN_ACCIDENT_DATASET,14924,2024-12-15,14:00,2024,12,Sunday,Mumbai,Eastern Suburbs,Eastern Express Highway (Vikhroli - Ghatkopar),19.095646,72.919324,Heavy Commercial / Truck,Rural,Minor,0,0,0,Weather,Medium,Moderate,36.5,Fog,Low,0,5,0.95,1.0,UNIQUE,,2,52.0
ACC-IND-014947,OPEN_ACCIDENT_DATASET,14947,2024-12-10,19:00,2024,12,Saturday,Mumbai,South Mumbai,Marine Drive Promenade / Netaji Subhash Road,18.931505,72.905386,Car / SUV,Rural,Grievous/Major,2,0,2,Overspeeding,Medium,Moderate,36.5,Clear,High,1,3,0.95,1.0,UNIQUE,,-1,58.0
ACC-IND-014957,OPEN_ACCIDENT_DATASET,14957,2023-03-20,1:00,2023,3,Monday,Mumbai,Kurla / Ghatkopar,LBS Marg (Kurla - Ghatkopar),19.077826,72.887211,Heavy Commercial / Truck,Rural,Minor,0,0,0,Overspeeding,Low,Moderate,36.5,Fog,Low,0,1,0.95,1.0,UNIQUE,,7,35.5
ACC-IND-014958,OPEN_ACCIDENT_DATASET,14958,2022-10-15,4:00,2022,10,Saturday,Mumbai,Thane West,Ghodbunder Road (Thane West),19.165522,72.99411,Heavy Commercial / Truck,Urban,Minor,0,0,0,Overspeeding,Low,Moderate,36.5,Fog,Low,1,3,0.95,1.0,UNIQUE,,-1,47.5
ACC-IND-014961,OPEN_ACCIDENT_DATASET,14961,2023-12-31,4:00,2023,12,Sunday,Mumbai,Western Suburbs,Western Express Highway (Kandivali - Goregaon),19.21876,72.865374,Heavy Commercial / Truck,Rural,Grievous/Major,4,0,4,Weather,Low,Moderate,36.5,Clear,High,1,5,0.95,1.0,UNIQUE,,-1,62.5
ACC-IND-014965,OPEN_ACCIDENT_DATASET,14965,2023-02-20,2:00,2023,2,Monday,Mumbai,Western Suburbs,Western Express Highway (Kandivali - Goregaon),19.183703,72.789464,Heavy Commercial / Truck,Rural,Minor,0,0,0,Distraction,High,High,36.5,Fog,Low,1,2,0.95,1.0,UNIQUE,,-1,46.1
ACC-IND-014969,OPEN_ACCIDENT_DATASET,14969,2022-05-26,4:00,2022,5,Thursday,Mumbai,Kurla East,Santa Cruz-Chembur Link Road (SCLR),19.076056,72.876375,Heavy Commercial / Truck,Urban,Grievous/Major,0,0,0,Distraction,Low,Moderate,36.5,Clear,High,0,2,0.95,1.0,UNIQUE,,7,52.0
ACC-IND-014975,OPEN_ACCIDENT_DATASET,14975,2024-07-17,1:00,2024,7,Wednesday,Mumbai,Thane West,Ghodbunder Road (Thane West),19.199088,72.932352,Car / SUV,Highway,Minor,2,0,2,Weather,Low,Moderate,36.5,Rain,Medium,0,2,0.95,1.0,UNIQUE,,-1,46.0
ACC-IND-014976,OPEN_ACCIDENT_DATASET,14976,2022-11-28,8:00,2022,11,Monday,Mumbai,South Mumbai,Marine Drive Promenade / Netaji Subhash Road,18.862776,72.815453,Heavy Commercial / Truck,Highway,Minor,0,0,0,Weather,Medium,Moderate,36.5,Clear,High,0,5,0.95,1.0,UNIQUE,,-1,52.0
ACC-IND-014992,OPEN_ACCIDENT_DATASET,14992,2022-01-15,0:00,2022,1,Saturday,Mumbai,Sion-Chembur,Eastern Express Highway (Sion - Chembur),18.997186,72.920022,Two-Wheeler / Bike,Highway,Minor,1,0,1,Poor Road,Low,Moderate,36.5,Rain,Low,1,5,0.95,1.0,UNIQUE,,-1,52.0
ACC-IND-015001,OPEN_ACCIDENT_DATASET,15001,2024-05-31,20:00,2024,5,Friday,Mumbai,Thane West,Ghodbunder Road (Thane West),19.262631,72.963961,Car / SUV,Highway,Minor,2,0,2,Distraction,High,High,36.5,Rain,Medium,1,4,0.95,1.0,UNIQUE,,1,56.6
ACC-IND-015003,OPEN_ACCIDENT_DATASET,15003,2023-12-29,12:00,2023,12,Friday,Mumbai,Western Suburbs,Western Express Highway (Kandivali - Goregaon),19.236581,72.795263,Heavy Commercial / Truck,Highway,Grievous/Major,0,0,0,Overspeeding,Medium,Moderate,36.5,Rain,Medium,1,2,0.95,1.0,UNIQUE,,15,56.5
ACC-IND-015013,OPEN_ACCIDENT_DATASET,15013,2025-01-22,11:00,2025,1,Wednesday,Mumbai,Lower Parel,Lower Parel Commercial Hub / Senapati Bapat Marg,18.993102,72.82495,Two-Wheeler / Bike,Rural,Grievous/Major,1,0,1,Distraction,Medium,Moderate,36.5,Clear,High,0,1,0.95,1.0,UNIQUE,,3,46.0
ACC-IND-015017,OPEN_ACCIDENT_DATASET,15017,2024-12-22,2:00,2024,12,Sunday,Mumbai,Dadar Central,Dadar TT Circle / Dr. Ambedkar Road,19.031839,72.846529,Heavy Commercial / Truck,Urban,Minor,0,0,0,Overspeeding,Low,Moderate,36.5,Clear,High,1,2,0.95,1.0,UNIQUE,,3,41.5
ACC-IND-015024,OPEN_ACCIDENT_DATASET,15024,2023-06-22,0:00,2023,6,Thursday,Mumbai,Andheri West,Swami Vivekanand (SV) Road (Andheri West),19.096916,72.837606,Heavy Commercial / Truck,Rural,Minor,4,0,4,Weather,Low,Moderate,36.5,Fog,Low,1,4,0.95,1.0,UNIQUE,,-1,52.0
ACC-IND-015028,OPEN_ACCIDENT_DATASET,15028,2022-09-15,1:00,2022,9,Thursday,Mumbai,Navi Mumbai Gateway,Sion Panvel Highway (Mankhurd - Vashi),18.952531,72.972986,Two-Wheeler / Bike,Rural,Minor,1,0,1,Poor Road,Low,Moderate,36.5,Rain,Low,0,1,0.95,1.0,UNIQUE,,-1,35.5
ACC-IND-015041,OPEN_ACCIDENT_DATASET,15041,2023-05-13,3:00,2023,5,Saturday,Mumbai,Navi Mumbai Gateway,Sion Panvel Highway (Mankhurd - Vashi),19.084048,72.944595,Car / SUV,Rural,Minor,2,0,2,Distraction,High,High,36.5,Clear,High,1,2,0.95,1.0,UNIQUE,,-1,46.1
ACC-IND-015051,OPEN_ACCIDENT_DATASET,15051,2024-05-03,13:00,2024,5,Tuesday,Mumbai,Dadar Central,Dadar TT Circle / Dr. Ambedkar Road,19.014992,72.843781,Two-Wheeler / Bike,Rural,Minor,1,0,1,Overspeeding,High,High,36.5,Clear,High,0,5,0.95,1.0,UNIQUE,,3,56.6
ACC-IND-015059,OPEN_ACCIDENT_DATASET,15059,2023-09-04,23:00,2023,9,Sunday,Mumbai,Western Suburbs,Western Express Highway (Kandivali - Goregaon),19.18557,72.900891,Car / SUV,Rural,Minor,2,0,2,Drunk Driving,Medium,Moderate,36.5,Fog,Low,0,5,0.95,1.0,UNIQUE,,12,52.0
ACC-IND-015062,OPEN_ACCIDENT_DATASET,15062,2025-11-02,15:00,2025,11,Tuesday,Mumbai,Eastern Suburbs,Eastern Express Highway (Vikhroli - Ghatkopar),19.146776,72.971948,Heavy Commercial / Truck,Rural,Grievous/Major,2,1,3,Drunk Driving,High,High,36.5,Fog,Low,0,3,0.95,1.0,UNIQUE,,-1,74.6
ACC-IND-015065,OPEN_ACCIDENT_DATASET,15065,2022-01-08,16:00,2022,1,Monday,Mumbai,South Mumbai,Marine Drive Promenade / Netaji Subhash Road,18.870028,72.926468,Two-Wheeler / Bike,Highway,Minor,1,0,1,Weather,High,High,36.5,Rain,Medium,1,2,0.95,1.0,UNIQUE,,-1,50.6
ACC-IND-015067,OPEN_ACCIDENT_DATASET,15067,2024-04-14,12:00,2024,4,Sunday,Mumbai,Lower Parel,Lower Parel Commercial Hub / Senapati Bapat Marg,18.974368,72.840405,Heavy Commercial / Truck,Urban,Minor,0,0,0,Distraction,Low,Moderate,36.5,Fog,Low,0,4,0.95,1.0,UNIQUE,,-1,52.0
ACC-IND-015071,OPEN_ACCIDENT_DATASET,15071,2022-06-22,20:00,2022,6,Wednesday,Mumbai,Eastern Suburbs,Eastern Express Highway (Vikhroli - Ghatkopar),19.148494,72.99599,Two-Wheeler / Bike,Rural,Minor,1,0,1,Weather,Low,Moderate,36.5,Fog,Low,1,5,0.95,1.0,UNIQUE,,-1,52.0
ACC-IND-015111,OPEN_ACCIDENT_DATASET,15111,2023-10-13,13:00,2023,10,Friday,Mumbai,South Mumbai,Marine Drive Promenade / Netaji Subhash Road,18.923948,72.897362,Heavy Commercial / Truck,Highway,Minor,0,0,0,Distraction,Medium,Moderate,36.5,Clear,High,0,3,0.95,1.0,UNIQUE,,-1,52.0
ACC-IND-015116,OPEN_ACCIDENT_DATASET,15116,2023-07-29,13:00,2023,7,Saturday,Mumbai,South Mumbai,Marine Drive Promenade / Netaji Subhash Road,18.926321,72.898119,Heavy Commercial / Truck,Highway,Grievous/Major,0,0,0,Overspeeding,Medium,Moderate,36.5,Fog,Low,1,5,0.95,1.0,UNIQUE,,-1,62.5
ACC-IND-015139,OPEN_ACCIDENT_DATASET,15139,2022-11-05,21:00,2022,11,Wednesday,Mumbai,Kurla / Ghatkopar,LBS Marg (Kurla - Ghatkopar),19.080824,72.888785,Car / SUV,Rural,Minor,2,0,2,Overspeeding,High,High,36.5,Fog,Low,0,5,0.95,1.0,UNIQUE,,7,56.6
ACC-IND-015142,OPEN_ACCIDENT_DATASET,15142,2023-11-06,3:00,2023,11,Sunday,Mumbai,Navi Mumbai Gateway,Sion Panvel Highway (Mankhurd - Vashi),19.085711,72.985273,Heavy Commercial / Truck,Highway,Fatal,4,1,5,Distraction,Low,Moderate,36.5,Rain,Low,1,5,0.95,1.0,UNIQUE,,-1,82.0
ACC-IND-015144,OPEN_ACCIDENT_DATASET,15144,2025-05-01,8:00,2025,5,Sunday,Mumbai,Sion-Chembur,Eastern Express Highway (Sion - Chembur),19.043527,72.876895,Heavy Commercial / Truck,Urban,Minor,5,0,5,Drunk Driving,Low,Moderate,36.5,Fog,Low,1,5,0.95,1.0,UNIQUE,,5,52.0
ACC-IND-015146,OPEN_ACCIDENT_DATASET,15146,2022-05-09,7:00,2022,5,Monday,Mumbai,Bandra West,Western Express Highway (Bandra - Santacruz),19.068351,72.840404,Heavy Commercial / Truck,Highway,Fatal,4,1,5,Distraction,Medium,Moderate,36.5,Fog,Low,1,5,0.95,1.0,UNIQUE,,0,82.0
ACC-IND-015149,OPEN_ACCIDENT_DATASET,15149,2025-01-17,5:00,2025,1,Friday,Mumbai,Navi Mumbai Gateway,Sion Panvel Highway (Mankhurd - Vashi),19.03864,72.991916,Two-Wheeler / Bike,Highway,Minor,1,0,1,Distraction,High,High,36.5,Fog,Low,1,5,0.95,1.0,UNIQUE,,-1,56.6
ACC-IND-015162,OPEN_ACCIDENT_DATASET,15162,2024-04-21,14:00,2024,4,Sunday,Mumbai,Thane West,Ghodbunder Road (Thane West),19.286902,72.878563,Heavy Commercial / Truck,Highway,Minor,4,0,4,Drunk Driving,High,High,36.5,Fog,Low,1,5,0.95,1.0,UNIQUE,,-1,56.6
ACC-IND-015165,OPEN_ACCIDENT_DATASET,15165,2023-08-07,1:00,2023,8,Saturday,Mumbai,Dadar Central,Dadar TT Circle / Dr. Ambedkar Road,19.031315,72.852622,Heavy Commercial / Truck,Highway,Grievous/Major,3,0,3,Overspeeding,Low,Moderate,36.5,Clear,High,0,5,0.95,1.0,UNIQUE,,3,62.5
ACC-IND-015190,OPEN_ACCIDENT_DATASET,15190,2024-11-29,18:00,2024,11,Friday,Mumbai,South Mumbai,Marine Drive Promenade / Netaji Subhash Road,18.90567,72.842087,Car / SUV,Rural,Grievous/Major,2,0,2,Overspeeding,High,High,36.5,Rain,Medium,1,5,0.95,1.0,UNIQUE,,-1,67.1
ACC-IND-015204,OPEN_ACCIDENT_DATASET,15204,2023-11-11,11:00,2023,11,Saturday,Mumbai,South Mumbai,Marine Drive Promenade / Netaji Subhash Road,18.955791,72.830928,Heavy Commercial / Truck,Urban,Minor,0,0,0,Distraction,Low,Moderate,36.5,Fog,Low,0,5,0.95,1.0,UNIQUE,,-1,52.0
ACC-IND-015208,OPEN_ACCIDENT_DATASET,15208,2024-01-07,11:00,2024,1,Monday,Mumbai,Thane West,Ghodbunder Road (Thane West),19.238705,72.957714,Heavy Commercial / Truck,Highway,Minor,0,0,0,Drunk Driving,High,High,36.5,Rain,Low,1,2,0.95,1.0,UNIQUE,,-1,50.6
ACC-IND-015209,OPEN_ACCIDENT_DATASET,15209,2024-12-04,4:00,2024,12,Friday,Mumbai,Thane West,Ghodbunder Road (Thane West),19.25833,72.968326,Car / SUV,Urban,Minor,2,0,2,Drunk Driving,Medium,Moderate,36.5,Fog,Low,1,3,0.95,1.0,UNIQUE,,1,47.5
ACC-IND-015210,OPEN_ACCIDENT_DATASET,15210,2023-10-23,5:00,2023,10,Monday,Mumbai,Thane West,Ghodbunder Road (Thane West),19.274523,72.906129,Two-Wheeler / Bike,Rural,Minor,1,0,1,Drunk Driving,High,High,36.5,Clear,High,0,1,0.95,1.0,UNIQUE,,-1,40.1
ACC-IND-015219,OPEN_ACCIDENT_DATASET,15219,2022-06-08,20:00,2022,6,Saturday,Mumbai,Dadar Central,Dadar TT Circle / Dr. Ambedkar Road,19.028307,72.857249,Heavy Commercial / Truck,Rural,Minor,0,0,0,Distraction,Medium,Moderate,36.5,Rain,Medium,1,2,0.95,1.0,UNIQUE,,-1,41.5
ACC-IND-015225,OPEN_ACCIDENT_DATASET,15225,2022-08-10,21:00,2022,8,Saturday,Mumbai,South Mumbai,Marine Drive Promenade / Netaji Subhash Road,18.859821,72.859816,Heavy Commercial / Truck,Rural,Minor,3,0,3,Weather,Low,Moderate,36.5,Clear,High,0,4,0.95,1.0,UNIQUE,,-1,52.0
ACC-IND-015232,OPEN_ACCIDENT_DATASET,15232,2024-07-10,2:00,2024,7,Monday,Mumbai,Andheri West,Swami Vivekanand (SV) Road (Andheri West),19.102206,72.851905,Car / SUV,Highway,Fatal,1,1,2,Overspeeding,Medium,Moderate,36.5,Rain,Low,1,2,0.95,1.0,UNIQUE,,-1,76.0
ACC-IND-015239,OPEN_ACCIDENT_DATASET,15239,2024-02-08,20:00,2024,2,Friday,Mumbai,South Mumbai,Marine Drive Promenade / Netaji Subhash Road,18.936184,72.864281,Heavy Commercial / Truck,Highway,Grievous/Major,0,0,0,Weather,High,High,36.5,Clear,High,1,2,0.95,1.0,UNIQUE,,-1,61.1
ACC-IND-015242,OPEN_ACCIDENT_DATASET,15242,2022-09-25,13:00,2022,9,Sunday,Mumbai,South Mumbai,Marine Drive Promenade / Netaji Subhash Road,18.869717,72.917628,Two-Wheeler / Bike,Highway,Minor,1,0,1,Drunk Driving,Medium,Moderate,36.5,Clear,High,1,4,0.95,1.0,UNIQUE,,-1,52.0
ACC-IND-015248,OPEN_ACCIDENT_DATASET,15248,2025-03-13,19:00,2025,3,Thursday,Mumbai,Thane West,Ghodbunder Road (Thane West),19.266576,72.901723,Heavy Commercial / Truck,Rural,Grievous/Major,0,0,0,Drunk Driving,High,High,36.5,Fog,Low,0,2,0.95,1.0,UNIQUE,,-1,56.6
ACC-IND-015255,OPEN_ACCIDENT_DATASET,15255,2024-10-06,6:00,2024,10,Monday,Mumbai,South Mumbai,Marine Drive Promenade / Netaji Subhash Road,18.902806,72.932328,Car / SUV,Rural,Fatal,1,1,2,Poor Road,High,High,36.5,Fog,Low,0,2,0.95,1.0,UNIQUE,,-1,76.1
ACC-IND-015263,OPEN_ACCIDENT_DATASET,15263,2022-06-02,2:00,2022,6,Sunday,Mumbai,Thane West,Ghodbunder Road (Thane West),19.229758,72.991276,Heavy Commercial / Truck,Highway,Grievous/Major,3,0,3,Overspeeding,Low,Moderate,36.5,Fog,Low,1,3,0.95,1.0,UNIQUE,,20,62.5
ACC-IND-015271,OPEN_ACCIDENT_DATASET,15271,2024-06-04,3:00,2024,6,Saturday,Mumbai,South Mumbai,Marine Drive Promenade / Netaji Subhash Road,18.916141,72.957456,Heavy Commercial / Truck,Rural,Grievous/Major,0,0,0,Weather,High,High,36.5,Fog,Low,1,1,0.95,1.0,UNIQUE,,-1,50.6
ACC-IND-015272,OPEN_ACCIDENT_DATASET,15272,2024-11-08,5:00,2024,11,Sunday,Mumbai,Thane West,Ghodbunder Road (Thane West),19.259871,72.960115,Heavy Commercial / Truck,Urban,Minor,0,0,0,Weather,Medium,Moderate,36.5,Fog,Low,0,2,0.95,1.0,UNIQUE,,1,41.5
ACC-IND-015273,OPEN_ACCIDENT_DATASET,15273,2022-08-14,1:00,2022,8,Sunday,Mumbai,Western Suburbs,Western Express Highway (Kandivali - Goregaon),19.17212,72.860083,Heavy Commercial / Truck,Highway,Minor,3,0,3,Poor Road,Medium,Moderate,36.5,Fog,Low,0,5,0.95,1.0,UNIQUE,,11,52.0
ACC-IND-015274,OPEN_ACCIDENT_DATASET,15274,2023-02-11,21:00,2023,2,Thursday,Mumbai,Western Suburbs,Western Express Highway (Kandivali - Goregaon),19.188609,72.864737,Two-Wheeler / Bike,Highway,Grievous/Major,1,0,1,Drunk Driving,Medium,Moderate,36.5,Clear,High,0,1,0.95,1.0,UNIQUE,,-1,50.5
ACC-IND-015292,OPEN_ACCIDENT_DATASET,15292,2025-03-16,3:00,2025,3,Sunday,Mumbai,Western Suburbs,Western Express Highway (Kandivali - Goregaon),19.24297,72.790163,Heavy Commercial / Truck,Rural,Fatal,4,1,5,Drunk Driving,Low,Moderate,36.5,Rain,Low,0,5,0.95,1.0,UNIQUE,,15,82.0
ACC-IND-015293,OPEN_ACCIDENT_DATASET,15293,2023-11-06,15:00,2023,11,Sunday,Mumbai,Navi Mumbai Gateway,Sion Panvel Highway (Mankhurd - Vashi),19.03575,72.936248,Car / SUV,Highway,Grievous/Major,2,0,2,Weather,Low,Moderate,36.5,Clear,High,0,4,0.95,1.0,UNIQUE,,4,62.5
ACC-IND-015298,OPEN_ACCIDENT_DATASET,15298,2022-04-12,14:00,2022,4,Sunday,Mumbai,Powai / Andheri East,Jogeshwari-Vikhroli Link Road (JVLR),19.168734,72.933938,Car / SUV,Rural,Minor,2,0,2,Weather,Medium,Moderate,36.5,Rain,Low,0,4,0.95,1.0,UNIQUE,,-1,52.0
ACC-IND-015311,OPEN_ACCIDENT_DATASET,15311,2024-10-08,4:00,2024,10,Saturday,Mumbai,Dadar Central,Dadar TT Circle / Dr. Ambedkar Road,19.040528,72.801718,Heavy Commercial / Truck,Rural,Fatal,2,1,3,Distraction,Medium,Moderate,36.5,Clear,High,0,3,0.95,1.0,UNIQUE,,-1,77.5
ACC-IND-015322,OPEN_ACCIDENT_DATASET,15322,2022-01-09,3:00,2022,1,Thursday,Mumbai,Navi Mumbai Gateway,Sion Panvel Highway (Mankhurd - Vashi),18.960732,72.967228,Two-Wheeler / Bike,Highway,Grievous/Major,1,0,1,Weather,Low,Moderate,36.5,Clear,High,0,2,0.95,1.0,UNIQUE,,-1,56.5
ACC-IND-015328,OPEN_ACCIDENT_DATASET,15328,2022-08-23,23:00,2022,8,Tuesday,Mumbai,South Mumbai,Marine Drive Promenade / Netaji Subhash Road,18.909173,72.960124,Heavy Commercial / Truck,Rural,Minor,0,0,0,Distraction,High,High,36.5,Rain,Medium,0,5,0.95,1.0,UNIQUE,,-1,56.6
ACC-IND-015333,OPEN_ACCIDENT_DATASET,15333,2022-09-20,0:00,2022,9,Tuesday,Mumbai,Thane West,Ghodbunder Road (Thane West),19.218229,72.984354,Heavy Commercial / Truck,Urban,Grievous/Major,0,0,0,Distraction,High,High,36.5,Rain,Medium,1,5,0.95,1.0,UNIQUE,,-1,67.1
ACC-IND-015338,OPEN_ACCIDENT_DATASET,15338,2023-11-10,8:00,2023,11,Wednesday,Mumbai,Lower Parel,Lower Parel Commercial Hub / Senapati Bapat Marg,18.997821,72.826046,Heavy Commercial / Truck,Urban,Minor,3,0,3,Poor Road,High,High,36.5,Clear,High,0,3,0.95,1.0,UNIQUE,,3,52.1
ACC-IND-015344,OPEN_ACCIDENT_DATASET,15344,2023-04-11,11:00,2023,4,Saturday,Mumbai,Bandra West,Western Express Highway (Bandra - Santacruz),19.047617,72.848085,Car / SUV,Urban,Minor,2,0,2,Weather,Medium,Moderate,36.5,Fog,Low,0,5,0.95,1.0,UNIQUE,,0,52.0
ACC-IND-015347,OPEN_ACCIDENT_DATASET,15347,2023-02-20,15:00,2023,2,Monday,Mumbai,Western Suburbs,Western Express Highway (Kandivali - Goregaon),19.2403,72.798392,Heavy Commercial / Truck,Highway,Minor,5,0,5,Poor Road,Medium,Moderate,36.5,Rain,Low,0,5,0.95,1.0,UNIQUE,,15,52.0
ACC-IND-015355,OPEN_ACCIDENT_DATASET,15355,2024-04-04,0:00,2024,4,Thursday,Mumbai,Andheri West,Swami Vivekanand (SV) Road (Andheri West),19.136358,72.807212,Two-Wheeler / Bike,Rural,Minor,1,0,1,Distraction,Low,Moderate,36.5,Clear,High,0,4,0.95,1.0,UNIQUE,,-1,52.0
ACC-IND-015357,OPEN_ACCIDENT_DATASET,15357,2022-02-16,16:00,2022,2,Wednesday,Mumbai,Thane West,Ghodbunder Road (Thane West),19.226491,72.944559,Heavy Commercial / Truck,Highway,Minor,3,1,4,Poor Road,Medium,Moderate,36.5,Clear,High,0,4,0.95,1.0,UNIQUE,,-1,64.0
ACC-IND-015362,OPEN_ACCIDENT_DATASET,15362,2024-09-05,18:00,2024,9,Thursday,Mumbai,Andheri West,Swami Vivekanand (SV) Road (Andheri West),19.108709,72.848282,Two-Wheeler / Bike,Highway,Grievous/Major,1,0,1,Drunk Driving,High,High,36.5,Clear,High,0,5,0.95,1.0,UNIQUE,,10,67.1
ACC-IND-015365,OPEN_ACCIDENT_DATASET,15365,2023-09-23,15:00,2023,9,Saturday,Mumbai,Navi Mumbai Gateway,Sion Panvel Highway (Mankhurd - Vashi),19.019592,72.92553,Heavy Commercial / Truck,Rural,Minor,0,0,0,Weather,High,High,36.5,Rain,Medium,0,1,0.95,1.0,UNIQUE,,-1,40.1
ACC-IND-015369,OPEN_ACCIDENT_DATASET,15369,2024-03-12,19:00,2024,3,Tuesday,Mumbai,Sion-Chembur,Eastern Express Highway (Sion - Chembur),19.04656,72.893223,Car / SUV,Urban,Minor,2,0,2,Distraction,Medium,Moderate,36.5,Clear,High,1,4,0.95,1.0,UNIQUE,,5,52.0
ACC-IND-015371,OPEN_ACCIDENT_DATASET,15371,2024-01-26,13:00,2024,1,Friday,Mumbai,Western Suburbs,Western Express Highway (Kandivali - Goregaon),19.153419,72.80886,Car / SUV,Rural,Minor,2,0,2,Distraction,Low,Moderate,36.5,Clear,High,1,3,0.95,1.0,UNIQUE,,-1,47.5
ACC-IND-015373,OPEN_ACCIDENT_DATASET,15373,2024-09-01,22:00,2024,9,Tuesday,Mumbai,Kurla / Ghatkopar,LBS Marg (Kurla - Ghatkopar),19.07767,72.889828,Two-Wheeler / Bike,Highway,Minor,1,0,1,Overspeeding,Low,Moderate,36.5,Clear,High,1,2,0.95,1.0,UNIQUE,,7,46.0
ACC-IND-015380,OPEN_ACCIDENT_DATASET,15380,2024-04-12,5:00,2024,4,Wednesday,Mumbai,Western Suburbs,Western Express Highway (Kandivali - Goregaon),19.161339,72.854846,Two-Wheeler / Bike,Highway,Minor,1,0,1,Drunk Driving,High,High,36.5,Fog,Low,1,1,0.95,1.0,UNIQUE,,11,44.6
ACC-IND-015382,OPEN_ACCIDENT_DATASET,15382,2023-03-29,5:00,2023,3,Wednesday,Mumbai,Sion-Chembur,Eastern Express Highway (Sion - Chembur),19.046183,72.888552,Two-Wheeler / Bike,Rural,Minor,1,0,1,Distraction,High,High,36.5,Fog,Low,0,2,0.95,1.0,UNIQUE,,5,46.1
ACC-IND-015399,OPEN_ACCIDENT_DATASET,15399,2024-09-20,7:00,2024,9,Friday,Mumbai,Kurla / Ghatkopar,LBS Marg (Kurla - Ghatkopar),19.075597,72.887989,Heavy Commercial / Truck,Highway,Minor,3,1,4,Overspeeding,Low,Moderate,36.5,Fog,Low,0,4,0.95,1.0,UNIQUE,,7,64.0
ACC-IND-015403,OPEN_ACCIDENT_DATASET,15403,2025-04-14,23:00,2025,4,Monday,Mumbai,Lower Parel,Lower Parel Commercial Hub / Senapati Bapat Marg,18.987695,72.828856,Heavy Commercial / Truck,Rural,Grievous/Major,0,0,0,Overspeeding,Medium,Moderate,36.5,Rain,Medium,0,3,0.95,1.0,UNIQUE,,3,58.0
ACC-IND-015405,OPEN_ACCIDENT_DATASET,15405,2022-08-13,17:00,2022,8,Saturday,Mumbai,Western Suburbs,Western Express Highway (Kandivali - Goregaon),19.164386,72.857511,Two-Wheeler / Bike,Rural,Grievous/Major,1,0,1,Weather,High,High,36.5,Fog,Low,0,5,0.95,1.0,UNIQUE,,11,67.1
ACC-IND-015420,OPEN_ACCIDENT_DATASET,15420,2023-03-25,11:00,2023,3,Saturday,Mumbai,Eastern Suburbs,Eastern Express Highway (Vikhroli - Ghatkopar),19.096669,72.91507,Heavy Commercial / Truck,Urban,Minor,0,0,0,Poor Road,Low,Moderate,36.5,Fog,Low,1,2,0.95,1.0,UNIQUE,,2,41.5
ACC-IND-015433,OPEN_ACCIDENT_DATASET,15433,2023-12-21,3:00,2023,12,Thursday,Mumbai,South Mumbai,Marine Drive Promenade / Netaji Subhash Road,18.905826,72.939777,Heavy Commercial / Truck,Highway,Grievous/Major,0,0,0,Weather,Low,Moderate,36.5,Clear,High,1,1,0.95,1.0,UNIQUE,,-1,50.5
ACC-IND-015445,OPEN_ACCIDENT_DATASET,15445,2023-01-31,23:00,2023,1,Tuesday,Mumbai,Bandra West,Western Express Highway (Bandra - Santacruz),19.065203,72.838583,Two-Wheeler / Bike,Urban,Grievous/Major,1,0,1,Weather,High,High,36.5,Fog,Low,0,1,0.95,1.0,UNIQUE,,0,50.6
ACC-IND-015447,OPEN_ACCIDENT_DATASET,15447,2022-02-03,16:00,2022,2,Wednesday,Mumbai,South Mumbai,Marine Drive Promenade / Netaji Subhash Road,18.913088,72.923167,Heavy Commercial / Truck,Highway,Fatal,4,1,5,Weather,Medium,Moderate,36.5,Rain,Medium,1,5,0.95,1.0,UNIQUE,,-1,82.0
ACC-IND-015452,OPEN_ACCIDENT_DATASET,15452,2024-04-11,0:00,2024,4,Monday,Mumbai,Andheri West,Swami Vivekanand (SV) Road (Andheri West),19.118549,72.839615,Two-Wheeler / Bike,Rural,Minor,1,0,1,Distraction,Low,Moderate,36.5,Clear,High,0,2,0.95,1.0,UNIQUE,,10,41.5
ACC-IND-015455,OPEN_ACCIDENT_DATASET,15455,2022-11-02,8:00,2022,11,Friday,Mumbai,Lower Parel,Lower Parel Commercial Hub / Senapati Bapat Marg,18.988758,72.825751,Car / SUV,Rural,Grievous/Major,2,0,2,Drunk Driving,High,High,36.5,Clear,High,0,4,0.95,1.0,UNIQUE,,3,67.1
ACC-IND-015457,OPEN_ACCIDENT_DATASET,15457,2022-03-14,19:00,2022,3,Monday,Mumbai,Thane West,Ghodbunder Road (Thane West),19.262268,72.878294,Two-Wheeler / Bike,Highway,Grievous/Major,1,0,1,Distraction,High,High,36.5,Rain,Medium,1,1,0.95,1.0,UNIQUE,,-1,55.1
ACC-IND-015459,OPEN_ACCIDENT_DATASET,15459,2022-01-17,0:00,2022,1,Monday,Mumbai,Eastern Suburbs,Eastern Express Highway (Vikhroli - Ghatkopar),19.091164,72.908737,Car / SUV,Highway,Grievous/Major,2,0,2,Overspeeding,Low,Moderate,36.5,Fog,Low,0,3,0.95,1.0,UNIQUE,,2,62.5
ACC-IND-015460,OPEN_ACCIDENT_DATASET,15460,2023-08-01,14:00,2023,8,Sunday,Mumbai,Sion-Chembur,Eastern Express Highway (Sion - Chembur),19.039333,72.889514,Two-Wheeler / Bike,Urban,Minor,1,0,1,Distraction,High,High,36.5,Fog,Low,1,2,0.95,1.0,UNIQUE,,5,46.1
ACC-IND-015470,OPEN_ACCIDENT_DATASET,15470,2024-01-15,6:00,2024,1,Monday,Mumbai,Western Suburbs,Western Express Highway (Kandivali - Goregaon),19.170395,72.854324,Heavy Commercial / Truck,Highway,Fatal,2,1,3,Poor Road,Low,Moderate,36.5,Rain,Low,0,3,0.95,1.0,UNIQUE,,11,82.0
ACC-IND-015488,OPEN_ACCIDENT_DATASET,15488,2023-07-28,6:00,2023,7,Friday,Mumbai,Powai / Andheri East,Jogeshwari-Vikhroli Link Road (JVLR),19.130937,72.888089,Two-Wheeler / Bike,Urban,Grievous/Major,1,0,1,Poor Road,High,High,36.5,Clear,High,1,1,0.95,1.0,UNIQUE,,8,50.6
ACC-IND-015506,OPEN_ACCIDENT_DATASET,15506,2022-09-19,2:00,2022,9,Monday,Mumbai,Dadar Central,Dadar TT Circle / Dr. Ambedkar Road,19.021147,72.84489,Heavy Commercial / Truck,Highway,Grievous/Major,0,0,0,Poor Road,High,High,36.5,Clear,High,1,3,0.95,1.0,UNIQUE,,3,67.1
ACC-IND-015516,OPEN_ACCIDENT_DATASET,15516,2024-06-16,15:00,2024,6,Sunday,Mumbai,Sion-Chembur,Eastern Express Highway (Sion - Chembur),19.024096,72.915548,Two-Wheeler / Bike,Highway,Minor,1,0,1,Weather,Low,Moderate,36.5,Rain,Medium,1,2,0.95,1.0,UNIQUE,,-1,46.0
ACC-IND-015517,OPEN_ACCIDENT_DATASET,15517,2024-09-24,19:00,2024,9,Tuesday,Mumbai,Thane West,Ghodbunder Road (Thane West),19.267593,72.869052,Car / SUV,Rural,Minor,2,0,2,Poor Road,Medium,Moderate,36.5,Clear,High,1,2,0.95,1.0,UNIQUE,,-1,41.5
ACC-IND-015525,OPEN_ACCIDENT_DATASET,15525,2023-02-27,7:00,2023,2,Monday,Mumbai,Navi Mumbai Gateway,Sion Panvel Highway (Mankhurd - Vashi),19.018311,72.930837,Car / SUV,Rural,Grievous/Major,2,0,2,Weather,High,High,36.5,Rain,Medium,0,4,0.95,1.0,UNIQUE,,-1,67.1
ACC-IND-015530,OPEN_ACCIDENT_DATASET,15530,2023-10-22,21:00,2023,10,Sunday,Mumbai,Western Suburbs,Western Express Highway (Kandivali - Goregaon),19.239761,72.776708,Heavy Commercial / Truck,Rural,Minor,3,0,3,Overspeeding,Low,Moderate,36.5,Clear,High,0,3,0.95,1.0,UNIQUE,,-1,47.5
ACC-IND-015532,OPEN_ACCIDENT_DATASET,15532,2023-12-29,19:00,2023,12,Friday,Mumbai,Dadar Central,Dadar TT Circle / Dr. Ambedkar Road,19.021039,72.843976,Heavy Commercial / Truck,Urban,Minor,4,0,4,Poor Road,Low,Moderate,36.5,Fog,Low,0,5,0.95,1.0,UNIQUE,,3,52.0
ACC-IND-015547,OPEN_ACCIDENT_DATASET,15547,2022-02-17,20:00,2022,2,Thursday,Mumbai,Thane West,Ghodbunder Road (Thane West),19.261375,72.95935,Heavy Commercial / Truck,Urban,Minor,4,0,4,Drunk Driving,High,High,36.5,Rain,Low,1,4,0.95,1.0,UNIQUE,,1,56.6
ACC-IND-015548,OPEN_ACCIDENT_DATASET,15548,2024-10-12,11:00,2024,10,Tuesday,Mumbai,South Mumbai,Marine Drive Promenade / Netaji Subhash Road,18.966877,72.834683,Two-Wheeler / Bike,Highway,Grievous/Major,1,0,1,Distraction,High,High,36.5,Fog,Low,1,1,0.95,1.0,UNIQUE,,-1,55.1
ACC-IND-015549,OPEN_ACCIDENT_DATASET,15549,2024-08-28,7:00,2024,8,Wednesday,Mumbai,South Mumbai,Marine Drive Promenade / Netaji Subhash Road,18.875878,72.91135,Heavy Commercial / Truck,Highway,Minor,0,0,0,Poor Road,Low,Moderate,36.5,Rain,Low,0,1,0.95,1.0,UNIQUE,,-1,40.0
ACC-IND-015562,OPEN_ACCIDENT_DATASET,15562,2022-10-29,7:00,2022,10,Saturday,Mumbai,Bandra West,Western Express Highway (Bandra - Santacruz),19.08252,72.853215,Car / SUV,Rural,Grievous/Major,2,0,2,Weather,High,High,36.5,Rain,Medium,0,4,0.95,1.0,UNIQUE,,-1,67.1
ACC-IND-015564,OPEN_ACCIDENT_DATASET,15564,2022-03-05,11:00,2022,3,Tuesday,Mumbai,Thane West,Ghodbunder Road (Thane West),19.29245,72.865484,Heavy Commercial / Truck,Highway,Grievous/Major,3,1,4,Drunk Driving,Low,Moderate,36.5,Clear,High,0,4,0.95,1.0,UNIQUE,,-1,74.5
ACC-IND-015567,OPEN_ACCIDENT_DATASET,15567,2022-08-11,4:00,2022,8,Tuesday,Mumbai,South Mumbai,Marine Drive Promenade / Netaji Subhash Road,18.879148,72.993986,Two-Wheeler / Bike,Highway,Fatal,0,1,1,Poor Road,Low,Moderate,36.5,Clear,High,0,1,0.95,1.0,UNIQUE,,-1,70.0
ACC-IND-015576,OPEN_ACCIDENT_DATASET,15576,2023-02-06,0:00,2023,2,Friday,Mumbai,Eastern Suburbs,Eastern Express Highway (Vikhroli - Ghatkopar),19.096892,72.911397,Car / SUV,Urban,Minor,2,0,2,Weather,Low,Moderate,36.5,Clear,High,1,4,0.95,1.0,UNIQUE,,2,52.0
ACC-IND-015598,OPEN_ACCIDENT_DATASET,15598,2024-01-13,12:00,2024,1,Saturday,Mumbai,Lower Parel,Lower Parel Commercial Hub / Senapati Bapat Marg,18.997265,72.836041,Two-Wheeler / Bike,Rural,Minor,1,0,1,Weather,High,High,36.5,Clear,High,0,5,0.95,1.0,UNIQUE,,3,56.6
ACC-IND-015612,OPEN_ACCIDENT_DATASET,15612,2024-01-09,13:00,2024,1,Sunday,Mumbai,Navi Mumbai Gateway,Sion Panvel Highway (Mankhurd - Vashi),19.079327,72.981398,Two-Wheeler / Bike,Urban,Grievous/Major,1,0,1,Poor Road,Medium,Moderate,36.5,Clear,High,0,2,0.95,1.0,UNIQUE,,-1,52.0
ACC-IND-015622,OPEN_ACCIDENT_DATASET,15622,2023-09-14,6:00,2023,9,Thursday,Mumbai,South Mumbai,Marine Drive Promenade / Netaji Subhash Road,18.904168,72.935647,Heavy Commercial / Truck,Urban,Fatal,3,1,4,Poor Road,Medium,Moderate,36.5,Clear,High,0,4,0.95,1.0,UNIQUE,,-1,82.0
ACC-IND-015623,OPEN_ACCIDENT_DATASET,15623,2023-07-26,2:00,2023,7,Wednesday,Mumbai,Dadar Central,Dadar TT Circle / Dr. Ambedkar Road,19.017217,72.842148,Heavy Commercial / Truck,Urban,Minor,4,0,4,Poor Road,Medium,Moderate,36.5,Rain,Low,1,5,0.95,1.0,UNIQUE,,3,52.0
ACC-IND-015624,OPEN_ACCIDENT_DATASET,15624,2022-08-25,14:00,2022,8,Thursday,Mumbai,Lower Parel,Lower Parel Commercial Hub / Senapati Bapat Marg,18.992681,72.826657,Two-Wheeler / Bike,Rural,Minor,1,0,1,Drunk Driving,Medium,Moderate,36.5,Rain,Low,0,1,0.95,1.0,UNIQUE,,3,35.5
ACC-IND-015629,OPEN_ACCIDENT_DATASET,15629,2025-01-28,13:00,2025,1,Tuesday,Mumbai,Bandra West,Western Express Highway (Bandra - Santacruz),19.089762,72.825363,Heavy Commercial / Truck,Highway,Fatal,4,1,5,Poor Road,High,High,36.5,Fog,Low,1,5,0.95,1.0,UNIQUE,,-1,86.6
ACC-IND-015631,OPEN_ACCIDENT_DATASET,15631,2024-03-29,21:00,2024,3,Friday,Mumbai,Navi Mumbai Gateway,Sion Panvel Highway (Mankhurd - Vashi),18.924339,72.99766,Heavy Commercial / Truck,Highway,Grievous/Major,0,0,0,Distraction,Low,Moderate,36.5,Clear,High,0,5,0.95,1.0,UNIQUE,,-1,62.5
ACC-IND-015639,OPEN_ACCIDENT_DATASET,15639,2025-04-02,6:00,2025,4,Tuesday,Mumbai,Sion-Chembur,Eastern Express Highway (Sion - Chembur),19.05271,72.871576,Heavy Commercial / Truck,Urban,Grievous/Major,0,0,0,Weather,Medium,Moderate,36.5,Clear,High,1,3,0.95,1.0,UNIQUE,,-1,58.0
ACC-IND-015661,OPEN_ACCIDENT_DATASET,15661,2022-05-30,13:00,2022,5,Monday,Mumbai,Thane West,Ghodbunder Road (Thane West),19.242158,72.903313,Car / SUV,Urban,Minor,2,0,2,Drunk Driving,Low,Moderate,36.5,Rain,Low,0,3,0.95,1.0,UNIQUE,,-1,47.5
ACC-IND-015663,OPEN_ACCIDENT_DATASET,15663,2022-03-17,15:00,2022,3,Thursday,Mumbai,Lower Parel,Lower Parel Commercial Hub / Senapati Bapat Marg,18.993947,72.825432,Two-Wheeler / Bike,Urban,Minor,1,0,1,Distraction,Low,Moderate,36.5,Rain,Medium,1,3,0.95,1.0,UNIQUE,,3,47.5
ACC-IND-015664,OPEN_ACCIDENT_DATASET,15664,2024-05-26,18:00,2024,5,Sunday,Mumbai,Thane West,Ghodbunder Road (Thane West),19.26179,72.968547,Car / SUV,Urban,Minor,2,0,2,Distraction,High,High,36.5,Rain,Low,0,5,0.95,1.0,UNIQUE,,1,56.6
ACC-IND-015681,OPEN_ACCIDENT_DATASET,15681,2024-04-21,13:00,2024,4,Sunday,Mumbai,Western Suburbs,Western Express Highway (Kandivali - Goregaon),19.149272,72.863668,Heavy Commercial / Truck,Rural,Grievous/Major,3,1,4,Drunk Driving,High,High,36.5,Rain,Low,0,5,0.95,1.0,UNIQUE,,-1,79.1
ACC-IND-015686,OPEN_ACCIDENT_DATASET,15686,2024-05-25,9:00,2024,5,Saturday,Mumbai,Lower Parel,Lower Parel Commercial Hub / Senapati Bapat Marg,18.995824,72.811426,Heavy Commercial / Truck,Rural,Grievous/Major,3,1,4,Drunk Driving,High,High,36.5,Rain,Medium,1,5,0.95,1.0,UNIQUE,,3,79.1
ACC-IND-015691,OPEN_ACCIDENT_DATASET,15691,2025-08-03,18:00,2025,8,Saturday,Mumbai,Western Suburbs,Western Express Highway (Kandivali - Goregaon),19.163972,72.860389,Two-Wheeler / Bike,Urban,Minor,1,0,1,Drunk Driving,Medium,Moderate,36.5,Rain,Low,1,2,0.95,1.0,UNIQUE,,11,41.5
ACC-IND-015693,OPEN_ACCIDENT_DATASET,15693,2022-08-26,5:00,2022,8,Friday,Mumbai,Western Suburbs,Western Express Highway (Kandivali - Goregaon),19.242333,72.799622,Two-Wheeler / Bike,Highway,Grievous/Major,1,0,1,Weather,High,High,36.5,Fog,Low,1,1,0.95,1.0,UNIQUE,,15,55.1
ACC-IND-015699,OPEN_ACCIDENT_DATASET,15699,2023-09-07,23:00,2023,9,Sunday,Mumbai,South Mumbai,Marine Drive Promenade / Netaji Subhash Road,18.90931,72.952301,Car / SUV,Highway,Fatal,1,1,2,Overspeeding,High,High,36.5,Clear,High,0,2,0.95,1.0,UNIQUE,,-1,80.6
ACC-IND-015711,OPEN_ACCIDENT_DATASET,15711,2024-09-16,13:00,2024,9,Monday,Mumbai,Andheri West,Swami Vivekanand (SV) Road (Andheri West),19.129541,72.858285,Heavy Commercial / Truck,Rural,Fatal,4,1,5,Poor Road,High,High,36.5,Fog,Low,1,5,0.95,1.0,UNIQUE,,16,86.6
ACC-IND-015720,OPEN_ACCIDENT_DATASET,15720,2024-10-18,3:00,2024,10,Friday,Mumbai,Sion-Chembur,Eastern Express Highway (Sion - Chembur),19.049625,72.889402,Heavy Commercial / Truck,Rural,Minor,2,1,3,Poor Road,Low,Moderate,36.5,Clear,High,0,4,0.95,1.0,UNIQUE,,5,64.0
ACC-IND-015722,OPEN_ACCIDENT_DATASET,15722,2023-04-04,20:00,2023,4,Tuesday,Mumbai,Sion-Chembur,Eastern Express Highway (Sion - Chembur),19.037878,72.864422,Car / SUV,Rural,Grievous/Major,2,0,2,Distraction,High,High,36.5,Rain,Low,1,2,0.95,1.0,UNIQUE,,-1,56.6
ACC-IND-015725,OPEN_ACCIDENT_DATASET,15725,2024-11-07,23:00,2024,11,Thursday,Mumbai,Western Suburbs,Western Express Highway (Kandivali - Goregaon),19.239263,72.794906,Heavy Commercial / Truck,Highway,Minor,0,0,0,Poor Road,High,High,36.5,Rain,Medium,1,4,0.95,1.0,UNIQUE,,15,56.6
ACC-IND-015738,OPEN_ACCIDENT_DATASET,15738,2024-04-05,18:00,2024,4,Saturday,Mumbai,South Mumbai,Marine Drive Promenade / Netaji Subhash Road,18.885412,72.93077,Two-Wheeler / Bike,Urban,Minor,1,0,1,Weather,High,High,36.5,Rain,Low,1,1,0.95,1.0,UNIQUE,,-1,40.1
ACC-IND-015752,OPEN_ACCIDENT_DATASET,15752,2025-03-30,4:00,2025,3,Sunday,Mumbai,Western Suburbs,Western Express Highway (Kandivali - Goregaon),19.17356,72.866177,Heavy Commercial / Truck,Urban,Minor,4,1,5,Distraction,Low,Moderate,36.5,Clear,High,1,5,0.95,1.0,UNIQUE,,11,64.0
ACC-IND-015757,OPEN_ACCIDENT_DATASET,15757,2022-04-27,23:00,2022,4,Wednesday,Mumbai,Thane West,Ghodbunder Road (Thane West),19.28312,72.886084,Heavy Commercial / Truck,Highway,Grievous/Major,0,0,0,Distraction,High,High,36.5,Clear,High,0,2,0.95,1.0,UNIQUE,,-1,61.1
ACC-IND-015779,OPEN_ACCIDENT_DATASET,15779,2025-03-04,7:00,2025,3,Thursday,Mumbai,Dadar Central,Dadar TT Circle / Dr. Ambedkar Road,19.015788,72.84464,Two-Wheeler / Bike,Rural,Fatal,0,1,1,Overspeeding,High,High,36.5,Fog,Low,1,1,0.95,1.0,UNIQUE,,3,70.1
ACC-IND-015782,OPEN_ACCIDENT_DATASET,15782,2022-11-30,8:00,2022,11,Wednesday,Mumbai,Western Suburbs,Western Express Highway (Kandivali - Goregaon),19.16374,72.858085,Two-Wheeler / Bike,Highway,Grievous/Major,1,0,1,Poor Road,Medium,Moderate,36.5,Clear,High,0,1,0.95,1.0,UNIQUE,,11,50.5
ACC-IND-015785,OPEN_ACCIDENT_DATASET,15785,2025-02-22,18:00,2025,2,Saturday,Mumbai,Powai / Andheri East,Jogeshwari-Vikhroli Link Road (JVLR),19.121885,72.868234,Heavy Commercial / Truck,Highway,Minor,3,0,3,Distraction,Low,Moderate,36.5,Rain,Low,1,3,0.95,1.0,UNIQUE,,-1,52.0
ACC-IND-015794,OPEN_ACCIDENT_DATASET,15794,2023-01-18,13:00,2023,1,Wednesday,Mumbai,Thane West,Ghodbunder Road (Thane West),19.261548,72.962229,Two-Wheeler / Bike,Urban,Fatal,0,1,1,Weather,High,High,36.5,Rain,Low,1,1,0.95,1.0,UNIQUE,,1,70.1
ACC-IND-015798,OPEN_ACCIDENT_DATASET,15798,2024-05-11,10:00,2024,5,Tuesday,Mumbai,Western Suburbs,Western Express Highway (Kandivali - Goregaon),19.195272,72.864794,Heavy Commercial / Truck,Urban,Minor,0,0,0,Overspeeding,High,High,36.5,Fog,Low,0,3,0.95,1.0,UNIQUE,,-1,52.1
ACC-IND-015799,OPEN_ACCIDENT_DATASET,15799,2022-02-17,2:00,2022,2,Thursday,Mumbai,South Mumbai,Marine Drive Promenade / Netaji Subhash Road,18.919461,72.839199,Heavy Commercial / Truck,Urban,Fatal,3,1,4,Distraction,High,High,36.5,Fog,Low,0,4,0.95,1.0,UNIQUE,,-1,86.6
ACC-IND-015809,OPEN_ACCIDENT_DATASET,15809,2023-06-10,16:00,2023,6,Friday,Mumbai,Powai / Andheri East,Jogeshwari-Vikhroli Link Road (JVLR),19.153325,72.884485,Heavy Commercial / Truck,Urban,Minor,0,0,0,Distraction,Low,Moderate,36.5,Fog,Low,0,2,0.95,1.0,UNIQUE,,-1,41.5
ACC-IND-015814,OPEN_ACCIDENT_DATASET,15814,2024-06-18,2:00,2024,6,Tuesday,Mumbai,Kurla East,Santa Cruz-Chembur Link Road (SCLR),19.06864,72.877756,Heavy Commercial / Truck,Urban,Minor,0,0,0,Poor Road,Medium,Moderate,36.5,Fog,Low,1,1,0.95,1.0,UNIQUE,,7,35.5
ACC-IND-015815,OPEN_ACCIDENT_DATASET,15815,2022-06-24,16:00,2022,6,Friday,Mumbai,Western Suburbs,Western Express Highway (Kandivali - Goregaon),19.196897,72.776346,Two-Wheeler / Bike,Rural,Grievous/Major,1,0,1,Weather,High,High,36.5,Rain,Medium,1,4,0.95,1.0,UNIQUE,,-1,67.1
ACC-IND-015816,OPEN_ACCIDENT_DATASET,15816,2023-10-20,0:00,2023,10,Friday,Mumbai,Andheri West,Swami Vivekanand (SV) Road (Andheri West),19.113779,72.841237,Heavy Commercial / Truck,Highway,Grievous/Major,2,1,3,Poor Road,Low,Moderate,36.5,Rain,Low,0,4,0.95,1.0,UNIQUE,,10,74.5
ACC-IND-015827,OPEN_ACCIDENT_DATASET,15827,2023-05-13,0:00,2023,5,Saturday,Mumbai,Kurla East,Santa Cruz-Chembur Link Road (SCLR),19.073212,72.877281,Heavy Commercial / Truck,Highway,Minor,0,0,0,Weather,Low,Moderate,36.5,Rain,Medium,0,1,0.95,1.0,UNIQUE,,7,40.0
ACC-IND-015835,OPEN_ACCIDENT_DATASET,15835,2022-11-29,12:00,2022,11,Tuesday,Mumbai,Sion-Chembur,Eastern Express Highway (Sion - Chembur),18.990481,72.90505,Two-Wheeler / Bike,Rural,Minor,1,0,1,Weather,Low,Moderate,36.5,Fog,Low,1,1,0.95,1.0,UNIQUE,,-1,35.5
ACC-IND-015837,OPEN_ACCIDENT_DATASET,15837,2024-01-03,22:00,2024,1,Friday,Mumbai,Sion-Chembur,Eastern Express Highway (Sion - Chembur),19.044791,72.89458,Heavy Commercial / Truck,Urban,Grievous/Major,4,1,5,Overspeeding,Low,Moderate,36.5,Clear,High,0,5,0.95,1.0,UNIQUE,,5,74.5
ACC-IND-015842,OPEN_ACCIDENT_DATASET,15842,2024-03-01,11:00,2024,3,Wednesday,Mumbai,Sion-Chembur,Eastern Express Highway (Sion - Chembur),19.039253,72.863216,Two-Wheeler / Bike,Rural,Minor,1,0,1,Poor Road,Medium,Moderate,36.5,Rain,Medium,1,2,0.95,1.0,UNIQUE,,-1,41.5
ACC-IND-015844,OPEN_ACCIDENT_DATASET,15844,2023-03-24,12:00,2023,3,Friday,Mumbai,Dadar Central,Dadar TT Circle / Dr. Ambedkar Road,19.018737,72.849399,Two-Wheeler / Bike,Urban,Minor,1,0,1,Overspeeding,High,High,36.5,Rain,Low,1,3,0.95,1.0,UNIQUE,,3,52.1
ACC-IND-015855,OPEN_ACCIDENT_DATASET,15855,2025-01-18,6:00,2025,1,Saturday,Mumbai,Andheri West,Swami Vivekanand (SV) Road (Andheri West),19.116899,72.835046,Heavy Commercial / Truck,Highway,Fatal,3,1,4,Weather,Medium,Moderate,36.5,Rain,Medium,1,4,0.95,1.0,UNIQUE,,10,82.0
ACC-IND-015862,OPEN_ACCIDENT_DATASET,15862,2023-12-17,18:00,2023,12,Sunday,Mumbai,Eastern Suburbs,Eastern Express Highway (Vikhroli - Ghatkopar),19.156504,72.957661,Heavy Commercial / Truck,Rural,Grievous/Major,0,0,0,Poor Road,Medium,Moderate,36.5,Clear,High,0,1,0.95,1.0,UNIQUE,,-1,46.0
ACC-IND-015877,OPEN_ACCIDENT_DATASET,15877,2024-02-17,0:00,2024,2,Saturday,Mumbai,Navi Mumbai Gateway,Sion Panvel Highway (Mankhurd - Vashi),19.055311,72.938994,Two-Wheeler / Bike,Highway,Minor,1,0,1,Drunk Driving,Low,Moderate,36.5,Clear,High,1,2,0.95,1.0,UNIQUE,,4,46.0
ACC-IND-015890,OPEN_ACCIDENT_DATASET,15890,2024-11-01,16:00,2024,11,Thursday,Mumbai,Navi Mumbai Gateway,Sion Panvel Highway (Mankhurd - Vashi),19.014154,72.921643,Car / SUV,Highway,Minor,2,0,2,Overspeeding,High,High,36.5,Rain,Low,0,5,0.95,1.0,UNIQUE,,-1,56.6
ACC-IND-015893,OPEN_ACCIDENT_DATASET,15893,2024-07-06,2:00,2024,7,Friday,Mumbai,Eastern Suburbs,Eastern Express Highway (Vikhroli - Ghatkopar),19.106573,72.966378,Heavy Commercial / Truck,Rural,Fatal,4,1,5,Distraction,Low,Moderate,36.5,Fog,Low,1,5,0.95,1.0,UNIQUE,,-1,82.0
ACC-IND-015900,OPEN_ACCIDENT_DATASET,15900,2024-10-24,5:00,2024,10,Thursday,Mumbai,South Mumbai,Marine Drive Promenade / Netaji Subhash Road,18.859393,72.879839,Heavy Commercial / Truck,Rural,Fatal,2,1,3,Overspeeding,Low,Moderate,36.5,Clear,High,1,3,0.95,1.0,UNIQUE,,14,77.5
ACC-IND-015903,OPEN_ACCIDENT_DATASET,15903,2022-07-10,5:00,2022,7,Friday,Mumbai,Western Suburbs,Western Express Highway (Kandivali - Goregaon),19.22431,72.858889,Heavy Commercial / Truck,Highway,Minor,0,0,0,Weather,High,High,36.5,Fog,Low,1,1,0.95,1.0,UNIQUE,,-1,44.6
ACC-IND-015905,OPEN_ACCIDENT_DATASET,15905,2024-02-12,11:00,2024,2,Monday,Mumbai,Kurla East,Santa Cruz-Chembur Link Road (SCLR),19.071708,72.880056,Two-Wheeler / Bike,Urban,Grievous/Major,1,0,1,Drunk Driving,High,High,36.5,Rain,Low,0,2,0.95,1.0,UNIQUE,,7,56.6
ACC-IND-015914,OPEN_ACCIDENT_DATASET,15914,2024-07-01,10:00,2024,7,Sunday,Mumbai,South Mumbai,Marine Drive Promenade / Netaji Subhash Road,18.935494,72.919524,Heavy Commercial / Truck,Urban,Minor,0,0,0,Poor Road,High,High,36.5,Clear,High,1,1,0.95,1.0,UNIQUE,,-1,40.1
ACC-IND-015915,OPEN_ACCIDENT_DATASET,15915,2022-06-11,5:00,2022,6,Sunday,Mumbai,Sion-Chembur,Eastern Express Highway (Sion - Chembur),19.048379,72.887789,Heavy Commercial / Truck,Urban,Fatal,2,1,3,Drunk Driving,Medium,Moderate,36.5,Clear,High,0,3,0.95,1.0,UNIQUE,,5,77.5
ACC-IND-015937,OPEN_ACCIDENT_DATASET,15937,2023-02-17,6:00,2023,2,Friday,Mumbai,Thane West,Ghodbunder Road (Thane West),19.257581,72.964192,Car / SUV,Highway,Fatal,1,1,2,Weather,Low,Moderate,36.5,Clear,High,0,2,0.95,1.0,UNIQUE,,1,76.0
ACC-IND-015955,OPEN_ACCIDENT_DATASET,15955,2024-10-02,12:00,2024,10,Saturday,Mumbai,South Mumbai,Marine Drive Promenade / Netaji Subhash Road,18.865338,72.996071,Heavy Commercial / Truck,Rural,Grievous/Major,0,0,0,Poor Road,Medium,Moderate,36.5,Fog,Low,0,3,0.95,1.0,UNIQUE,,-1,58.0
ACC-IND-015957,OPEN_ACCIDENT_DATASET,15957,2024-06-20,10:00,2024,6,Thursday,Mumbai,Kurla East,Santa Cruz-Chembur Link Road (SCLR),19.070724,72.884171,Heavy Commercial / Truck,Urban,Grievous/Major,3,0,3,Poor Road,High,High,36.5,Rain,Low,1,5,0.95,1.0,UNIQUE,,7,67.1
ACC-IND-015965,OPEN_ACCIDENT_DATASET,15965,2025-01-30,4:00,2025,1,Thursday,Mumbai,Bandra West,Western Express Highway (Bandra - Santacruz),19.081965,72.827635,Heavy Commercial / Truck,Rural,Fatal,3,1,4,Overspeeding,Low,Moderate,36.5,Rain,Low,1,4,0.95,1.0,UNIQUE,,-1,82.0
ACC-IND-015969,OPEN_ACCIDENT_DATASET,15969,2023-02-18,4:00,2023,2,Saturday,Mumbai,Thane West,Ghodbunder Road (Thane West),19.264038,72.989467,Heavy Commercial / Truck,Highway,Minor,0,0,0,Poor Road,High,High,36.5,Fog,Low,0,3,0.95,1.0,UNIQUE,,-1,56.6
ACC-IND-015973,OPEN_ACCIDENT_DATASET,15973,2022-06-26,19:00,2022,6,Sunday,Mumbai,South Mumbai,Marine Drive Promenade / Netaji Subhash Road,18.925774,72.9406,Car / SUV,Highway,Minor,2,0,2,Poor Road,Low,Moderate,36.5,Clear,High,0,2,0.95,1.0,UNIQUE,,-1,46.0
ACC-IND-015977,OPEN_ACCIDENT_DATASET,15977,2022-12-06,22:00,2022,12,Sunday,Mumbai,Sion-Chembur,Eastern Express Highway (Sion - Chembur),18.990376,72.895363,Car / SUV,Urban,Minor,2,0,2,Overspeeding,High,High,36.5,Clear,High,0,5,0.95,1.0,UNIQUE,,-1,56.6
ACC-IND-015995,OPEN_ACCIDENT_DATASET,15995,2023-10-03,11:00,2023,10,Friday,Mumbai,Powai / Andheri East,Jogeshwari-Vikhroli Link Road (JVLR),19.124034,72.88717,Car / SUV,Rural,Minor,2,0,2,Drunk Driving,High,High,36.5,Fog,Low,1,2,0.95,1.0,UNIQUE,,8,46.1
ACC-IND-016001,OPEN_ACCIDENT_DATASET,16001,2025-03-01,23:00,2025,3,Friday,Mumbai,Andheri West,Swami Vivekanand (SV) Road (Andheri West),19.128883,72.794532,Car / SUV,Highway,Grievous/Major,2,0,2,Distraction,Low,Moderate,36.5,Fog,Low,0,5,0.95,1.0,UNIQUE,,-1,62.5
ACC-IND-016009,OPEN_ACCIDENT_DATASET,16009,2022-11-20,8:00,2022,11,Sunday,Mumbai,South Mumbai,Marine Drive Promenade / Netaji Subhash Road,18.931513,72.875354,Two-Wheeler / Bike,Urban,Grievous/Major,1,0,1,Distraction,Medium,Moderate,36.5,Clear,High,0,4,0.95,1.0,UNIQUE,,-1,62.5
ACC-IND-016026,OPEN_ACCIDENT_DATASET,16026,2024-04-20,10:00,2024,4,Saturday,Mumbai,Dadar Central,Dadar TT Circle / Dr. Ambedkar Road,18.962914,72.904521,Heavy Commercial / Truck,Urban,Minor,4,0,4,Distraction,Low,Moderate,36.5,Rain,Low,1,4,0.95,1.0,UNIQUE,,-1,52.0
ACC-IND-016032,OPEN_ACCIDENT_DATASET,16032,2024-05-11,19:00,2024,5,Tuesday,Mumbai,Sion-Chembur,Eastern Express Highway (Sion - Chembur),19.042333,72.889195,Two-Wheeler / Bike,Highway,Minor,1,0,1,Drunk Driving,High,High,36.5,Rain,Low,1,4,0.95,1.0,UNIQUE,,5,56.6
ACC-IND-016033,OPEN_ACCIDENT_DATASET,16033,2024-04-07,2:00,2024,4,Thursday,Mumbai,Navi Mumbai Gateway,Sion Panvel Highway (Mankhurd - Vashi),19.052579,72.933073,Two-Wheeler / Bike,Highway,Minor,1,0,1,Poor Road,Medium,Moderate,36.5,Fog,Low,0,2,0.95,1.0,UNIQUE,,4,46.0
ACC-IND-016034,OPEN_ACCIDENT_DATASET,16034,2024-11-15,5:00,2024,11,Friday,Mumbai,Powai / Andheri East,Jogeshwari-Vikhroli Link Road (JVLR),19.128348,72.886937,Heavy Commercial / Truck,Urban,Grievous/Major,2,1,3,Overspeeding,Medium,Moderate,36.5,Clear,High,1,4,0.95,1.0,UNIQUE,,8,74.5
ACC-IND-016041,OPEN_ACCIDENT_DATASET,16041,2023-10-08,6:00,2023,10,Thursday,Mumbai,Kurla / Ghatkopar,LBS Marg (Kurla - Ghatkopar),19.071429,72.907369,Two-Wheeler / Bike,Highway,Minor,1,0,1,Distraction,Medium,Moderate,36.5,Clear,High,0,4,0.95,1.0,UNIQUE,,-1,52.0
ACC-IND-016056,OPEN_ACCIDENT_DATASET,16056,2022-03-12,22:00,2022,3,Saturday,Mumbai,Bandra West,Western Express Highway (Bandra - Santacruz),19.070195,72.845047,Heavy Commercial / Truck,Highway,Grievous/Major,2,1,3,Weather,Low,Moderate,36.5,Rain,Low,0,4,0.95,1.0,UNIQUE,,0,74.5
ACC-IND-016058,OPEN_ACCIDENT_DATASET,16058,2022-09-30,2:00,2022,9,Friday,Mumbai,South Mumbai,Marine Drive Promenade / Netaji Subhash Road,18.87924,72.995071,Two-Wheeler / Bike,Rural,Grievous/Major,1,0,1,Overspeeding,Low,Moderate,36.5,Rain,Low,0,1,0.95,1.0,UNIQUE,,-1,46.0
ACC-IND-016059,OPEN_ACCIDENT_DATASET,16059,2023-10-02,11:00,2023,10,Friday,Mumbai,Navi Mumbai Gateway,Sion Panvel Highway (Mankhurd - Vashi),19.036915,72.937999,Heavy Commercial / Truck,Urban,Fatal,3,1,4,Distraction,High,High,36.5,Rain,Low,0,4,0.95,1.0,UNIQUE,,4,86.6
ACC-IND-016071,OPEN_ACCIDENT_DATASET,16071,2022-03-28,21:00,2022,3,Monday,Mumbai,Sion-Chembur,Eastern Express Highway (Sion - Chembur),19.049182,72.884383,Car / SUV,Highway,Minor,2,0,2,Drunk Driving,Medium,Moderate,36.5,Clear,High,1,5,0.95,1.0,UNIQUE,,5,52.0
ACC-IND-016081,OPEN_ACCIDENT_DATASET,16081,2024-12-08,5:00,2024,12,Monday,Mumbai,Navi Mumbai Gateway,Sion Panvel Highway (Mankhurd - Vashi),18.962152,72.974686,Heavy Commercial / Truck,Urban,Fatal,3,1,4,Drunk Driving,Medium,Moderate,36.5,Fog,Low,0,4,0.95,1.0,UNIQUE,,-1,82.0
ACC-IND-016083,OPEN_ACCIDENT_DATASET,16083,2022-05-24,6:00,2022,5,Tuesday,Mumbai,Bandra West,Western Express Highway (Bandra - Santacruz),19.06796,72.841058,Heavy Commercial / Truck,Highway,Minor,0,0,0,Weather,Medium,Moderate,36.5,Fog,Low,0,1,0.95,1.0,UNIQUE,,0,40.0
ACC-IND-016086,OPEN_ACCIDENT_DATASET,16086,2024-09-30,22:00,2024,9,Monday,Mumbai,Andheri West,Swami Vivekanand (SV) Road (Andheri West),19.132367,72.849072,Two-Wheeler / Bike,Highway,Fatal,0,1,1,Distraction,Low,Moderate,36.5,Rain,Medium,1,1,0.95,1.0,UNIQUE,,-1,70.0
ACC-IND-016088,OPEN_ACCIDENT_DATASET,16088,2022-05-20,5:00,2022,5,Friday,Mumbai,Navi Mumbai Gateway,Sion Panvel Highway (Mankhurd - Vashi),19.061351,72.930859,Heavy Commercial / Truck,Highway,Minor,0,0,0,Overspeeding,High,High,36.5,Fog,Low,0,4,0.95,1.0,UNIQUE,,4,56.6
ACC-IND-016094,OPEN_ACCIDENT_DATASET,16094,2024-03-28,8:00,2024,3,Thursday,Mumbai,Western Suburbs,Western Express Highway (Kandivali - Goregaon),19.163126,72.856547,Heavy Commercial / Truck,Urban,Minor,0,0,0,Weather,High,High,36.5,Rain,Low,1,2,0.95,1.0,UNIQUE,,11,46.1
ACC-IND-016096,OPEN_ACCIDENT_DATASET,16096,2024-10-28,9:00,2024,10,Monday,Mumbai,Eastern Suburbs,Eastern Express Highway (Vikhroli - Ghatkopar),19.096794,72.915649,Heavy Commercial / Truck,Highway,Fatal,4,1,5,Weather,Medium,Moderate,36.5,Clear,High,0,5,0.95,1.0,UNIQUE,,2,82.0
ACC-IND-016097,OPEN_ACCIDENT_DATASET,16097,2022-12-31,22:00,2022,12,Saturday,Mumbai,Sion-Chembur,Eastern Express Highway (Sion - Chembur),19.046401,72.885648,Heavy Commercial / Truck,Urban,Fatal,4,1,5,Overspeeding,Medium,Moderate,36.5,Fog,Low,0,5,0.95,1.0,UNIQUE,,5,82.0
ACC-IND-016099,OPEN_ACCIDENT_DATASET,16099,2023-07-28,13:00,2023,7,Friday,Mumbai,South Mumbai,Marine Drive Promenade / Netaji Subhash Road,18.862879,72.985815,Heavy Commercial / Truck,Highway,Minor,3,0,3,Overspeeding,High,High,36.5,Rain,Medium,0,3,0.95,1.0,UNIQUE,,-1,56.6
ACC-IND-016103,OPEN_ACCIDENT_DATASET,16103,2023-10-30,22:00,2023,10,Monday,Mumbai,South Mumbai,Marine Drive Promenade / Netaji Subhash Road,18.949048,72.823792,Car / SUV,Rural,Minor,2,0,2,Overspeeding,Low,Moderate,36.5,Rain,Medium,0,3,0.95,1.0,UNIQUE,,6,47.5
ACC-IND-016109,OPEN_ACCIDENT_DATASET,16109,2025-11-01,17:00,2025,11,Saturday,Mumbai,Western Suburbs,Western Express Highway (Kandivali - Goregaon),19.17602,72.904558,Heavy Commercial / Truck,Urban,Minor,0,0,0,Distraction,High,High,36.5,Rain,Low,0,1,0.95,1.0,UNIQUE,,12,40.1
ACC-IND-016119,OPEN_ACCIDENT_DATASET,16119,2023-03-09,6:00,2023,3,Sunday,Mumbai,Thane West,Ghodbunder Road (Thane West),19.255766,72.963664,Two-Wheeler / Bike,Urban,Minor,1,0,1,Overspeeding,Low,Moderate,36.5,Rain,Low,0,4,0.95,1.0,UNIQUE,,1,52.0
ACC-IND-016123,OPEN_ACCIDENT_DATASET,16123,2023-03-16,8:00,2023,3,Thursday,Mumbai,Thane West,Ghodbunder Road (Thane West),19.214662,72.923453,Heavy Commercial / Truck,Urban,Grievous/Major,0,0,0,Overspeeding,High,High,36.5,Fog,Low,1,2,0.95,1.0,UNIQUE,,-1,56.6
ACC-IND-016128,OPEN_ACCIDENT_DATASET,16128,2024-06-20,3:00,2024,6,Thursday,Mumbai,Andheri West,Swami Vivekanand (SV) Road (Andheri West),19.121092,72.835977,Heavy Commercial / Truck,Highway,Minor,0,0,0,Overspeeding,Low,Moderate,36.5,Fog,Low,1,5,0.95,1.0,UNIQUE,,10,52.0
ACC-IND-016154,OPEN_ACCIDENT_DATASET,16154,2022-04-14,6:00,2022,4,Thursday,Mumbai,South Mumbai,Marine Drive Promenade / Netaji Subhash Road,18.957351,72.860543,Heavy Commercial / Truck,Urban,Minor,0,0,0,Weather,Medium,Moderate,36.5,Rain,Medium,0,1,0.95,1.0,UNIQUE,,-1,35.5
ACC-IND-016156,OPEN_ACCIDENT_DATASET,16156,2022-10-15,1:00,2022,10,Saturday,Mumbai,Western Suburbs,Western Express Highway (Kandivali - Goregaon),19.204264,72.899277,Heavy Commercial / Truck,Highway,Minor,0,0,0,Distraction,Low,Moderate,36.5,Fog,Low,1,1,0.95,1.0,UNIQUE,,-1,40.0
ACC-IND-016165,OPEN_ACCIDENT_DATASET,16165,2023-08-12,3:00,2023,8,Friday,Mumbai,Western Suburbs,Western Express Highway (Kandivali - Goregaon),19.183144,72.866981,Two-Wheeler / Bike,Urban,Minor,1,0,1,Poor Road,Low,Moderate,36.5,Fog,Low,1,3,0.95,1.0,UNIQUE,,-1,47.5
ACC-IND-016167,OPEN_ACCIDENT_DATASET,16167,2025-02-16,5:00,2025,2,Sunday,Mumbai,Andheri West,Swami Vivekanand (SV) Road (Andheri West),19.120465,72.843845,Heavy Commercial / Truck,Highway,Grievous/Major,3,1,4,Poor Road,Medium,Moderate,36.5,Rain,Medium,0,4,0.95,1.0,UNIQUE,,10,74.5
ACC-IND-016184,OPEN_ACCIDENT_DATASET,16184,2024-05-09,7:00,2024,5,Thursday,Mumbai,Thane West,Ghodbunder Road (Thane West),19.259589,72.964104,Heavy Commercial / Truck,Urban,Grievous/Major,4,0,4,Distraction,Medium,Moderate,36.5,Rain,Medium,1,4,0.95,1.0,UNIQUE,,1,62.5
ACC-IND-016196,OPEN_ACCIDENT_DATASET,16196,2022-03-04,10:00,2022,3,Sunday,Mumbai,Western Suburbs,Western Express Highway (Kandivali - Goregaon),19.231543,72.868683,Car / SUV,Highway,Grievous/Major,2,0,2,Distraction,Medium,Moderate,36.5,Rain,Low,1,3,0.95,1.0,UNIQUE,,-1,62.5
ACC-IND-016199,OPEN_ACCIDENT_DATASET,16199,2022-04-09,4:00,2022,4,Sunday,Mumbai,Navi Mumbai Gateway,Sion Panvel Highway (Mankhurd - Vashi),18.956861,72.995395,Car / SUV,Highway,Minor,2,0,2,Weather,Low,Moderate,36.5,Clear,High,0,4,0.95,1.0,UNIQUE,,-1,52.0
ACC-IND-016209,OPEN_ACCIDENT_DATASET,16209,2022-02-23,16:00,2022,2,Wednesday,Mumbai,Kurla / Ghatkopar,LBS Marg (Kurla - Ghatkopar),19.100611,72.865561,Heavy Commercial / Truck,Highway,Grievous/Major,0,0,0,Drunk Driving,High,High,36.5,Clear,High,1,3,0.95,1.0,UNIQUE,,18,67.1
ACC-IND-016216,OPEN_ACCIDENT_DATASET,16216,2023-03-20,19:00,2023,3,Monday,Mumbai,Sion-Chembur,Eastern Express Highway (Sion - Chembur),19.012795,72.911216,Two-Wheeler / Bike,Highway,Minor,1,0,1,Overspeeding,High,High,36.5,Fog,Low,0,1,0.95,1.0,UNIQUE,,-1,44.6
ACC-IND-016218,OPEN_ACCIDENT_DATASET,16218,2024-07-31,17:00,2024,7,Wednesday,Mumbai,Bandra West,Western Express Highway (Bandra - Santacruz),19.075418,72.833011,Car / SUV,Rural,Minor,2,0,2,Drunk Driving,High,High,36.5,Clear,High,1,3,0.95,1.0,UNIQUE,,0,52.1
ACC-IND-016222,OPEN_ACCIDENT_DATASET,16222,2024-07-12,10:00,2024,7,Saturday,Mumbai,South Mumbai,Marine Drive Promenade / Netaji Subhash Road,18.936295,72.812001,Two-Wheeler / Bike,Highway,Fatal,0,1,1,Overspeeding,High,High,36.5,Fog,Low,0,1,0.95,1.0,UNIQUE,,6,74.6
ACC-IND-016230,OPEN_ACCIDENT_DATASET,16230,2023-09-11,5:00,2023,9,Thursday,Mumbai,Kurla East,Santa Cruz-Chembur Link Road (SCLR),19.069945,72.889323,Two-Wheeler / Bike,Highway,Fatal,0,1,1,Poor Road,High,High,36.5,Fog,Low,1,1,0.95,1.0,UNIQUE,,7,74.6
ACC-IND-016233,OPEN_ACCIDENT_DATASET,16233,2023-07-15,18:00,2023,7,Saturday,Mumbai,Western Suburbs,Western Express Highway (Kandivali - Goregaon),19.192929,72.876171,Heavy Commercial / Truck,Highway,Grievous/Major,0,0,0,Drunk Driving,High,High,36.5,Rain,Medium,0,1,0.95,1.0,UNIQUE,,-1,55.1
ACC-IND-016238,OPEN_ACCIDENT_DATASET,16238,2023-07-27,23:00,2023,7,Thursday,Mumbai,Bandra West,Western Express Highway (Bandra - Santacruz),19.065044,72.844501,Car / SUV,Urban,Minor,2,0,2,Overspeeding,Low,Moderate,36.5,Clear,High,0,5,0.95,1.0,UNIQUE,,0,52.0
ACC-IND-016251,OPEN_ACCIDENT_DATASET,16251,2025-02-26,8:00,2025,2,Wednesday,Mumbai,Bandra West,Western Express Highway (Bandra - Santacruz),19.068415,72.840258,Car / SUV,Urban,Grievous/Major,2,0,2,Overspeeding,High,High,36.5,Clear,High,1,4,0.95,1.0,UNIQUE,,0,67.1
ACC-IND-016260,OPEN_ACCIDENT_DATASET,16260,2022-10-27,10:00,2022,10,Thursday,Mumbai,Navi Mumbai Gateway,Sion Panvel Highway (Mankhurd - Vashi),18.962129,72.985808,Heavy Commercial / Truck,Urban,Minor,3,1,4,Drunk Driving,High,High,36.5,Fog,Low,0,4,0.95,1.0,UNIQUE,,-1,68.6
ACC-IND-016271,OPEN_ACCIDENT_DATASET,16271,2022-07-06,4:00,2022,7,Tuesday,Mumbai,Eastern Suburbs,Eastern Express Highway (Vikhroli - Ghatkopar),19.102724,72.925338,Heavy Commercial / Truck,Highway,Minor,0,0,0,Distraction,Low,Moderate,36.5,Rain,Low,1,1,0.95,1.0,UNIQUE,,2,40.0
ACC-IND-016273,OPEN_ACCIDENT_DATASET,16273,2024-06-17,8:00,2024,6,Monday,Mumbai,Dadar Central,Dadar TT Circle / Dr. Ambedkar Road,19.018828,72.850613,Car / SUV,Rural,Minor,2,0,2,Overspeeding,Medium,Moderate,36.5,Rain,Medium,0,3,0.95,1.0,UNIQUE,,3,47.5
ACC-IND-016276,OPEN_ACCIDENT_DATASET,16276,2023-01-01,10:00,2023,1,Sunday,Mumbai,Andheri West,Swami Vivekanand (SV) Road (Andheri West),19.107068,72.856399,Car / SUV,Rural,Minor,2,0,2,Overspeeding,High,High,36.5,Rain,Low,0,3,0.95,1.0,UNIQUE,,10,52.1
ACC-IND-016278,OPEN_ACCIDENT_DATASET,16278,2024-09-06,0:00,2024,9,Sunday,Mumbai,Eastern Suburbs,Eastern Express Highway (Vikhroli - Ghatkopar),19.099242,72.915226,Heavy Commercial / Truck,Highway,Grievous/Major,5,0,5,Poor Road,Low,Moderate,36.5,Clear,High,1,5,0.95,1.0,UNIQUE,,2,62.5
ACC-IND-016279,OPEN_ACCIDENT_DATASET,16279,2024-04-26,11:00,2024,4,Friday,Mumbai,Dadar Central,Dadar TT Circle / Dr. Ambedkar Road,18.986279,72.87929,Two-Wheeler / Bike,Rural,Fatal,0,1,1,Overspeeding,Low,Moderate,36.5,Rain,Medium,1,1,0.95,1.0,UNIQUE,,-1,65.5
ACC-IND-016291,OPEN_ACCIDENT_DATASET,16291,2024-02-27,11:00,2024,2,Tuesday,Mumbai,Eastern Suburbs,Eastern Express Highway (Vikhroli - Ghatkopar),19.09927,72.917457,Car / SUV,Highway,Grievous/Major,2,0,2,Drunk Driving,Medium,Moderate,36.5,Fog,Low,0,2,0.95,1.0,UNIQUE,,2,56.5
ACC-IND-016294,OPEN_ACCIDENT_DATASET,16294,2025-12-02,7:00,2025,12,Wednesday,Mumbai,Dadar Central,Dadar TT Circle / Dr. Ambedkar Road,19.027121,72.818246,Heavy Commercial / Truck,Highway,Minor,0,0,0,Distraction,Low,Moderate,36.5,Fog,Low,0,2,0.95,1.0,UNIQUE,,-1,46.0
ACC-IND-016296,OPEN_ACCIDENT_DATASET,16296,2024-02-29,23:00,2024,2,Thursday,Mumbai,Eastern Suburbs,Eastern Express Highway (Vikhroli - Ghatkopar),19.092975,72.908737,Heavy Commercial / Truck,Highway,Grievous/Major,0,0,0,Poor Road,High,High,36.5,Clear,High,0,2,0.95,1.0,UNIQUE,,2,61.1
ACC-IND-016299,OPEN_ACCIDENT_DATASET,16299,2023-01-16,7:00,2023,1,Monday,Mumbai,Dadar Central,Dadar TT Circle / Dr. Ambedkar Road,19.017246,72.844045,Heavy Commercial / Truck,Urban,Minor,4,0,4,Weather,Medium,Moderate,36.5,Clear,High,0,4,0.95,1.0,UNIQUE,,3,52.0
ACC-IND-016309,OPEN_ACCIDENT_DATASET,16309,2023-06-08,4:00,2023,6,Sunday,Mumbai,Kurla / Ghatkopar,LBS Marg (Kurla - Ghatkopar),19.08388,72.886493,Heavy Commercial / Truck,Rural,Grievous/Major,0,0,0,Poor Road,Medium,Moderate,36.5,Fog,Low,1,1,0.95,1.0,UNIQUE,,7,46.0
ACC-IND-016317,OPEN_ACCIDENT_DATASET,16317,2024-02-18,13:00,2024,2,Sunday,Mumbai,Western Suburbs,Western Express Highway (Kandivali - Goregaon),19.192819,72.775437,Car / SUV,Rural,Fatal,1,1,2,Drunk Driving,Medium,Moderate,36.5,Clear,High,0,2,0.95,1.0,UNIQUE,,-1,71.5
ACC-IND-016328,OPEN_ACCIDENT_DATASET,16328,2023-02-17,6:00,2023,2,Friday,Mumbai,Navi Mumbai Gateway,Sion Panvel Highway (Mankhurd - Vashi),18.934148,72.987805,Heavy Commercial / Truck,Highway,Minor,0,0,0,Overspeeding,Medium,Moderate,36.5,Fog,Low,1,3,0.95,1.0,UNIQUE,,-1,52.0
ACC-IND-016335,OPEN_ACCIDENT_DATASET,16335,2022-10-02,6:00,2022,10,Thursday,Mumbai,Western Suburbs,Western Express Highway (Kandivali - Goregaon),19.194595,72.772008,Heavy Commercial / Truck,Highway,Fatal,2,1,3,Overspeeding,Medium,Moderate,36.5,Fog,Low,1,3,0.95,1.0,UNIQUE,,-1,82.0
ACC-IND-016361,OPEN_ACCIDENT_DATASET,16361,2024-09-11,21:00,2024,9,Saturday,Mumbai,Kurla / Ghatkopar,LBS Marg (Kurla - Ghatkopar),19.076318,72.887499,Car / SUV,Urban,Minor,2,0,2,Poor Road,Low,Moderate,36.5,Rain,Medium,0,3,0.95,1.0,UNIQUE,,7,47.5
ACC-IND-016374,OPEN_ACCIDENT_DATASET,16374,2024-04-15,23:00,2024,4,Monday,Mumbai,Thane West,Ghodbunder Road (Thane West),19.291647,72.924887,Car / SUV,Rural,Minor,2,0,2,Distraction,Low,Moderate,36.5,Clear,High,1,4,0.95,1.0,UNIQUE,,-1,52.0
ACC-IND-016383,OPEN_ACCIDENT_DATASET,16383,2023-07-11,6:00,2023,7,Tuesday,Mumbai,Sion-Chembur,Eastern Express Highway (Sion - Chembur),19.042759,72.88341,Car / SUV,Rural,Minor,2,0,2,Distraction,Medium,Moderate,36.5,Fog,Low,0,4,0.95,1.0,UNIQUE,,5,52.0
ACC-IND-016390,OPEN_ACCIDENT_DATASET,16390,2023-04-03,23:00,2023,4,Saturday,Mumbai,South Mumbai,Marine Drive Promenade / Netaji Subhash Road,18.868263,72.931162,Two-Wheeler / Bike,Rural,Fatal,0,1,1,Distraction,High,High,36.5,Rain,Low,1,1,0.95,1.0,UNIQUE,,-1,70.1
ACC-IND-016399,OPEN_ACCIDENT_DATASET,16399,2022-12-17,18:00,2022,12,Saturday,Mumbai,Kurla East,Santa Cruz-Chembur Link Road (SCLR),19.070929,72.876886,Two-Wheeler / Bike,Rural,Minor,1,0,1,Weather,High,High,36.5,Clear,High,0,4,0.95,1.0,UNIQUE,,7,56.6
ACC-IND-016405,OPEN_ACCIDENT_DATASET,16405,2022-07-05,7:00,2022,7,Saturday,Mumbai,Western Suburbs,Western Express Highway (Kandivali - Goregaon),19.225173,72.772343,Car / SUV,Rural,Minor,2,0,2,Weather,High,High,36.5,Clear,High,1,4,0.95,1.0,UNIQUE,,-1,56.6
ACC-IND-016420,OPEN_ACCIDENT_DATASET,16420,2022-10-20,20:00,2022,10,Thursday,Mumbai,Western Suburbs,Western Express Highway (Kandivali - Goregaon),19.198631,72.815034,Heavy Commercial / Truck,Urban,Fatal,2,1,3,Overspeeding,High,High,36.5,Fog,Low,0,3,0.95,1.0,UNIQUE,,-1,82.1
ACC-IND-016423,OPEN_ACCIDENT_DATASET,16423,2024-10-24,17:00,2024,10,Thursday,Mumbai,Navi Mumbai Gateway,Sion Panvel Highway (Mankhurd - Vashi),19.057122,72.929612,Heavy Commercial / Truck,Rural,Minor,0,0,0,Overspeeding,Low,Moderate,36.5,Rain,Medium,1,2,0.95,1.0,UNIQUE,,4,41.5
ACC-IND-016436,OPEN_ACCIDENT_DATASET,16436,2023-04-09,12:00,2023,4,Monday,Mumbai,Navi Mumbai Gateway,Sion Panvel Highway (Mankhurd - Vashi),19.053113,72.937221,Heavy Commercial / Truck,Highway,Fatal,2,1,3,Distraction,High,High,36.5,Fog,Low,1,3,0.95,1.0,UNIQUE,,4,86.6
ACC-IND-016454,OPEN_ACCIDENT_DATASET,16454,2023-06-15,7:00,2023,6,Thursday,Mumbai,Kurla / Ghatkopar,LBS Marg (Kurla - Ghatkopar),19.094687,72.881803,Heavy Commercial / Truck,Highway,Minor,0,0,0,Poor Road,Medium,Moderate,36.5,Clear,High,1,1,0.95,1.0,UNIQUE,,-1,40.0
ACC-IND-016463,OPEN_ACCIDENT_DATASET,16463,2023-05-05,19:00,2023,5,Friday,Mumbai,Powai / Andheri East,Jogeshwari-Vikhroli Link Road (JVLR),19.120414,72.884646,Two-Wheeler / Bike,Urban,Minor,1,0,1,Poor Road,Medium,Moderate,36.5,Fog,Low,0,5,0.95,1.0,UNIQUE,,8,52.0
ACC-IND-016472,OPEN_ACCIDENT_DATASET,16472,2023-01-09,10:00,2023,1,Friday,Mumbai,Thane West,Ghodbunder Road (Thane West),19.241074,72.913893,Car / SUV,Highway,Minor,2,0,2,Poor Road,Medium,Moderate,36.5,Clear,High,0,2,0.95,1.0,UNIQUE,,-1,46.0
ACC-IND-016494,OPEN_ACCIDENT_DATASET,16494,2022-08-18,7:00,2022,8,Thursday,Mumbai,Dadar Central,Dadar TT Circle / Dr. Ambedkar Road,19.016856,72.843546,Car / SUV,Urban,Minor,2,0,2,Distraction,Low,Moderate,36.5,Fog,Low,1,3,0.95,1.0,UNIQUE,,3,47.5
ACC-IND-016510,OPEN_ACCIDENT_DATASET,16510,2025-02-14,2:00,2025,2,Friday,Mumbai,Thane West,Ghodbunder Road (Thane West),19.193839,72.932316,Heavy Commercial / Truck,Highway,Minor,0,0,0,Distraction,Low,Moderate,36.5,Fog,Low,1,2,0.95,1.0,UNIQUE,,-1,46.0
ACC-IND-016519,OPEN_ACCIDENT_DATASET,16519,2022-07-07,20:00,2022,7,Thursday,Mumbai,Western Suburbs,Western Express Highway (Kandivali - Goregaon),19.244836,72.807371,Heavy Commercial / Truck,Highway,Minor,2,1,3,Overspeeding,High,High,36.5,Clear,High,0,3,0.95,1.0,UNIQUE,,15,68.6
ACC-IND-016520,OPEN_ACCIDENT_DATASET,16520,2024-12-21,2:00,2024,12,Saturday,Mumbai,Dadar Central,Dadar TT Circle / Dr. Ambedkar Road,19.021795,72.847649,Heavy Commercial / Truck,Urban,Minor,4,1,5,Overspeeding,Low,Moderate,36.5,Rain,Low,1,5,0.95,1.0,UNIQUE,,3,64.0
ACC-IND-016522,OPEN_ACCIDENT_DATASET,16522,2024-08-07,7:00,2024,8,Monday,Mumbai,Thane West,Ghodbunder Road (Thane West),19.262325,72.96327,Two-Wheeler / Bike,Urban,Grievous/Major,1,0,1,Weather,Low,Moderate,36.5,Rain,Medium,1,1,0.95,1.0,UNIQUE,,1,46.0
ACC-IND-016536,OPEN_ACCIDENT_DATASET,16536,2023-11-01,2:00,2023,11,Wednesday,Mumbai,Western Suburbs,Western Express Highway (Kandivali - Goregaon),19.162499,72.859613,Heavy Commercial / Truck,Highway,Minor,0,0,0,Overspeeding,Low,Moderate,36.5,Clear,High,0,1,0.95,1.0,UNIQUE,,11,40.0
ACC-IND-016540,OPEN_ACCIDENT_DATASET,16540,2023-08-07,16:00,2023,8,Saturday,Mumbai,Navi Mumbai Gateway,Sion Panvel Highway (Mankhurd - Vashi),19.054405,72.936626,Heavy Commercial / Truck,Urban,Grievous/Major,0,0,0,Weather,Low,Moderate,36.5,Clear,High,1,3,0.95,1.0,UNIQUE,,4,58.0
ACC-IND-016545,OPEN_ACCIDENT_DATASET,16545,2023-03-19,5:00,2023,3,Sunday,Mumbai,South Mumbai,Marine Drive Promenade / Netaji Subhash Road,18.939687,72.819531,Two-Wheeler / Bike,Urban,Minor,1,0,1,Overspeeding,Medium,Moderate,36.5,Clear,High,1,2,0.95,1.0,UNIQUE,,6,41.5
ACC-IND-016546,OPEN_ACCIDENT_DATASET,16546,2024-06-01,12:00,2024,6,Saturday,Mumbai,Bandra West,Western Express Highway (Bandra - Santacruz),19.081035,72.799006,Heavy Commercial / Truck,Highway,Minor,3,0,3,Poor Road,High,High,36.5,Clear,High,1,3,0.95,1.0,UNIQUE,,-1,56.6
ACC-IND-016549,OPEN_ACCIDENT_DATASET,16549,2024-05-13,15:00,2024,5,Monday,Mumbai,Western Suburbs,Western Express Highway (Kandivali - Goregaon),19.173701,72.854448,Heavy Commercial / Truck,Rural,Grievous/Major,0,0,0,Distraction,High,High,36.5,Rain,Low,1,2,0.95,1.0,UNIQUE,,11,56.6
ACC-IND-016551,OPEN_ACCIDENT_DATASET,16551,2023-01-08,22:00,2023,1,Tuesday,Mumbai,Eastern Suburbs,Eastern Express Highway (Vikhroli - Ghatkopar),19.092489,72.915789,Car / SUV,Rural,Grievous/Major,2,0,2,Poor Road,Medium,Moderate,36.5,Fog,Low,1,5,0.95,1.0,UNIQUE,,2,62.5
ACC-IND-016555,OPEN_ACCIDENT_DATASET,16555,2024-06-12,16:00,2024,6,Friday,Mumbai,Thane West,Ghodbunder Road (Thane West),19.211689,72.940576,Heavy Commercial / Truck,Highway,Grievous/Major,2,1,3,Drunk Driving,Medium,Moderate,36.5,Fog,Low,0,3,0.95,1.0,UNIQUE,,-1,74.5
ACC-IND-016574,OPEN_ACCIDENT_DATASET,16574,2022-01-21,12:00,2022,1,Friday,Mumbai,Western Suburbs,Western Express Highway (Kandivali - Goregaon),19.190014,72.885814,Heavy Commercial / Truck,Rural,Minor,3,1,4,Weather,Medium,Moderate,36.5,Clear,High,0,5,0.95,1.0,UNIQUE,,-1,64.0
ACC-IND-016575,OPEN_ACCIDENT_DATASET,16575,2023-01-22,20:00,2023,1,Sunday,Mumbai,Thane West,Ghodbunder Road (Thane West),19.257147,72.873458,Heavy Commercial / Truck,Urban,Minor,0,0,0,Overspeeding,Medium,Moderate,36.5,Fog,Low,1,3,0.95,1.0,UNIQUE,,-1,47.5
ACC-IND-016586,OPEN_ACCIDENT_DATASET,16586,2022-05-24,21:00,2022,5,Tuesday,Mumbai,Lower Parel,Lower Parel Commercial Hub / Senapati Bapat Marg,18.994403,72.824776,Car / SUV,Urban,Grievous/Major,2,0,2,Overspeeding,Low,Moderate,36.5,Fog,Low,1,2,0.95,1.0,UNIQUE,,3,52.0
ACC-IND-016589,OPEN_ACCIDENT_DATASET,16589,2024-07-04,0:00,2024,7,Sunday,Mumbai,Navi Mumbai Gateway,Sion Panvel Highway (Mankhurd - Vashi),18.959734,72.960829,Heavy Commercial / Truck,Urban,Minor,0,0,0,Distraction,Low,Moderate,36.5,Fog,Low,0,3,0.95,1.0,UNIQUE,,-1,47.5
ACC-IND-016590,OPEN_ACCIDENT_DATASET,16590,2022-08-24,7:00,2022,8,Wednesday,Mumbai,Powai / Andheri East,Jogeshwari-Vikhroli Link Road (JVLR),19.106425,72.869578,Car / SUV,Highway,Grievous/Major,2,0,2,Distraction,Low,Moderate,36.5,Rain,Medium,1,3,0.95,1.0,UNIQUE,,18,62.5
ACC-IND-016606,OPEN_ACCIDENT_DATASET,16606,2023-10-09,22:00,2023,10,Sunday,Mumbai,Andheri West,Swami Vivekanand (SV) Road (Andheri West),19.138136,72.823851,Heavy Commercial / Truck,Urban,Grievous/Major,0,0,0,Distraction,Low,Moderate,36.5,Rain,Medium,0,5,0.95,1.0,UNIQUE,,-1,62.5
ACC-IND-016612,OPEN_ACCIDENT_DATASET,16612,2024-04-29,21:00,2024,4,Monday,Mumbai,Thane West,Ghodbunder Road (Thane West),19.220602,72.962964,Heavy Commercial / Truck,Highway,Minor,0,0,0,Distraction,Low,Moderate,36.5,Clear,High,1,2,0.95,1.0,UNIQUE,,-1,46.0
ACC-IND-016617,OPEN_ACCIDENT_DATASET,16617,2022-05-24,2:00,2022,5,Tuesday,Mumbai,Sion-Chembur,Eastern Express Highway (Sion - Chembur),19.043832,72.894777,Two-Wheeler / Bike,Rural,Fatal,0,1,1,Distraction,Medium,Moderate,36.5,Rain,Medium,0,1,0.95,1.0,UNIQUE,,5,65.5
ACC-IND-016618,OPEN_ACCIDENT_DATASET,16618,2023-06-11,8:00,2023,6,Monday,Mumbai,Dadar Central,Dadar TT Circle / Dr. Ambedkar Road,18.9825,72.877789,Heavy Commercial / Truck,Urban,Minor,0,0,0,Overspeeding,High,High,36.5,Clear,High,1,2,0.95,1.0,UNIQUE,,-1,46.1
ACC-IND-016625,OPEN_ACCIDENT_DATASET,16625,2023-12-17,10:00,2023,12,Sunday,Mumbai,Eastern Suburbs,Eastern Express Highway (Vikhroli - Ghatkopar),19.082534,72.93269,Heavy Commercial / Truck,Urban,Minor,4,0,4,Overspeeding,Medium,Moderate,36.5,Fog,Low,0,4,0.95,1.0,UNIQUE,,-1,52.0
ACC-IND-016644,OPEN_ACCIDENT_DATASET,16644,2024-06-18,11:00,2024,6,Tuesday,Mumbai,South Mumbai,Marine Drive Promenade / Netaji Subhash Road,18.938254,72.905508,Car / SUV,Urban,Minor,2,0,2,Drunk Driving,Medium,Moderate,36.5,Rain,Low,1,2,0.95,1.0,UNIQUE,,-1,41.5
ACC-IND-016649,OPEN_ACCIDENT_DATASET,16649,2022-01-05,11:00,2022,1,Sunday,Mumbai,South Mumbai,Marine Drive Promenade / Netaji Subhash Road,18.930761,72.889701,Two-Wheeler / Bike,Urban,Fatal,0,1,1,Weather,Medium,Moderate,36.5,Rain,Low,1,1,0.95,1.0,UNIQUE,,-1,65.5
ACC-IND-016664,OPEN_ACCIDENT_DATASET,16664,2023-05-24,0:00,2023,5,Wednesday,Mumbai,South Mumbai,Marine Drive Promenade / Netaji Subhash Road,18.909394,72.92629,Car / SUV,Rural,Minor,2,0,2,Poor Road,Low,Moderate,36.5,Fog,Low,0,2,0.95,1.0,UNIQUE,,-1,41.5
ACC-IND-016671,OPEN_ACCIDENT_DATASET,16671,2025-07-02,8:00,2025,7,Friday,Mumbai,Western Suburbs,Western Express Highway (Kandivali - Goregaon),19.283796,72.818746,Heavy Commercial / Truck,Urban,Minor,0,0,0,Distraction,High,High,36.5,Clear,High,1,2,0.95,1.0,UNIQUE,,-1,46.1
ACC-IND-016673,OPEN_ACCIDENT_DATASET,16673,2023-09-17,3:00,2023,9,Sunday,Mumbai,Thane West,Ghodbunder Road (Thane West),19.211705,72.986405,Two-Wheeler / Bike,Highway,Fatal,0,1,1,Weather,Low,Moderate,36.5,Fog,Low,1,1,0.95,1.0,UNIQUE,,-1,70.0
ACC-IND-016676,OPEN_ACCIDENT_DATASET,16676,2022-07-18,13:00,2022,7,Monday,Mumbai,Dadar Central,Dadar TT Circle / Dr. Ambedkar Road,19.017702,72.849903,Heavy Commercial / Truck,Highway,Grievous/Major,0,0,0,Poor Road,Low,Moderate,36.5,Rain,Low,0,2,0.95,1.0,UNIQUE,,3,56.5
ACC-IND-016685,OPEN_ACCIDENT_DATASET,16685,2024-11-23,10:00,2024,11,Saturday,Mumbai,Kurla East,Santa Cruz-Chembur Link Road (SCLR),19.070711,72.880602,Heavy Commercial / Truck,Urban,Grievous/Major,0,0,0,Poor Road,Medium,Moderate,36.5,Clear,High,1,5,0.95,1.0,UNIQUE,,7,62.5
ACC-IND-016707,OPEN_ACCIDENT_DATASET,16707,2025-09-03,23:00,2025,9,Sunday,Mumbai,Navi Mumbai Gateway,Sion Panvel Highway (Mankhurd - Vashi),19.03815,72.991386,Two-Wheeler / Bike,Rural,Minor,1,0,1,Distraction,High,High,36.5,Clear,High,1,2,0.95,1.0,UNIQUE,,-1,46.1
ACC-IND-016717,OPEN_ACCIDENT_DATASET,16717,2023-04-14,3:00,2023,4,Friday,Mumbai,Western Suburbs,Western Express Highway (Kandivali - Goregaon),19.267742,72.854786,Heavy Commercial / Truck,Highway,Minor,0,0,0,Drunk Driving,Low,Moderate,36.5,Rain,Low,1,3,0.95,1.0,UNIQUE,,-1,52.0
ACC-IND-016718,OPEN_ACCIDENT_DATASET,16718,2022-11-10,21:00,2022,11,Tuesday,Mumbai,Western Suburbs,Western Express Highway (Kandivali - Goregaon),19.168941,72.851671,Heavy Commercial / Truck,Highway,Minor,0,0,0,Drunk Driving,Medium,Moderate,36.5,Rain,Medium,1,5,0.95,1.0,UNIQUE,,11,52.0
ACC-IND-016732,OPEN_ACCIDENT_DATASET,16732,2023-01-13,15:00,2023,1,Friday,Mumbai,Bandra West,Western Express Highway (Bandra - Santacruz),19.067667,72.844644,Heavy Commercial / Truck,Highway,Minor,3,0,3,Distraction,Low,Moderate,36.5,Rain,Low,1,3,0.95,1.0,UNIQUE,,0,52.0
ACC-IND-016745,OPEN_ACCIDENT_DATASET,16745,2024-11-30,2:00,2024,11,Saturday,Mumbai,Kurla / Ghatkopar,LBS Marg (Kurla - Ghatkopar),19.096992,72.86308,Heavy Commercial / Truck,Rural,Minor,0,0,0,Weather,Medium,Moderate,36.5,Fog,Low,0,1,0.95,1.0,UNIQUE,,18,35.5
ACC-IND-016747,OPEN_ACCIDENT_DATASET,16747,2023-10-21,8:00,2023,10,Saturday,Mumbai,South Mumbai,Marine Drive Promenade / Netaji Subhash Road,18.897635,72.86143,Heavy Commercial / Truck,Highway,Grievous/Major,0,0,0,Poor Road,High,High,36.5,Fog,Low,0,1,0.95,1.0,UNIQUE,,-1,55.1
ACC-IND-016756,OPEN_ACCIDENT_DATASET,16756,2022-04-09,4:00,2022,4,Sunday,Mumbai,Thane West,Ghodbunder Road (Thane West),19.261166,72.962332,Car / SUV,Urban,Minor,2,0,2,Overspeeding,Low,Moderate,36.5,Rain,Medium,1,2,0.95,1.0,UNIQUE,,1,41.5
ACC-IND-016763,OPEN_ACCIDENT_DATASET,16763,2023-08-05,5:00,2023,8,Monday,Mumbai,Sion-Chembur,Eastern Express Highway (Sion - Chembur),19.047136,72.90316,Heavy Commercial / Truck,Urban,Grievous/Major,3,0,3,Weather,Medium,Moderate,36.5,Rain,Low,1,3,0.95,1.0,UNIQUE,,5,58.0
ACC-IND-016765,OPEN_ACCIDENT_DATASET,16765,2025-03-21,23:00,2025,3,Friday,Mumbai,Western Suburbs,Western Express Highway (Kandivali - Goregaon),19.230875,72.787687,Two-Wheeler / Bike,Urban,Grievous/Major,1,0,1,Overspeeding,Medium,Moderate,36.5,Clear,High,0,2,0.95,1.0,UNIQUE,,-1,52.0
ACC-IND-016767,OPEN_ACCIDENT_DATASET,16767,2022-06-07,0:00,2022,6,Wednesday,Mumbai,Western Suburbs,Western Express Highway (Kandivali - Goregaon),19.21401,72.779693,Two-Wheeler / Bike,Rural,Minor,1,0,1,Overspeeding,Low,Moderate,36.5,Fog,Low,1,3,0.95,1.0,UNIQUE,,-1,47.5
ACC-IND-016783,OPEN_ACCIDENT_DATASET,16783,2023-08-11,8:00,2023,8,Wednesday,Mumbai,Western Suburbs,Western Express Highway (Kandivali - Goregaon),19.160503,72.858805,Heavy Commercial / Truck,Rural,Minor,0,0,0,Weather,Medium,Moderate,36.5,Rain,Low,1,5,0.95,1.0,UNIQUE,,11,52.0
ACC-IND-016784,OPEN_ACCIDENT_DATASET,16784,2023-09-20,7:00,2023,9,Wednesday,Mumbai,Andheri West,Swami Vivekanand (SV) Road (Andheri West),19.106257,72.836848,Two-Wheeler / Bike,Highway,Grievous/Major,1,0,1,Overspeeding,Low,Moderate,36.5,Clear,High,0,1,0.95,1.0,UNIQUE,,10,50.5
ACC-IND-016789,OPEN_ACCIDENT_DATASET,16789,2024-10-18,21:00,2024,10,Friday,Mumbai,Eastern Suburbs,Eastern Express Highway (Vikhroli - Ghatkopar),19.146865,72.945672,Car / SUV,Highway,Fatal,1,1,2,Overspeeding,Medium,Moderate,36.5,Fog,Low,0,2,0.95,1.0,UNIQUE,,-1,76.0
ACC-IND-016790,OPEN_ACCIDENT_DATASET,16790,2023-11-28,17:00,2023,11,Tuesday,Mumbai,Eastern Suburbs,Eastern Express Highway (Vikhroli - Ghatkopar),19.148027,72.979845,Two-Wheeler / Bike,Highway,Grievous/Major,1,0,1,Poor Road,Medium,Moderate,36.5,Clear,High,0,5,0.95,1.0,UNIQUE,,-1,62.5
ACC-IND-016799,OPEN_ACCIDENT_DATASET,16799,2024-11-07,10:00,2024,11,Thursday,Mumbai,Sion-Chembur,Eastern Express Highway (Sion - Chembur),19.027147,72.875451,Heavy Commercial / Truck,Highway,Minor,0,0,0,Overspeeding,Low,Moderate,36.5,Clear,High,1,1,0.95,1.0,UNIQUE,,-1,40.0
ACC-IND-016802,OPEN_ACCIDENT_DATASET,16802,2022-03-13,2:00,2022,3,Sunday,Mumbai,Kurla East,Santa Cruz-Chembur Link Road (SCLR),19.07613,72.880511,Car / SUV,Urban,Grievous/Major,2,0,2,Drunk Driving,Low,Moderate,36.5,Rain,Medium,1,3,0.95,1.0,UNIQUE,,7,58.0
ACC-IND-016804,OPEN_ACCIDENT_DATASET,16804,2023-01-24,18:00,2023,1,Tuesday,Mumbai,Dadar Central,Dadar TT Circle / Dr. Ambedkar Road,19.034962,72.814048,Two-Wheeler / Bike,Urban,Minor,1,0,1,Distraction,High,High,36.5,Fog,Low,1,1,0.95,1.0,UNIQUE,,-1,40.1
ACC-IND-016811,OPEN_ACCIDENT_DATASET,16811,2022-09-21,14:00,2022,9,Wednesday,Mumbai,Eastern Suburbs,Eastern Express Highway (Vikhroli - Ghatkopar),19.109,72.985374,Heavy Commercial / Truck,Urban,Minor,2,1,3,Weather,Low,Moderate,36.5,Fog,Low,0,5,0.95,1.0,UNIQUE,,-1,64.0
ACC-IND-016820,OPEN_ACCIDENT_DATASET,16820,2023-03-19,18:00,2023,3,Sunday,Mumbai,South Mumbai,Marine Drive Promenade / Netaji Subhash Road,18.86629,72.957916,Car / SUV,Highway,Minor,2,0,2,Overspeeding,Medium,Moderate,36.5,Clear,High,1,2,0.95,1.0,UNIQUE,,-1,46.0
ACC-IND-016832,OPEN_ACCIDENT_DATASET,16832,2023-12-30,19:00,2023,12,Saturday,Mumbai,Powai / Andheri East,Jogeshwari-Vikhroli Link Road (JVLR),19.13753,72.896883,Heavy Commercial / Truck,Urban,Minor,0,0,0,Overspeeding,Medium,Moderate,36.5,Rain,Medium,0,5,0.95,1.0,UNIQUE,,8,52.0
ACC-IND-016833,OPEN_ACCIDENT_DATASET,16833,2022-07-01,4:00,2022,7,Friday,Mumbai,South Mumbai,Marine Drive Promenade / Netaji Subhash Road,18.86606,72.927495,Two-Wheeler / Bike,Rural,Grievous/Major,1,0,1,Weather,Low,Moderate,36.5,Fog,Low,0,1,0.95,1.0,UNIQUE,,-1,46.0
ACC-IND-016847,OPEN_ACCIDENT_DATASET,16847,2022-01-12,19:00,2022,1,Thursday,Mumbai,Thane West,Ghodbunder Road (Thane West),19.258664,72.964813,Heavy Commercial / Truck,Urban,Minor,0,0,0,Poor Road,Low,Moderate,36.5,Fog,Low,0,4,0.95,1.0,UNIQUE,,1,52.0
ACC-IND-016859,OPEN_ACCIDENT_DATASET,16859,2022-11-03,21:00,2022,11,Friday,Mumbai,Navi Mumbai Gateway,Sion Panvel Highway (Mankhurd - Vashi),19.006212,72.99929,Two-Wheeler / Bike,Urban,Grievous/Major,1,0,1,Distraction,High,High,36.5,Rain,Medium,0,2,0.95,1.0,UNIQUE,,-1,56.6
ACC-IND-016864,OPEN_ACCIDENT_DATASET,16864,2023-06-08,4:00,2023,6,Sunday,Mumbai,Sion-Chembur,Eastern Express Highway (Sion - Chembur),19.046421,72.89076,Heavy Commercial / Truck,Urban,Minor,4,0,4,Drunk Driving,Low,Moderate,36.5,Clear,High,1,4,0.95,1.0,UNIQUE,,5,52.0
ACC-IND-016885,OPEN_ACCIDENT_DATASET,16885,2024-12-20,12:00,2024,12,Friday,Mumbai,South Mumbai,Marine Drive Promenade / Netaji Subhash Road,18.931195,72.841438,Two-Wheeler / Bike,Rural,Minor,1,0,1,Distraction,High,High,36.5,Clear,High,1,5,0.95,1.0,UNIQUE,,-1,56.6
ACC-IND-016887,OPEN_ACCIDENT_DATASET,16887,2023-03-20,7:00,2023,3,Monday,Mumbai,Lower Parel,Lower Parel Commercial Hub / Senapati Bapat Marg,19.032293,72.791802,Two-Wheeler / Bike,Urban,Fatal,0,1,1,Poor Road,High,High,36.5,Clear,High,0,1,0.95,1.0,UNIQUE,,-1,70.1
ACC-IND-016911,OPEN_ACCIDENT_DATASET,16911,2024-01-25,1:00,2024,1,Thursday,Mumbai,Lower Parel,Lower Parel Commercial Hub / Senapati Bapat Marg,18.994596,72.832982,Two-Wheeler / Bike,Rural,Fatal,0,1,1,Weather,Low,Moderate,36.5,Clear,High,0,1,0.95,1.0,UNIQUE,,3,65.5
ACC-IND-016923,OPEN_ACCIDENT_DATASET,16923,2023-02-19,21:00,2023,2,Sunday,Mumbai,Dadar Central,Dadar TT Circle / Dr. Ambedkar Road,19.013196,72.842072,Two-Wheeler / Bike,Highway,Minor,1,0,1,Weather,Low,Moderate,36.5,Rain,Low,0,1,0.95,1.0,UNIQUE,,3,40.0
ACC-IND-016925,OPEN_ACCIDENT_DATASET,16925,2023-12-16,8:00,2023,12,Saturday,Mumbai,Western Suburbs,Western Express Highway (Kandivali - Goregaon),19.241647,72.87771,Heavy Commercial / Truck,Highway,Minor,0,0,0,Drunk Driving,Medium,Moderate,36.5,Clear,High,1,5,0.95,1.0,UNIQUE,,-1,52.0
ACC-IND-016937,OPEN_ACCIDENT_DATASET,16937,2023-12-05,0:00,2023,12,Friday,Mumbai,South Mumbai,Marine Drive Promenade / Netaji Subhash Road,18.937194,72.865844,Car / SUV,Rural,Fatal,1,1,2,Weather,Low,Moderate,36.5,Clear,High,0,2,0.95,1.0,UNIQUE,,-1,71.5
ACC-IND-016939,OPEN_ACCIDENT_DATASET,16939,2024-08-25,15:00,2024,8,Sunday,Mumbai,South Mumbai,Marine Drive Promenade / Netaji Subhash Road,18.855666,72.897485,Heavy Commercial / Truck,Highway,Fatal,2,1,3,Overspeeding,Low,Moderate,36.5,Rain,Low,0,3,0.95,1.0,UNIQUE,,-1,82.0
ACC-IND-016945,OPEN_ACCIDENT_DATASET,16945,2024-10-15,21:00,2024,10,Tuesday,Mumbai,Kurla East,Santa Cruz-Chembur Link Road (SCLR),19.074177,72.881697,Two-Wheeler / Bike,Urban,Minor,1,0,1,Distraction,Medium,Moderate,36.5,Clear,High,1,5,0.95,1.0,UNIQUE,,7,52.0
ACC-IND-016946,OPEN_ACCIDENT_DATASET,16946,2022-04-12,13:00,2022,4,Sunday,Mumbai,Bandra West,Western Express Highway (Bandra - Santacruz),19.063151,72.793067,Heavy Commercial / Truck,Urban,Grievous/Major,3,0,3,Overspeeding,Low,Moderate,36.5,Fog,Low,0,4,0.95,1.0,UNIQUE,,-1,62.5
ACC-IND-016948,OPEN_ACCIDENT_DATASET,16948,2023-03-20,0:00,2023,3,Monday,Mumbai,Thane West,Ghodbunder Road (Thane West),19.201415,72.999573,Car / SUV,Highway,Minor,2,0,2,Poor Road,Low,Moderate,36.5,Rain,Low,1,3,0.95,1.0,UNIQUE,,-1,52.0
ACC-IND-016951,OPEN_ACCIDENT_DATASET,16951,2023-03-03,21:00,2023,3,Friday,Mumbai,South Mumbai,Marine Drive Promenade / Netaji Subhash Road,18.880172,72.945382,Two-Wheeler / Bike,Highway,Minor,1,0,1,Drunk Driving,High,High,36.5,Fog,Low,1,3,0.95,1.0,UNIQUE,,-1,56.6
ACC-IND-016965,OPEN_ACCIDENT_DATASET,16965,2023-09-15,3:00,2023,9,Friday,Mumbai,Western Suburbs,Western Express Highway (Kandivali - Goregaon),19.16395,72.858588,Car / SUV,Urban,Minor,2,0,2,Drunk Driving,Medium,Moderate,36.5,Clear,High,1,3,0.95,1.0,UNIQUE,,11,47.5
ACC-IND-016968,OPEN_ACCIDENT_DATASET,16968,2022-03-29,19:00,2022,3,Tuesday,Mumbai,Navi Mumbai Gateway,Sion Panvel Highway (Mankhurd - Vashi),18.992196,72.931933,Two-Wheeler / Bike,Urban,Minor,1,0,1,Distraction,Medium,Moderate,36.5,Fog,Low,1,1,0.95,1.0,UNIQUE,,-1,35.5
ACC-IND-016977,OPEN_ACCIDENT_DATASET,16977,2022-06-14,11:00,2022,6,Tuesday,Mumbai,South Mumbai,Marine Drive Promenade / Netaji Subhash Road,18.865708,72.885619,Heavy Commercial / Truck,Urban,Minor,0,0,0,Poor Road,Medium,Moderate,36.5,Clear,High,0,3,0.95,1.0,UNIQUE,,14,47.5
ACC-IND-017000,OPEN_ACCIDENT_DATASET,17000,2024-03-21,19:00,2024,3,Thursday,Mumbai,South Mumbai,Marine Drive Promenade / Netaji Subhash Road,18.940291,72.819663,Two-Wheeler / Bike,Highway,Minor,1,0,1,Distraction,High,High,36.5,Clear,High,1,1,0.95,1.0,UNIQUE,,6,44.6
ACC-IND-017014,OPEN_ACCIDENT_DATASET,17014,2024-12-13,5:00,2024,12,Friday,Mumbai,Dadar Central,Dadar TT Circle / Dr. Ambedkar Road,19.029253,72.803981,Heavy Commercial / Truck,Urban,Grievous/Major,3,0,3,Distraction,Medium,Moderate,36.5,Fog,Low,0,5,0.95,1.0,UNIQUE,,-1,62.5
ACC-IND-017023,OPEN_ACCIDENT_DATASET,17023,2024-03-03,10:00,2024,3,Sunday,Mumbai,Kurla East,Santa Cruz-Chembur Link Road (SCLR),19.073122,72.880767,Heavy Commercial / Truck,Highway,Fatal,3,1,4,Distraction,Low,Moderate,36.5,Fog,Low,0,4,0.95,1.0,UNIQUE,,7,82.0
ACC-IND-017037,OPEN_ACCIDENT_DATASET,17037,2024-09-20,19:00,2024,9,Friday,Mumbai,Kurla / Ghatkopar,LBS Marg (Kurla - Ghatkopar),19.077226,72.887784,Car / SUV,Rural,Grievous/Major,2,0,2,Distraction,Medium,Moderate,36.5,Clear,High,1,4,0.95,1.0,UNIQUE,,7,62.5
ACC-IND-017039,OPEN_ACCIDENT_DATASET,17039,2025-01-23,21:00,2025,1,Thursday,Mumbai,South Mumbai,Marine Drive Promenade / Netaji Subhash Road,18.96031,72.814913,Two-Wheeler / Bike,Highway,Fatal,0,1,1,Overspeeding,Low,Moderate,36.5,Fog,Low,0,1,0.95,1.0,UNIQUE,,-1,70.0
ACC-IND-017056,OPEN_ACCIDENT_DATASET,17056,2024-04-02,1:00,2024,4,Sunday,Mumbai,Bandra West,Western Express Highway (Bandra - Santacruz),19.082012,72.832995,Heavy Commercial / Truck,Rural,Minor,0,0,0,Distraction,Low,Moderate,36.5,Rain,Low,0,1,0.95,1.0,UNIQUE,,-1,35.5
ACC-IND-017064,OPEN_ACCIDENT_DATASET,17064,2023-02-26,2:00,2023,2,Sunday,Mumbai,Powai / Andheri East,Jogeshwari-Vikhroli Link Road (JVLR),19.138462,72.866609,Car / SUV,Highway,Grievous/Major,2,0,2,Overspeeding,Low,Moderate,36.5,Fog,Low,0,2,0.95,1.0,UNIQUE,,16,56.5
ACC-IND-017070,OPEN_ACCIDENT_DATASET,17070,2022-06-18,12:00,2022,6,Saturday,Mumbai,South Mumbai,Marine Drive Promenade / Netaji Subhash Road,18.917906,72.823128,Heavy Commercial / Truck,Urban,Grievous/Major,3,0,3,Overspeeding,High,High,36.5,Rain,Medium,0,4,0.95,1.0,UNIQUE,,-1,67.1
ACC-IND-017072,OPEN_ACCIDENT_DATASET,17072,2023-06-18,10:00,2023,6,Sunday,Mumbai,Sion-Chembur,Eastern Express Highway (Sion - Chembur),19.046017,72.888211,Heavy Commercial / Truck,Rural,Grievous/Major,0,0,0,Poor Road,High,High,36.5,Clear,High,0,1,0.95,1.0,UNIQUE,,5,50.6
ACC-IND-017079,OPEN_ACCIDENT_DATASET,17079,2024-03-03,23:00,2024,3,Sunday,Mumbai,Dadar Central,Dadar TT Circle / Dr. Ambedkar Road,19.026883,72.817648,Two-Wheeler / Bike,Highway,Grievous/Major,1,0,1,Drunk Driving,Low,Moderate,36.5,Rain,Low,1,3,0.95,1.0,UNIQUE,,-1,62.5
ACC-IND-017081,OPEN_ACCIDENT_DATASET,17081,2023-09-09,2:00,2023,9,Saturday,Mumbai,Thane West,Ghodbunder Road (Thane West),19.258304,72.967421,Two-Wheeler / Bike,Rural,Minor,1,0,1,Drunk Driving,Low,Moderate,36.5,Rain,Low,0,2,0.95,1.0,UNIQUE,,1,41.5
ACC-IND-017092,OPEN_ACCIDENT_DATASET,17092,2022-10-29,6:00,2022,10,Saturday,Mumbai,Dadar Central,Dadar TT Circle / Dr. Ambedkar Road,19.011392,72.838105,Heavy Commercial / Truck,Highway,Grievous/Major,0,0,0,Distraction,High,High,36.5,Fog,Low,0,1,0.95,1.0,UNIQUE,,3,55.1
ACC-IND-017115,OPEN_ACCIDENT_DATASET,17115,2023-05-16,0:00,2023,5,Tuesday,Mumbai,Kurla / Ghatkopar,LBS Marg (Kurla - Ghatkopar),19.079258,72.889982,Two-Wheeler / Bike,Rural,Minor,1,0,1,Poor Road,Low,Moderate,36.5,Clear,High,0,3,0.95,1.0,UNIQUE,,7,47.5
ACC-IND-017119,OPEN_ACCIDENT_DATASET,17119,2024-01-02,5:00,2024,1,Thursday,Mumbai,Lower Parel,Lower Parel Commercial Hub / Senapati Bapat Marg,18.993918,72.825796,Heavy Commercial / Truck,Highway,Fatal,3,1,4,Distraction,Medium,Moderate,36.5,Fog,Low,1,4,0.95,1.0,UNIQUE,,3,82.0
ACC-IND-017145,OPEN_ACCIDENT_DATASET,17145,2022-01-28,10:00,2022,1,Friday,Mumbai,Thane West,Ghodbunder Road (Thane West),19.244314,72.966039,Two-Wheeler / Bike,Highway,Minor,1,0,1,Drunk Driving,High,High,36.5,Rain,Low,0,1,0.95,1.0,UNIQUE,,-1,44.6
ACC-IND-017162,OPEN_ACCIDENT_DATASET,17162,2023-12-18,19:00,2023,12,Monday,Mumbai,Thane West,Ghodbunder Road (Thane West),19.174189,72.996949,Heavy Commercial / Truck,Urban,Grievous/Major,3,0,3,Poor Road,Medium,Moderate,36.5,Clear,High,1,4,0.95,1.0,UNIQUE,,-1,62.5
ACC-IND-017188,OPEN_ACCIDENT_DATASET,17188,2022-06-24,1:00,2022,6,Friday,Mumbai,Western Suburbs,Western Express Highway (Kandivali - Goregaon),19.205683,72.790855,Car / SUV,Highway,Minor,2,0,2,Drunk Driving,Medium,Moderate,36.5,Fog,Low,1,5,0.95,1.0,UNIQUE,,-1,52.0
ACC-IND-017190,OPEN_ACCIDENT_DATASET,17190,2024-11-22,7:00,2024,11,Friday,Mumbai,South Mumbai,Marine Drive Promenade / Netaji Subhash Road,18.879311,72.961266,Two-Wheeler / Bike,Rural,Minor,1,0,1,Overspeeding,Low,Moderate,36.5,Fog,Low,0,2,0.95,1.0,UNIQUE,,19,41.5
ACC-IND-017193,OPEN_ACCIDENT_DATASET,17193,2024-12-09,2:00,2024,12,Thursday,Mumbai,Kurla / Ghatkopar,LBS Marg (Kurla - Ghatkopar),19.080711,72.892341,Two-Wheeler / Bike,Urban,Minor,1,0,1,Distraction,Low,Moderate,36.5,Fog,Low,0,1,0.95,1.0,UNIQUE,,7,35.5
ACC-IND-017227,OPEN_ACCIDENT_DATASET,17227,2023-08-06,10:00,2023,8,Thursday,Mumbai,Western Suburbs,Western Express Highway (Kandivali - Goregaon),19.201738,72.789424,Heavy Commercial / Truck,Highway,Minor,3,1,4,Weather,Medium,Moderate,36.5,Fog,Low,1,4,0.95,1.0,UNIQUE,,-1,64.0
ACC-IND-017228,OPEN_ACCIDENT_DATASET,17228,2025-03-17,8:00,2025,3,Monday,Mumbai,Sion-Chembur,Eastern Express Highway (Sion - Chembur),19.041425,72.890221,Car / SUV,Highway,Minor,2,0,2,Weather,High,High,36.5,Fog,Low,0,3,0.95,1.0,UNIQUE,,5,56.6
ACC-IND-017263,OPEN_ACCIDENT_DATASET,17263,2024-05-05,21:00,2024,5,Sunday,Mumbai,Thane West,Ghodbunder Road (Thane West),19.261325,72.96252,Heavy Commercial / Truck,Urban,Grievous/Major,2,1,3,Overspeeding,High,High,36.5,Rain,Medium,1,3,0.95,1.0,UNIQUE,,1,74.6
ACC-IND-017270,OPEN_ACCIDENT_DATASET,17270,2023-10-08,1:00,2023,10,Thursday,Mumbai,Kurla East,Santa Cruz-Chembur Link Road (SCLR),19.073986,72.882705,Two-Wheeler / Bike,Urban,Minor,1,0,1,Overspeeding,Low,Moderate,36.5,Fog,Low,1,2,0.95,1.0,UNIQUE,,7,41.5
ACC-IND-017280,OPEN_ACCIDENT_DATASET,17280,2024-03-01,15:00,2024,3,Wednesday,Mumbai,South Mumbai,Marine Drive Promenade / Netaji Subhash Road,18.856002,72.830645,Heavy Commercial / Truck,Rural,Grievous/Major,4,1,5,Weather,Low,Moderate,36.5,Rain,Medium,0,5,0.95,1.0,UNIQUE,,-1,74.5
ACC-IND-017291,OPEN_ACCIDENT_DATASET,17291,2022-02-12,0:00,2022,2,Friday,Mumbai,Bandra West,Western Express Highway (Bandra - Santacruz),19.068366,72.841134,Heavy Commercial / Truck,Rural,Minor,4,0,4,Distraction,Low,Moderate,36.5,Fog,Low,1,5,0.95,1.0,UNIQUE,,0,52.0
ACC-IND-017300,OPEN_ACCIDENT_DATASET,17300,2022-07-10,0:00,2022,7,Friday,Mumbai,South Mumbai,Marine Drive Promenade / Netaji Subhash Road,18.897889,72.855952,Heavy Commercial / Truck,Urban,Minor,3,0,3,Weather,Low,Moderate,36.5,Fog,Low,1,3,0.95,1.0,UNIQUE,,-1,47.5
ACC-IND-017344,OPEN_ACCIDENT_DATASET,17344,2024-08-26,18:00,2024,8,Monday,Mumbai,Thane West,Ghodbunder Road (Thane West),19.280817,72.980562,Heavy Commercial / Truck,Urban,Minor,3,0,3,Overspeeding,Medium,Moderate,36.5,Fog,Low,1,3,0.95,1.0,UNIQUE,,-1,47.5
ACC-IND-017345,OPEN_ACCIDENT_DATASET,17345,2023-12-16,8:00,2023,12,Saturday,Mumbai,Western Suburbs,Western Express Highway (Kandivali - Goregaon),19.223801,72.813681,Two-Wheeler / Bike,Rural,Fatal,0,1,1,Overspeeding,High,High,36.5,Rain,Medium,1,1,0.95,1.0,UNIQUE,,-1,70.1
ACC-IND-017377,OPEN_ACCIDENT_DATASET,17377,2022-10-02,23:00,2022,10,Thursday,Mumbai,Eastern Suburbs,Eastern Express Highway (Vikhroli - Ghatkopar),19.152167,72.999907,Car / SUV,Rural,Minor,2,0,2,Overspeeding,Low,Moderate,36.5,Fog,Low,1,3,0.95,1.0,UNIQUE,,-1,47.5
ACC-IND-017381,OPEN_ACCIDENT_DATASET,17381,2023-07-30,23:00,2023,7,Sunday,Mumbai,Western Suburbs,Western Express Highway (Kandivali - Goregaon),19.163989,72.859695,Heavy Commercial / Truck,Highway,Minor,0,0,0,Distraction,Low,Moderate,36.5,Rain,Medium,0,1,0.95,1.0,UNIQUE,,11,40.0
ACC-IND-017386,OPEN_ACCIDENT_DATASET,17386,2024-11-20,2:00,2024,11,Wednesday,Mumbai,Powai / Andheri East,Jogeshwari-Vikhroli Link Road (JVLR),19.126681,72.879641,Heavy Commercial / Truck,Rural,Grievous/Major,5,0,5,Drunk Driving,Low,Moderate,36.5,Fog,Low,0,5,0.95,1.0,UNIQUE,,8,62.5
ACC-IND-017389,OPEN_ACCIDENT_DATASET,17389,2022-09-22,23:00,2022,9,Thursday,Mumbai,Western Suburbs,Western Express Highway (Kandivali - Goregaon),19.224445,72.813412,Car / SUV,Rural,Minor,2,0,2,Weather,High,High,36.5,Rain,Low,0,3,0.95,1.0,UNIQUE,,-1,52.1
ACC-IND-017390,OPEN_ACCIDENT_DATASET,17390,2023-07-10,4:00,2023,7,Saturday,Mumbai,Eastern Suburbs,Eastern Express Highway (Vikhroli - Ghatkopar),19.099743,72.926286,Heavy Commercial / Truck,Rural,Grievous/Major,0,0,0,Drunk Driving,Low,Moderate,36.5,Clear,High,0,5,0.95,1.0,UNIQUE,,2,62.5
ACC-IND-017391,OPEN_ACCIDENT_DATASET,17391,2023-02-01,10:00,2023,2,Monday,Mumbai,Dadar Central,Dadar TT Circle / Dr. Ambedkar Road,19.012648,72.838497,Heavy Commercial / Truck,Highway,Minor,2,1,3,Poor Road,Medium,Moderate,36.5,Fog,Low,0,3,0.95,1.0,UNIQUE,,3,64.0
ACC-IND-017398,OPEN_ACCIDENT_DATASET,17398,2025-01-17,14:00,2025,1,Friday,Mumbai,Western Suburbs,Western Express Highway (Kandivali - Goregaon),19.221906,72.797988,Heavy Commercial / Truck,Highway,Minor,0,0,0,Distraction,High,High,36.5,Clear,High,1,3,0.95,1.0,UNIQUE,,-1,56.6
ACC-IND-017402,OPEN_ACCIDENT_DATASET,17402,2022-07-06,20:00,2022,7,Tuesday,Mumbai,Western Suburbs,Western Express Highway (Kandivali - Goregaon),19.163207,72.835259,Car / SUV,Highway,Minor,2,0,2,Weather,Low,Moderate,36.5,Fog,Low,0,2,0.95,1.0,UNIQUE,,-1,46.0
ACC-IND-017410,OPEN_ACCIDENT_DATASET,17410,2023-12-13,18:00,2023,12,Wednesday,Mumbai,Sion-Chembur,Eastern Express Highway (Sion - Chembur),19.043063,72.892871,Heavy Commercial / Truck,Highway,Minor,0,0,0,Distraction,High,High,36.5,Rain,Medium,0,1,0.95,1.0,UNIQUE,,5,44.6
ACC-IND-017419,OPEN_ACCIDENT_DATASET,17419,2025-01-13,0:00,2025,1,Monday,Mumbai,Thane West,Ghodbunder Road (Thane West),19.264916,72.96271,Car / SUV,Urban,Grievous/Major,2,0,2,Overspeeding,Low,Moderate,36.5,Rain,Low,1,5,0.95,1.0,UNIQUE,,1,62.5
ACC-IND-017422,OPEN_ACCIDENT_DATASET,17422,2022-05-09,19:00,2022,5,Monday,Mumbai,Eastern Suburbs,Eastern Express Highway (Vikhroli - Ghatkopar),19.100422,72.919512,Heavy Commercial / Truck,Highway,Minor,0,0,0,Weather,Medium,Moderate,36.5,Rain,Medium,0,3,0.95,1.0,UNIQUE,,2,52.0
ACC-IND-017431,OPEN_ACCIDENT_DATASET,17431,2024-11-10,7:00,2024,11,Friday,Mumbai,Lower Parel,Lower Parel Commercial Hub / Senapati Bapat Marg,18.998634,72.830046,Heavy Commercial / Truck,Highway,Minor,3,0,3,Poor Road,High,High,36.5,Rain,Low,0,5,0.95,1.0,UNIQUE,,3,56.6
ACC-IND-017444,OPEN_ACCIDENT_DATASET,17444,2023-10-25,8:00,2023,10,Wednesday,Mumbai,South Mumbai,Marine Drive Promenade / Netaji Subhash Road,18.896698,72.979461,Heavy Commercial / Truck,Highway,Minor,2,1,3,Drunk Driving,High,High,36.5,Clear,High,1,4,0.95,1.0,UNIQUE,,-1,68.6
ACC-IND-017455,OPEN_ACCIDENT_DATASET,17455,2024-08-02,19:00,2024,8,Thursday,Mumbai,South Mumbai,Marine Drive Promenade / Netaji Subhash Road,18.944715,72.826414,Two-Wheeler / Bike,Highway,Minor,1,0,1,Weather,High,High,36.5,Fog,Low,1,1,0.95,1.0,UNIQUE,,6,44.6
ACC-IND-017461,OPEN_ACCIDENT_DATASET,17461,2022-06-17,23:00,2022,6,Friday,Mumbai,Eastern Suburbs,Eastern Express Highway (Vikhroli - Ghatkopar),19.098649,72.915212,Two-Wheeler / Bike,Rural,Minor,1,0,1,Overspeeding,Low,Moderate,36.5,Clear,High,1,2,0.95,1.0,UNIQUE,,2,41.5
ACC-IND-017464,OPEN_ACCIDENT_DATASET,17464,2024-04-05,9:00,2024,4,Saturday,Mumbai,Powai / Andheri East,Jogeshwari-Vikhroli Link Road (JVLR),19.131207,72.887296,Heavy Commercial / Truck,Urban,Minor,0,0,0,Distraction,High,High,36.5,Clear,High,1,2,0.95,1.0,UNIQUE,,8,46.1
ACC-IND-017468,OPEN_ACCIDENT_DATASET,17468,2024-09-18,14:00,2024,9,Wednesday,Mumbai,South Mumbai,Marine Drive Promenade / Netaji Subhash Road,18.942566,72.822646,Heavy Commercial / Truck,Rural,Fatal,3,1,4,Poor Road,High,High,36.5,Fog,Low,1,4,0.95,1.0,UNIQUE,,6,86.6
ACC-IND-017472,OPEN_ACCIDENT_DATASET,17472,2023-08-06,2:00,2023,8,Thursday,Mumbai,Western Suburbs,Western Express Highway (Kandivali - Goregaon),19.16475,72.852557,Car / SUV,Urban,Fatal,1,1,2,Weather,Low,Moderate,36.5,Fog,Low,1,2,0.95,1.0,UNIQUE,,11,71.5
ACC-IND-017476,OPEN_ACCIDENT_DATASET,17476,2022-11-02,15:00,2022,11,Friday,Mumbai,Navi Mumbai Gateway,Sion Panvel Highway (Mankhurd - Vashi),19.055531,72.931526,Car / SUV,Rural,Minor,2,0,2,Poor Road,High,High,36.5,Clear,High,0,3,0.95,1.0,UNIQUE,,4,52.1
ACC-IND-017483,OPEN_ACCIDENT_DATASET,17483,2023-04-15,22:00,2023,4,Saturday,Mumbai,Thane West,Ghodbunder Road (Thane West),19.296984,72.99075,Two-Wheeler / Bike,Urban,Minor,1,0,1,Poor Road,Low,Moderate,36.5,Rain,Medium,0,3,0.95,1.0,UNIQUE,,-1,47.5
ACC-IND-017494,OPEN_ACCIDENT_DATASET,17494,2022-06-01,18:00,2022,6,Thursday,Mumbai,South Mumbai,Marine Drive Promenade / Netaji Subhash Road,18.938142,72.826728,Car / SUV,Urban,Grievous/Major,2,0,2,Weather,High,High,36.5,Clear,High,0,2,0.95,1.0,UNIQUE,,6,56.6
ACC-IND-017495,OPEN_ACCIDENT_DATASET,17495,2022-07-22,17:00,2022,7,Friday,Mumbai,South Mumbai,Marine Drive Promenade / Netaji Subhash Road,18.890082,72.981003,Heavy Commercial / Truck,Rural,Grievous/Major,0,0,0,Overspeeding,High,High,36.5,Fog,Low,0,3,0.95,1.0,UNIQUE,,-1,62.6
ACC-IND-017496,OPEN_ACCIDENT_DATASET,17496,2022-05-27,21:00,2022,5,Friday,Mumbai,Dadar Central,Dadar TT Circle / Dr. Ambedkar Road,18.992757,72.871534,Two-Wheeler / Bike,Highway,Fatal,0,1,1,Poor Road,Low,Moderate,36.5,Rain,Medium,0,1,0.95,1.0,UNIQUE,,-1,70.0
ACC-IND-017503,OPEN_ACCIDENT_DATASET,17503,2022-09-16,4:00,2022,9,Friday,Mumbai,Eastern Suburbs,Eastern Express Highway (Vikhroli - Ghatkopar),19.133537,72.976219,Heavy Commercial / Truck,Urban,Minor,0,0,0,Overspeeding,High,High,36.5,Fog,Low,0,2,0.95,1.0,UNIQUE,,-1,46.1
ACC-IND-017513,OPEN_ACCIDENT_DATASET,17513,2022-04-06,20:00,2022,4,Saturday,Mumbai,Eastern Suburbs,Eastern Express Highway (Vikhroli - Ghatkopar),19.102254,72.91655,Heavy Commercial / Truck,Highway,Minor,5,0,5,Weather,High,High,36.5,Clear,High,0,5,0.95,1.0,UNIQUE,,2,56.6
ACC-IND-017516,OPEN_ACCIDENT_DATASET,17516,2024-08-01,19:00,2024,8,Monday,Mumbai,South Mumbai,Marine Drive Promenade / Netaji Subhash Road,18.936259,72.893283,Heavy Commercial / Truck,Highway,Minor,0,0,0,Overspeeding,High,High,36.5,Fog,Low,1,5,0.95,1.0,UNIQUE,,-1,56.6
ACC-IND-017523,OPEN_ACCIDENT_DATASET,17523,2023-11-27,12:00,2023,11,Monday,Mumbai,Thane West,Ghodbunder Road (Thane West),19.258559,72.96356,Heavy Commercial / Truck,Highway,Minor,3,1,4,Weather,Medium,Moderate,36.5,Rain,Low,0,4,0.95,1.0,UNIQUE,,1,64.0
ACC-IND-017535,OPEN_ACCIDENT_DATASET,17535,2022-12-25,11:00,2022,12,Sunday,Mumbai,Navi Mumbai Gateway,Sion Panvel Highway (Mankhurd - Vashi),18.94374,72.944774,Heavy Commercial / Truck,Rural,Minor,0,0,0,Overspeeding,Low,Moderate,36.5,Rain,Medium,0,3,0.95,1.0,UNIQUE,,-1,47.5
ACC-IND-017536,OPEN_ACCIDENT_DATASET,17536,2023-10-04,2:00,2023,10,Monday,Mumbai,Thane West,Ghodbunder Road (Thane West),19.274045,72.990053,Car / SUV,Rural,Minor,2,0,2,Drunk Driving,High,High,36.5,Fog,Low,0,3,0.95,1.0,UNIQUE,,-1,52.1
ACC-IND-017539,OPEN_ACCIDENT_DATASET,17539,2023-11-15,2:00,2023,11,Wednesday,Mumbai,Eastern Suburbs,Eastern Express Highway (Vikhroli - Ghatkopar),19.097786,72.916129,Heavy Commercial / Truck,Urban,Minor,0,0,0,Poor Road,Low,Moderate,36.5,Fog,Low,1,3,0.95,1.0,UNIQUE,,2,47.5
ACC-IND-017552,OPEN_ACCIDENT_DATASET,17552,2024-04-22,21:00,2024,4,Monday,Mumbai,Eastern Suburbs,Eastern Express Highway (Vikhroli - Ghatkopar),19.095909,72.908172,Car / SUV,Rural,Fatal,1,1,2,Poor Road,Low,Moderate,36.5,Rain,Medium,0,2,0.95,1.0,UNIQUE,,2,71.5
ACC-IND-017573,OPEN_ACCIDENT_DATASET,17573,2022-09-27,11:00,2022,9,Tuesday,Mumbai,Navi Mumbai Gateway,Sion Panvel Highway (Mankhurd - Vashi),18.934101,72.977864,Heavy Commercial / Truck,Rural,Minor,0,0,0,Poor Road,Medium,Moderate,36.5,Fog,Low,0,5,0.95,1.0,UNIQUE,,-1,52.0
ACC-IND-017582,OPEN_ACCIDENT_DATASET,17582,2024-05-23,22:00,2024,5,Thursday,Mumbai,Powai / Andheri East,Jogeshwari-Vikhroli Link Road (JVLR),19.146577,72.89873,Car / SUV,Urban,Minor,2,0,2,Weather,High,High,36.5,Fog,Low,0,5,0.95,1.0,UNIQUE,,-1,56.6
ACC-IND-017597,OPEN_ACCIDENT_DATASET,17597,2023-11-02,10:00,2023,11,Saturday,Mumbai,Western Suburbs,Western Express Highway (Kandivali - Goregaon),19.295963,72.802154,Two-Wheeler / Bike,Urban,Minor,1,0,1,Weather,High,High,36.5,Rain,Medium,0,1,0.95,1.0,UNIQUE,,-1,40.1
ACC-IND-017601,OPEN_ACCIDENT_DATASET,17601,2022-06-04,2:00,2022,6,Wednesday,Mumbai,Thane West,Ghodbunder Road (Thane West),19.281466,72.968418,Heavy Commercial / Truck,Urban,Minor,5,0,5,Poor Road,Low,Moderate,36.5,Rain,Low,1,5,0.95,1.0,UNIQUE,,-1,52.0
ACC-IND-017606,OPEN_ACCIDENT_DATASET,17606,2024-01-29,0:00,2024,1,Monday,Mumbai,Navi Mumbai Gateway,Sion Panvel Highway (Mankhurd - Vashi),19.055683,72.937326,Heavy Commercial / Truck,Rural,Grievous/Major,0,0,0,Distraction,Low,Moderate,36.5,Rain,Medium,0,2,0.95,1.0,UNIQUE,,4,52.0
ACC-IND-017612,OPEN_ACCIDENT_DATASET,17612,2023-05-26,1:00,2023,5,Friday,Mumbai,Dadar Central,Dadar TT Circle / Dr. Ambedkar Road,19.019752,72.841413,Heavy Commercial / Truck,Rural,Grievous/Major,0,0,0,Distraction,Low,Moderate,36.5,Clear,High,0,1,0.95,1.0,UNIQUE,,3,46.0
ACC-IND-017619,OPEN_ACCIDENT_DATASET,17619,2023-11-25,14:00,2023,11,Saturday,Mumbai,Bandra West,Western Express Highway (Bandra - Santacruz),19.078575,72.809897,Heavy Commercial / Truck,Urban,Minor,5,0,5,Drunk Driving,Medium,Moderate,36.5,Clear,High,0,5,0.95,1.0,UNIQUE,,-1,52.0
ACC-IND-017622,OPEN_ACCIDENT_DATASET,17622,2022-01-04,14:00,2022,1,Friday,Mumbai,Navi Mumbai Gateway,Sion Panvel Highway (Mankhurd - Vashi),18.929118,72.966617,Car / SUV,Highway,Minor,2,0,2,Overspeeding,Low,Moderate,36.5,Fog,Low,1,4,0.95,1.0,UNIQUE,,-1,52.0
ACC-IND-017624,OPEN_ACCIDENT_DATASET,17624,2024-03-08,5:00,2024,3,Saturday,Mumbai,Thane West,Ghodbunder Road (Thane West),19.29549,72.958519,Heavy Commercial / Truck,Highway,Grievous/Major,3,0,3,Overspeeding,Medium,Moderate,36.5,Clear,High,1,4,0.95,1.0,UNIQUE,,9,62.5
ACC-IND-017628,OPEN_ACCIDENT_DATASET,17628,2023-05-05,9:00,2023,5,Friday,Mumbai,Western Suburbs,Western Express Highway (Kandivali - Goregaon),19.268204,72.800651,Two-Wheeler / Bike,Highway,Grievous/Major,1,0,1,Weather,High,High,36.5,Fog,Low,1,1,0.95,1.0,UNIQUE,,-1,55.1
ACC-IND-017632,OPEN_ACCIDENT_DATASET,17632,2024-08-22,20:00,2024,8,Thursday,Mumbai,Navi Mumbai Gateway,Sion Panvel Highway (Mankhurd - Vashi),19.067967,72.934113,Car / SUV,Urban,Grievous/Major,2,0,2,Poor Road,Low,Moderate,36.5,Clear,High,0,3,0.95,1.0,UNIQUE,,4,58.0
ACC-IND-017639,OPEN_ACCIDENT_DATASET,17639,2025-02-26,0:00,2025,2,Wednesday,Mumbai,Lower Parel,Lower Parel Commercial Hub / Senapati Bapat Marg,18.995979,72.823516,Heavy Commercial / Truck,Rural,Minor,0,0,0,Poor Road,Low,Moderate,36.5,Rain,Medium,0,3,0.95,1.0,UNIQUE,,3,47.5
ACC-IND-017645,OPEN_ACCIDENT_DATASET,17645,2024-09-16,14:00,2024,9,Monday,Mumbai,Thane West,Ghodbunder Road (Thane West),19.258137,72.87617,Heavy Commercial / Truck,Highway,Minor,2,1,3,Drunk Driving,Medium,Moderate,36.5,Fog,Low,1,4,0.95,1.0,UNIQUE,,-1,64.0
ACC-IND-017663,OPEN_ACCIDENT_DATASET,17663,2022-09-25,15:00,2022,9,Sunday,Mumbai,Eastern Suburbs,Eastern Express Highway (Vikhroli - Ghatkopar),19.11433,72.931812,Car / SUV,Urban,Minor,2,0,2,Distraction,Low,Moderate,36.5,Rain,Medium,0,3,0.95,1.0,UNIQUE,,-1,47.5
ACC-IND-017673,OPEN_ACCIDENT_DATASET,17673,2023-05-19,14:00,2023,5,Friday,Mumbai,Kurla East,Santa Cruz-Chembur Link Road (SCLR),19.070145,72.881297,Heavy Commercial / Truck,Urban,Grievous/Major,4,0,4,Drunk Driving,Low,Moderate,36.5,Clear,High,0,4,0.95,1.0,UNIQUE,,7,62.5
ACC-IND-017691,OPEN_ACCIDENT_DATASET,17691,2023-01-23,1:00,2023,1,Monday,Mumbai,Lower Parel,Lower Parel Commercial Hub / Senapati Bapat Marg,18.994551,72.827895,Heavy Commercial / Truck,Rural,Grievous/Major,2,1,3,Poor Road,Low,Moderate,36.5,Rain,Low,1,4,0.95,1.0,UNIQUE,,3,74.5
ACC-IND-017696,OPEN_ACCIDENT_DATASET,17696,2022-03-10,5:00,2022,3,Monday,Mumbai,Sion-Chembur,Eastern Express Highway (Sion - Chembur),19.05138,72.888089,Heavy Commercial / Truck,Urban,Fatal,2,1,3,Drunk Driving,High,High,36.5,Fog,Low,1,3,0.95,1.0,UNIQUE,,5,82.1
ACC-IND-017697,OPEN_ACCIDENT_DATASET,17697,2023-05-25,5:00,2023,5,Thursday,Mumbai,Navi Mumbai Gateway,Sion Panvel Highway (Mankhurd - Vashi),19.053343,72.933838,Heavy Commercial / Truck,Highway,Minor,0,0,0,Poor Road,High,High,36.5,Rain,Low,0,1,0.95,1.0,UNIQUE,,4,44.6
ACC-IND-017705,OPEN_ACCIDENT_DATASET,17705,2022-02-28,9:00,2022,2,Monday,Mumbai,Thane West,Ghodbunder Road (Thane West),19.262123,72.96094,Heavy Commercial / Truck,Urban,Minor,3,0,3,Overspeeding,High,High,36.5,Clear,High,1,3,0.95,1.0,UNIQUE,,1,52.1
ACC-IND-017738,OPEN_ACCIDENT_DATASET,17738,2023-03-10,12:00,2023,3,Tuesday,Mumbai,Western Suburbs,Western Express Highway (Kandivali - Goregaon),19.191217,72.923831,Heavy Commercial / Truck,Highway,Minor,4,0,4,Weather,Medium,Moderate,36.5,Clear,High,0,5,0.95,1.0,UNIQUE,,-1,52.0
ACC-IND-017743,OPEN_ACCIDENT_DATASET,17743,2024-10-28,8:00,2024,10,Monday,Mumbai,South Mumbai,Marine Drive Promenade / Netaji Subhash Road,18.870669,72.8587,Heavy Commercial / Truck,Rural,Minor,0,0,0,Overspeeding,High,High,36.5,Clear,High,0,4,0.95,1.0,UNIQUE,,-1,56.6
ACC-IND-017751,OPEN_ACCIDENT_DATASET,17751,2024-10-06,7:00,2024,10,Monday,Mumbai,South Mumbai,Marine Drive Promenade / Netaji Subhash Road,18.909986,72.831998,Heavy Commercial / Truck,Urban,Minor,3,0,3,Overspeeding,High,High,36.5,Clear,High,0,5,0.95,1.0,UNIQUE,,-1,56.6
ACC-IND-017752,OPEN_ACCIDENT_DATASET,17752,2024-01-27,16:00,2024,1,Saturday,Mumbai,Sion-Chembur,Eastern Express Highway (Sion - Chembur),18.990495,72.912665,Car / SUV,Rural,Minor,2,0,2,Weather,Medium,Moderate,36.5,Fog,Low,0,5,0.95,1.0,UNIQUE,,-1,52.0
ACC-IND-017756,OPEN_ACCIDENT_DATASET,17756,2024-09-27,9:00,2024,9,Friday,Mumbai,Lower Parel,Lower Parel Commercial Hub / Senapati Bapat Marg,18.994387,72.828834,Heavy Commercial / Truck,Highway,Minor,3,0,3,Weather,High,High,36.5,Fog,Low,1,3,0.95,1.0,UNIQUE,,3,56.6
ACC-IND-017758,OPEN_ACCIDENT_DATASET,17758,2022-08-14,11:00,2022,8,Sunday,Mumbai,South Mumbai,Marine Drive Promenade / Netaji Subhash Road,18.859129,72.898806,Heavy Commercial / Truck,Urban,Grievous/Major,0,0,0,Weather,Medium,Moderate,36.5,Fog,Low,1,1,0.95,1.0,UNIQUE,,-1,46.0
ACC-IND-017763,OPEN_ACCIDENT_DATASET,17763,2023-02-21,18:00,2023,2,Tuesday,Mumbai,Thane West,Ghodbunder Road (Thane West),19.286255,72.984526,Heavy Commercial / Truck,Urban,Fatal,4,1,5,Weather,High,High,36.5,Fog,Low,0,5,0.95,1.0,UNIQUE,,-1,86.6
ACC-IND-017764,OPEN_ACCIDENT_DATASET,17764,2022-10-29,17:00,2022,10,Saturday,Mumbai,Kurla East,Santa Cruz-Chembur Link Road (SCLR),19.070788,72.88125,Heavy Commercial / Truck,Urban,Grievous/Major,0,0,0,Overspeeding,Medium,Moderate,36.5,Rain,Low,1,1,0.95,1.0,UNIQUE,,7,46.0
ACC-IND-017796,OPEN_ACCIDENT_DATASET,17796,2023-08-10,0:00,2023,8,Sunday,Mumbai,Thane West,Ghodbunder Road (Thane West),19.185323,72.945901,Heavy Commercial / Truck,Highway,Fatal,2,1,3,Drunk Driving,Low,Moderate,36.5,Clear,High,0,3,0.95,1.0,UNIQUE,,-1,82.0
ACC-IND-017804,OPEN_ACCIDENT_DATASET,17804,2023-09-18,22:00,2023,9,Monday,Mumbai,Navi Mumbai Gateway,Sion Panvel Highway (Mankhurd - Vashi),18.950815,72.949622,Two-Wheeler / Bike,Highway,Minor,1,0,1,Drunk Driving,Medium,Moderate,36.5,Rain,Low,1,1,0.95,1.0,UNIQUE,,-1,40.0
ACC-IND-017806,OPEN_ACCIDENT_DATASET,17806,2022-08-05,11:00,2022,8,Sunday,Mumbai,Western Suburbs,Western Express Highway (Kandivali - Goregaon),19.149379,72.843407,Heavy Commercial / Truck,Urban,Minor,0,0,0,Weather,High,High,36.5,Fog,Low,1,4,0.95,1.0,UNIQUE,,17,56.6
ACC-IND-017810,OPEN_ACCIDENT_DATASET,17810,2022-11-23,18:00,2022,11,Wednesday,Mumbai,Western Suburbs,Western Express Highway (Kandivali - Goregaon),19.166516,72.855161,Heavy Commercial / Truck,Urban,Fatal,2,1,3,Poor Road,Medium,Moderate,36.5,Fog,Low,0,3,0.95,1.0,UNIQUE,,11,77.5
ACC-IND-017816,OPEN_ACCIDENT_DATASET,17816,2023-03-15,15:00,2023,3,Wednesday,Mumbai,Western Suburbs,Western Express Highway (Kandivali - Goregaon),19.221069,72.793198,Heavy Commercial / Truck,Highway,Minor,0,0,0,Distraction,Medium,Moderate,36.5,Fog,Low,0,3,0.95,1.0,UNIQUE,,-1,52.0
ACC-IND-017826,OPEN_ACCIDENT_DATASET,17826,2023-02-18,4:00,2023,2,Saturday,Mumbai,Andheri West,Swami Vivekanand (SV) Road (Andheri West),19.128012,72.813268,Heavy Commercial / Truck,Urban,Fatal,3,1,4,Distraction,Low,Moderate,36.5,Rain,Low,1,4,0.95,1.0,UNIQUE,,-1,82.0
ACC-IND-017830,OPEN_ACCIDENT_DATASET,17830,2024-12-28,0:00,2024,12,Saturday,Mumbai,Dadar Central,Dadar TT Circle / Dr. Ambedkar Road,19.017307,72.837193,Heavy Commercial / Truck,Urban,Grievous/Major,0,0,0,Drunk Driving,Medium,Moderate,36.5,Rain,Low,1,5,0.95,1.0,UNIQUE,,3,62.5
ACC-IND-017845,OPEN_ACCIDENT_DATASET,17845,2025-11-04,11:00,2025,11,Friday,Mumbai,Navi Mumbai Gateway,Sion Panvel Highway (Mankhurd - Vashi),19.021164,72.946145,Heavy Commercial / Truck,Urban,Minor,0,0,0,Distraction,Low,Moderate,36.5,Rain,Medium,1,3,0.95,1.0,UNIQUE,,-1,47.5
ACC-IND-017857,OPEN_ACCIDENT_DATASET,17857,2022-05-28,10:00,2022,5,Saturday,Mumbai,Andheri West,Swami Vivekanand (SV) Road (Andheri West),19.11636,72.842199,Two-Wheeler / Bike,Highway,Grievous/Major,1,0,1,Drunk Driving,High,High,36.5,Rain,Low,0,1,0.95,1.0,UNIQUE,,10,55.1
ACC-IND-017859,OPEN_ACCIDENT_DATASET,17859,2022-09-07,9:00,2022,9,Saturday,Mumbai,South Mumbai,Marine Drive Promenade / Netaji Subhash Road,18.866075,72.881205,Heavy Commercial / Truck,Rural,Fatal,2,1,3,Distraction,High,High,36.5,Clear,High,0,3,0.95,1.0,UNIQUE,,14,82.1
ACC-IND-017860,OPEN_ACCIDENT_DATASET,17860,2024-03-09,4:00,2024,3,Tuesday,Mumbai,Lower Parel,Lower Parel Commercial Hub / Senapati Bapat Marg,18.999791,72.822113,Car / SUV,Rural,Minor,2,0,2,Distraction,Low,Moderate,36.5,Fog,Low,1,5,0.95,1.0,UNIQUE,,3,52.0
ACC-IND-017861,OPEN_ACCIDENT_DATASET,17861,2024-11-18,2:00,2024,11,Monday,Mumbai,South Mumbai,Marine Drive Promenade / Netaji Subhash Road,18.902269,72.910057,Car / SUV,Urban,Fatal,1,1,2,Drunk Driving,Low,Moderate,36.5,Clear,High,0,2,0.95,1.0,UNIQUE,,-1,71.5
ACC-IND-017865,OPEN_ACCIDENT_DATASET,17865,2024-11-14,14:00,2024,11,Thursday,Mumbai,Bandra West,Western Express Highway (Bandra - Santacruz),19.07968,72.80535,Two-Wheeler / Bike,Rural,Minor,1,0,1,Drunk Driving,Medium,Moderate,36.5,Clear,High,0,1,0.95,1.0,UNIQUE,,-1,35.5
ACC-IND-017866,OPEN_ACCIDENT_DATASET,17866,2024-12-16,12:00,2024,12,Monday,Mumbai,Navi Mumbai Gateway,Sion Panvel Highway (Mankhurd - Vashi),19.024627,72.944172,Heavy Commercial / Truck,Rural,Grievous/Major,0,0,0,Weather,High,High,36.5,Fog,Low,0,5,0.95,1.0,UNIQUE,,-1,67.1
ACC-IND-017871,OPEN_ACCIDENT_DATASET,17871,2025-05-03,12:00,2025,5,Wednesday,Mumbai,Navi Mumbai Gateway,Sion Panvel Highway (Mankhurd - Vashi),19.002317,72.986499,Heavy Commercial / Truck,Urban,Fatal,2,1,3,Distraction,High,High,36.5,Clear,High,1,3,0.95,1.0,UNIQUE,,13,82.1
ACC-IND-017874,OPEN_ACCIDENT_DATASET,17874,2024-07-01,0:00,2024,7,Sunday,Mumbai,Thane West,Ghodbunder Road (Thane West),19.26107,72.960547,Heavy Commercial / Truck,Highway,Grievous/Major,0,0,0,Poor Road,Medium,Moderate,36.5,Clear,High,0,1,0.95,1.0,UNIQUE,,1,50.5
ACC-IND-017877,OPEN_ACCIDENT_DATASET,17877,2023-09-22,18:00,2023,9,Friday,Mumbai,South Mumbai,Marine Drive Promenade / Netaji Subhash Road,18.875603,72.997066,Two-Wheeler / Bike,Urban,Grievous/Major,1,0,1,Distraction,High,High,36.5,Clear,High,1,3,0.95,1.0,UNIQUE,,-1,62.6
ACC-IND-017882,OPEN_ACCIDENT_DATASET,17882,2024-06-30,9:00,2024,6,Sunday,Mumbai,Navi Mumbai Gateway,Sion Panvel Highway (Mankhurd - Vashi),18.982267,72.941305,Car / SUV,Highway,Grievous/Major,2,0,2,Weather,Medium,Moderate,36.5,Clear,High,1,4,0.95,1.0,UNIQUE,,-1,62.5
ACC-IND-017895,OPEN_ACCIDENT_DATASET,17895,2022-10-20,2:00,2022,10,Thursday,Mumbai,Kurla / Ghatkopar,LBS Marg (Kurla - Ghatkopar),19.080276,72.886454,Car / SUV,Highway,Fatal,1,1,2,Drunk Driving,Low,Moderate,36.5,Rain,Medium,1,2,0.95,1.0,UNIQUE,,7,76.0
ACC-IND-017901,OPEN_ACCIDENT_DATASET,17901,2023-01-07,1:00,2023,1,Saturday,Mumbai,Dadar Central,Dadar TT Circle / Dr. Ambedkar Road,19.041137,72.820638,Heavy Commercial / Truck,Urban,Minor,0,0,0,Poor Road,Low,Moderate,36.5,Clear,High,0,3,0.95,1.0,UNIQUE,,-1,47.5
ACC-IND-017903,OPEN_ACCIDENT_DATASET,17903,2025-04-04,0:00,2025,4,Friday,Mumbai,Eastern Suburbs,Eastern Express Highway (Vikhroli - Ghatkopar),19.104289,72.914287,Heavy Commercial / Truck,Rural,Grievous/Major,2,1,3,Drunk Driving,High,High,36.5,Clear,High,0,4,0.95,1.0,UNIQUE,,2,79.1
ACC-IND-017921,OPEN_ACCIDENT_DATASET,17921,2023-05-10,3:00,2023,5,Thursday,Mumbai,Kurla / Ghatkopar,LBS Marg (Kurla - Ghatkopar),19.079628,72.887636,Two-Wheeler / Bike,Highway,Minor,1,0,1,Poor Road,Low,Moderate,36.5,Fog,Low,0,2,0.95,1.0,UNIQUE,,7,46.0
ACC-IND-017933,OPEN_ACCIDENT_DATASET,17933,2023-10-13,15:00,2023,10,Friday,Mumbai,Thane West,Ghodbunder Road (Thane West),19.291862,72.986822,Two-Wheeler / Bike,Urban,Fatal,0,1,1,Distraction,Medium,Moderate,36.5,Rain,Low,0,1,0.95,1.0,UNIQUE,,-1,65.5
ACC-IND-017940,OPEN_ACCIDENT_DATASET,17940,2023-01-26,11:00,2023,1,Thursday,Mumbai,Western Suburbs,Western Express Highway (Kandivali - Goregaon),19.166225,72.858237,Heavy Commercial / Truck,Urban,Grievous/Major,5,0,5,Distraction,Low,Moderate,36.5,Fog,Low,1,5,0.95,1.0,UNIQUE,,11,62.5
ACC-IND-017951,OPEN_ACCIDENT_DATASET,17951,2023-02-27,5:00,2023,2,Monday,Mumbai,Lower Parel,Lower Parel Commercial Hub / Senapati Bapat Marg,18.999249,72.826259,Two-Wheeler / Bike,Rural,Minor,1,0,1,Distraction,High,High,36.5,Fog,Low,1,4,0.95,1.0,UNIQUE,,3,56.6
ACC-IND-017960,OPEN_ACCIDENT_DATASET,17960,2023-08-13,20:00,2023,8,Sunday,Mumbai,Thane West,Ghodbunder Road (Thane West),19.258745,72.933552,Two-Wheeler / Bike,Urban,Minor,1,0,1,Poor Road,Medium,Moderate,36.5,Clear,High,1,5,0.95,1.0,UNIQUE,,-1,52.0
ACC-IND-017966,OPEN_ACCIDENT_DATASET,17966,2024-02-21,7:00,2024,2,Wednesday,Mumbai,Western Suburbs,Western Express Highway (Kandivali - Goregaon),19.159135,72.854349,Two-Wheeler / Bike,Urban,Minor,1,0,1,Weather,Medium,Moderate,36.5,Clear,High,0,1,0.95,1.0,UNIQUE,,11,35.5
ACC-IND-017967,OPEN_ACCIDENT_DATASET,17967,2023-04-10,12:00,2023,4,Wednesday,Mumbai,South Mumbai,Marine Drive Promenade / Netaji Subhash Road,18.86208,72.906311,Two-Wheeler / Bike,Urban,Minor,1,0,1,Poor Road,Medium,Moderate,36.5,Rain,Medium,0,5,0.95,1.0,UNIQUE,,-1,52.0
ACC-IND-017975,OPEN_ACCIDENT_DATASET,17975,2023-02-12,18:00,2023,2,Saturday,Mumbai,Sion-Chembur,Eastern Express Highway (Sion - Chembur),18.96186,72.917413,Heavy Commercial / Truck,Highway,Minor,0,0,0,Drunk Driving,Medium,Moderate,36.5,Rain,Medium,0,1,0.95,1.0,UNIQUE,,-1,40.0
ACC-IND-017982,OPEN_ACCIDENT_DATASET,17982,2022-03-03,6:00,2022,3,Thursday,Mumbai,Sion-Chembur,Eastern Express Highway (Sion - Chembur),19.042064,72.886362,Car / SUV,Highway,Fatal,1,1,2,Drunk Driving,Low,Moderate,36.5,Fog,Low,1,2,0.95,1.0,UNIQUE,,5,76.0
ACC-IND-018005,OPEN_ACCIDENT_DATASET,18005,2024-04-12,10:00,2024,4,Wednesday,Mumbai,Powai / Andheri East,Jogeshwari-Vikhroli Link Road (JVLR),19.192327,72.927085,Heavy Commercial / Truck,Rural,Grievous/Major,5,0,5,Poor Road,Medium,Moderate,36.5,Fog,Low,1,5,0.95,1.0,UNIQUE,,-1,62.5
ACC-IND-018008,OPEN_ACCIDENT_DATASET,18008,2022-04-14,23:00,2022,4,Thursday,Mumbai,Lower Parel,Lower Parel Commercial Hub / Senapati Bapat Marg,19.003784,72.821255,Heavy Commercial / Truck,Highway,Minor,0,0,0,Distraction,Low,Moderate,36.5,Clear,High,1,5,0.95,1.0,UNIQUE,,3,52.0
ACC-IND-018011,OPEN_ACCIDENT_DATASET,18011,2022-01-07,18:00,2022,1,Friday,Mumbai,Thane West,Ghodbunder Road (Thane West),19.239533,72.923318,Heavy Commercial / Truck,Rural,Fatal,3,1,4,Distraction,Low,Moderate,36.5,Clear,High,0,4,0.95,1.0,UNIQUE,,-1,82.0
ACC-IND-018020,OPEN_ACCIDENT_DATASET,18020,2022-06-08,4:00,2022,6,Saturday,Mumbai,Western Suburbs,Western Express Highway (Kandivali - Goregaon),19.22268,72.8838,Two-Wheeler / Bike,Urban,Minor,1,0,1,Drunk Driving,Low,Moderate,36.5,Clear,High,1,4,0.95,1.0,UNIQUE,,-1,52.0
ACC-IND-018043,OPEN_ACCIDENT_DATASET,18043,2024-10-30,6:00,2024,10,Wednesday,Mumbai,South Mumbai,Marine Drive Promenade / Netaji Subhash Road,18.907997,72.940307,Heavy Commercial / Truck,Highway,Grievous/Major,2,1,3,Drunk Driving,Medium,Moderate,36.5,Clear,High,0,4,0.95,1.0,UNIQUE,,-1,74.5
ACC-IND-018073,OPEN_ACCIDENT_DATASET,18073,2023-06-04,5:00,2023,6,Thursday,Mumbai,Bandra West,Western Express Highway (Bandra - Santacruz),19.080687,72.83719,Two-Wheeler / Bike,Highway,Minor,1,0,1,Drunk Driving,High,High,36.5,Fog,Low,0,2,0.95,1.0,UNIQUE,,0,50.6
ACC-IND-018081,OPEN_ACCIDENT_DATASET,18081,2022-10-08,3:00,2022,10,Wednesday,Mumbai,Navi Mumbai Gateway,Sion Panvel Highway (Mankhurd - Vashi),18.965891,72.994151,Two-Wheeler / Bike,Rural,Minor,1,0,1,Overspeeding,Medium,Moderate,36.5,Fog,Low,1,1,0.95,1.0,UNIQUE,,-1,35.5
ACC-IND-018090,OPEN_ACCIDENT_DATASET,18090,2023-11-29,1:00,2023,11,Wednesday,Mumbai,Kurla / Ghatkopar,LBS Marg (Kurla - Ghatkopar),19.081395,72.885268,Heavy Commercial / Truck,Rural,Minor,0,0,0,Drunk Driving,Medium,Moderate,36.5,Fog,Low,1,4,0.95,1.0,UNIQUE,,7,52.0
ACC-IND-018093,OPEN_ACCIDENT_DATASET,18093,2023-05-30,16:00,2023,5,Tuesday,Mumbai,Western Suburbs,Western Express Highway (Kandivali - Goregaon),19.179501,72.907086,Car / SUV,Highway,Fatal,1,1,2,Distraction,Low,Moderate,36.5,Clear,High,1,2,0.95,1.0,UNIQUE,,12,76.0
ACC-IND-018102,OPEN_ACCIDENT_DATASET,18102,2023-08-05,16:00,2023,8,Monday,Mumbai,Kurla East,Santa Cruz-Chembur Link Road (SCLR),19.077298,72.879603,Car / SUV,Urban,Grievous/Major,2,0,2,Distraction,Low,Moderate,36.5,Rain,Low,0,5,0.95,1.0,UNIQUE,,7,62.5
ACC-IND-018113,OPEN_ACCIDENT_DATASET,18113,2022-06-20,12:00,2022,6,Monday,Mumbai,Navi Mumbai Gateway,Sion Panvel Highway (Mankhurd - Vashi),19.054832,72.935261,Heavy Commercial / Truck,Highway,Grievous/Major,0,0,0,Distraction,High,High,36.5,Rain,Low,0,2,0.95,1.0,UNIQUE,,4,61.1
ACC-IND-018118,OPEN_ACCIDENT_DATASET,18118,2024-02-09,6:00,2024,2,Monday,Mumbai,Thane West,Ghodbunder Road (Thane West),19.232645,72.998933,Two-Wheeler / Bike,Urban,Fatal,0,1,1,Overspeeding,Low,Moderate,36.5,Clear,High,0,1,0.95,1.0,UNIQUE,,20,65.5
ACC-IND-018120,OPEN_ACCIDENT_DATASET,18120,2022-04-03,5:00,2022,4,Friday,Mumbai,Navi Mumbai Gateway,Sion Panvel Highway (Mankhurd - Vashi),18.984,72.976145,Heavy Commercial / Truck,Rural,Minor,0,0,0,Poor Road,High,High,36.5,Rain,Low,1,1,0.95,1.0,UNIQUE,,-1,40.1
ACC-IND-018121,OPEN_ACCIDENT_DATASET,18121,2022-09-11,5:00,2022,9,Wednesday,Mumbai,Thane West,Ghodbunder Road (Thane West),19.257025,72.964972,Two-Wheeler / Bike,Highway,Minor,1,0,1,Drunk Driving,High,High,36.5,Rain,Low,1,1,0.95,1.0,UNIQUE,,1,44.6
ACC-IND-018123,OPEN_ACCIDENT_DATASET,18123,2023-08-21,6:00,2023,8,Monday,Mumbai,Powai / Andheri East,Jogeshwari-Vikhroli Link Road (JVLR),19.151949,72.885393,Heavy Commercial / Truck,Highway,Fatal,3,1,4,Distraction,Medium,Moderate,36.5,Fog,Low,0,4,0.95,1.0,UNIQUE,,-1,82.0
ACC-IND-018135,OPEN_ACCIDENT_DATASET,18135,2024-01-12,9:00,2024,1,Sunday,Mumbai,Eastern Suburbs,Eastern Express Highway (Vikhroli - Ghatkopar),19.132883,72.983324,Two-Wheeler / Bike,Urban,Minor,1,0,1,Overspeeding,Medium,Moderate,36.5,Fog,Low,0,1,0.95,1.0,UNIQUE,,-1,35.5
ACC-IND-018155,OPEN_ACCIDENT_DATASET,18155,2025-10-04,20:00,2025,10,Thursday,Mumbai,Kurla / Ghatkopar,LBS Marg (Kurla - Ghatkopar),19.07875,72.885598,Two-Wheeler / Bike,Rural,Grievous/Major,1,0,1,Drunk Driving,Medium,Moderate,36.5,Clear,High,0,2,0.95,1.0,UNIQUE,,7,52.0
ACC-IND-018158,OPEN_ACCIDENT_DATASET,18158,2025-10-01,1:00,2025,10,Friday,Mumbai,Western Suburbs,Western Express Highway (Kandivali - Goregaon),19.247499,72.809813,Heavy Commercial / Truck,Highway,Minor,2,1,3,Distraction,Medium,Moderate,36.5,Rain,Medium,1,4,0.95,1.0,UNIQUE,,-1,64.0
ACC-IND-018160,OPEN_ACCIDENT_DATASET,18160,2022-01-28,1:00,2022,1,Friday,Mumbai,Kurla East,Santa Cruz-Chembur Link Road (SCLR),19.069575,72.886758,Heavy Commercial / Truck,Urban,Fatal,2,1,3,Poor Road,Low,Moderate,36.5,Clear,High,1,3,0.95,1.0,UNIQUE,,7,77.5
ACC-IND-018165,OPEN_ACCIDENT_DATASET,18165,2023-08-02,2:00,2023,8,Wednesday,Mumbai,Eastern Suburbs,Eastern Express Highway (Vikhroli - Ghatkopar),19.136497,72.943837,Heavy Commercial / Truck,Urban,Minor,5,0,5,Weather,Low,Moderate,36.5,Rain,Medium,1,5,0.95,1.0,UNIQUE,,-1,52.0
ACC-IND-018166,OPEN_ACCIDENT_DATASET,18166,2024-03-14,15:00,2024,3,Thursday,Mumbai,Sion-Chembur,Eastern Express Highway (Sion - Chembur),19.056374,72.902067,Heavy Commercial / Truck,Urban,Grievous/Major,0,0,0,Poor Road,Low,Moderate,36.5,Fog,Low,1,1,0.95,1.0,UNIQUE,,-1,46.0
ACC-IND-018186,OPEN_ACCIDENT_DATASET,18186,2025-01-20,8:00,2025,1,Monday,Mumbai,Navi Mumbai Gateway,Sion Panvel Highway (Mankhurd - Vashi),19.056062,72.98077,Heavy Commercial / Truck,Highway,Minor,0,0,0,Drunk Driving,Medium,Moderate,36.5,Clear,High,0,3,0.95,1.0,UNIQUE,,-1,52.0
ACC-IND-018195,OPEN_ACCIDENT_DATASET,18195,2022-09-21,1:00,2022,9,Wednesday,Mumbai,Andheri West,Swami Vivekanand (SV) Road (Andheri West),19.116281,72.837125,Heavy Commercial / Truck,Rural,Grievous/Major,0,0,0,Overspeeding,Low,Moderate,36.5,Clear,High,0,2,0.95,1.0,UNIQUE,,10,52.0
ACC-IND-018196,OPEN_ACCIDENT_DATASET,18196,2022-08-13,5:00,2022,8,Saturday,Mumbai,Thane West,Ghodbunder Road (Thane West),19.199221,72.978646,Two-Wheeler / Bike,Rural,Minor,1,0,1,Drunk Driving,High,High,36.5,Rain,Low,1,2,0.95,1.0,UNIQUE,,-1,46.1
ACC-IND-018203,OPEN_ACCIDENT_DATASET,18203,2024-01-09,11:00,2024,1,Sunday,Mumbai,Thane West,Ghodbunder Road (Thane West),19.236246,72.990631,Car / SUV,Highway,Grievous/Major,2,0,2,Distraction,High,High,36.5,Fog,Low,1,3,0.95,1.0,UNIQUE,,20,67.1
ACC-IND-018234,OPEN_ACCIDENT_DATASET,18234,2022-03-14,18:00,2022,3,Monday,Mumbai,Thane West,Ghodbunder Road (Thane West),19.176499,72.978492,Two-Wheeler / Bike,Rural,Minor,1,0,1,Overspeeding,Low,Moderate,36.5,Fog,Low,0,2,0.95,1.0,UNIQUE,,-1,41.5
ACC-IND-018239,OPEN_ACCIDENT_DATASET,18239,2023-05-21,15:00,2023,5,Sunday,Mumbai,Eastern Suburbs,Eastern Express Highway (Vikhroli - Ghatkopar),19.113822,72.995182,Heavy Commercial / Truck,Highway,Minor,2,1,3,Distraction,Low,Moderate,36.5,Clear,High,0,4,0.95,1.0,UNIQUE,,-1,64.0
ACC-IND-018252,OPEN_ACCIDENT_DATASET,18252,2023-06-14,19:00,2023,6,Wednesday,Mumbai,South Mumbai,Marine Drive Promenade / Netaji Subhash Road,18.963744,72.878527,Heavy Commercial / Truck,Urban,Minor,0,0,0,Poor Road,High,High,36.5,Rain,Low,1,3,0.95,1.0,UNIQUE,,-1,52.1
ACC-IND-018262,OPEN_ACCIDENT_DATASET,18262,2024-12-10,10:00,2024,12,Saturday,Mumbai,Navi Mumbai Gateway,Sion Panvel Highway (Mankhurd - Vashi),19.042897,72.968717,Car / SUV,Rural,Fatal,1,1,2,Distraction,Medium,Moderate,36.5,Clear,High,1,2,0.95,1.0,UNIQUE,,-1,71.5
ACC-IND-018284,OPEN_ACCIDENT_DATASET,18284,2024-02-19,8:00,2024,2,Monday,Mumbai,Navi Mumbai Gateway,Sion Panvel Highway (Mankhurd - Vashi),19.013791,72.975763,Two-Wheeler / Bike,Rural,Fatal,0,1,1,Overspeeding,Medium,Moderate,36.5,Clear,High,0,1,0.95,1.0,UNIQUE,,-1,65.5
ACC-IND-018295,OPEN_ACCIDENT_DATASET,18295,2022-11-23,19:00,2022,11,Wednesday,Mumbai,Thane West,Ghodbunder Road (Thane West),19.274734,72.939647,Heavy Commercial / Truck,Highway,Grievous/Major,2,1,3,Weather,Medium,Moderate,36.5,Rain,Medium,1,5,0.95,1.0,UNIQUE,,-1,74.5
ACC-IND-018296,OPEN_ACCIDENT_DATASET,18296,2024-04-26,2:00,2024,4,Friday,Mumbai,Andheri West,Swami Vivekanand (SV) Road (Andheri West),19.108699,72.800964,Two-Wheeler / Bike,Highway,Grievous/Major,1,0,1,Overspeeding,Low,Moderate,36.5,Rain,Low,1,4,0.95,1.0,UNIQUE,,-1,62.5
ACC-IND-018308,OPEN_ACCIDENT_DATASET,18308,2024-06-15,12:00,2024,6,Saturday,Mumbai,Eastern Suburbs,Eastern Express Highway (Vikhroli - Ghatkopar),19.108308,72.967444,Heavy Commercial / Truck,Urban,Minor,0,0,0,Weather,High,High,36.5,Rain,Medium,0,5,0.95,1.0,UNIQUE,,-1,56.6
ACC-IND-018314,OPEN_ACCIDENT_DATASET,18314,2023-10-07,4:00,2023,10,Monday,Mumbai,Thane West,Ghodbunder Road (Thane West),19.255799,72.8849,Heavy Commercial / Truck,Urban,Minor,3,0,3,Drunk Driving,Low,Moderate,36.5,Fog,Low,0,5,0.95,1.0,UNIQUE,,-1,52.0
ACC-IND-018317,OPEN_ACCIDENT_DATASET,18317,2023-01-01,14:00,2023,1,Sunday,Mumbai,Dadar Central,Dadar TT Circle / Dr. Ambedkar Road,19.036843,72.821479,Car / SUV,Rural,Minor,2,0,2,Overspeeding,High,High,36.5,Clear,High,1,3,0.95,1.0,UNIQUE,,-1,52.1
ACC-IND-018319,OPEN_ACCIDENT_DATASET,18319,2023-11-03,7:00,2023,11,Saturday,Mumbai,Thane West,Ghodbunder Road (Thane West),19.205915,72.951338,Two-Wheeler / Bike,Urban,Minor,1,0,1,Distraction,High,High,36.5,Clear,High,0,5,0.95,1.0,UNIQUE,,-1,56.6
ACC-IND-018342,OPEN_ACCIDENT_DATASET,18342,2025-03-15,6:00,2025,3,Saturday,Mumbai,Thane West,Ghodbunder Road (Thane West),19.28669,72.873811,Heavy Commercial / Truck,Rural,Fatal,3,1,4,Drunk Driving,High,High,36.5,Fog,Low,1,4,0.95,1.0,UNIQUE,,-1,86.6
ACC-IND-018351,OPEN_ACCIDENT_DATASET,18351,2022-01-21,7:00,2022,1,Friday,Mumbai,Andheri West,Swami Vivekanand (SV) Road (Andheri West),19.114063,72.839518,Two-Wheeler / Bike,Highway,Minor,1,0,1,Distraction,High,High,36.5,Fog,Low,0,1,0.95,1.0,UNIQUE,,10,44.6
ACC-IND-018359,OPEN_ACCIDENT_DATASET,18359,2025-02-21,6:00,2025,2,Friday,Mumbai,Powai / Andheri East,Jogeshwari-Vikhroli Link Road (JVLR),19.135919,72.858888,Car / SUV,Highway,Minor,2,0,2,Overspeeding,Low,Moderate,36.5,Clear,High,1,5,0.95,1.0,UNIQUE,,16,52.0
ACC-IND-018364,OPEN_ACCIDENT_DATASET,18364,2022-09-15,15:00,2022,9,Thursday,Mumbai,Andheri West,Swami Vivekanand (SV) Road (Andheri West),19.092444,72.808108,Two-Wheeler / Bike,Urban,Minor,1,0,1,Weather,Low,Moderate,36.5,Rain,Medium,0,4,0.95,1.0,UNIQUE,,-1,52.0
ACC-IND-018367,OPEN_ACCIDENT_DATASET,18367,2024-06-19,14:00,2024,6,Wednesday,Mumbai,Navi Mumbai Gateway,Sion Panvel Highway (Mankhurd - Vashi),19.041635,72.940268,Heavy Commercial / Truck,Urban,Grievous/Major,0,0,0,Distraction,Medium,Moderate,36.5,Fog,Low,0,3,0.95,1.0,UNIQUE,,4,58.0
ACC-IND-018376,OPEN_ACCIDENT_DATASET,18376,2022-10-31,4:00,2022,10,Monday,Mumbai,Navi Mumbai Gateway,Sion Panvel Highway (Mankhurd - Vashi),19.009623,72.986874,Heavy Commercial / Truck,Urban,Grievous/Major,0,0,0,Distraction,High,High,36.5,Rain,Medium,1,3,0.95,1.0,UNIQUE,,13,62.6
ACC-IND-018404,OPEN_ACCIDENT_DATASET,18404,2024-09-27,4:00,2024,9,Friday,Mumbai,South Mumbai,Marine Drive Promenade / Netaji Subhash Road,18.941853,72.822309,Two-Wheeler / Bike,Rural,Minor,1,0,1,Overspeeding,Low,Moderate,36.5,Rain,Low,0,1,0.95,1.0,UNIQUE,,6,35.5
ACC-IND-018414,OPEN_ACCIDENT_DATASET,18414,2022-12-16,2:00,2022,12,Friday,Mumbai,Kurla East,Santa Cruz-Chembur Link Road (SCLR),19.073132,72.880729,Car / SUV,Urban,Grievous/Major,2,0,2,Weather,Low,Moderate,36.5,Clear,High,0,4,0.95,1.0,UNIQUE,,7,62.5
ACC-IND-018415,OPEN_ACCIDENT_DATASET,18415,2022-04-19,22:00,2022,4,Tuesday,Mumbai,Kurla / Ghatkopar,LBS Marg (Kurla - Ghatkopar),19.079881,72.889119,Heavy Commercial / Truck,Highway,Minor,0,0,0,Weather,Low,Moderate,36.5,Clear,High,0,5,0.95,1.0,UNIQUE,,7,52.0
ACC-IND-018431,OPEN_ACCIDENT_DATASET,18431,2023-05-18,12:00,2023,5,Thursday,Mumbai,South Mumbai,Marine Drive Promenade / Netaji Subhash Road,18.928611,72.829002,Heavy Commercial / Truck,Rural,Minor,3,0,3,Weather,Medium,Moderate,36.5,Fog,Low,1,3,0.95,1.0,UNIQUE,,6,47.5
ACC-IND-018432,OPEN_ACCIDENT_DATASET,18432,2024-10-22,12:00,2024,10,Tuesday,Mumbai,Thane West,Ghodbunder Road (Thane West),19.272863,72.864204,Car / SUV,Rural,Minor,2,0,2,Weather,Low,Moderate,36.5,Rain,Low,1,3,0.95,1.0,UNIQUE,,-1,47.5
ACC-IND-018436,OPEN_ACCIDENT_DATASET,18436,2022-09-17,20:00,2022,9,Saturday,Mumbai,Eastern Suburbs,Eastern Express Highway (Vikhroli - Ghatkopar),19.096726,72.912894,Heavy Commercial / Truck,Rural,Fatal,3,1,4,Distraction,Medium,Moderate,36.5,Fog,Low,1,4,0.95,1.0,UNIQUE,,2,82.0
ACC-IND-018444,OPEN_ACCIDENT_DATASET,18444,2024-11-11,7:00,2024,11,Monday,Mumbai,Dadar Central,Dadar TT Circle / Dr. Ambedkar Road,19.016106,72.84498,Two-Wheeler / Bike,Rural,Minor,1,0,1,Weather,Medium,Moderate,36.5,Rain,Low,1,3,0.95,1.0,UNIQUE,,3,47.5
ACC-IND-018450,OPEN_ACCIDENT_DATASET,18450,2024-11-18,13:00,2024,11,Monday,Mumbai,Western Suburbs,Western Express Highway (Kandivali - Goregaon),19.163816,72.812174,Car / SUV,Urban,Minor,2,0,2,Poor Road,Medium,Moderate,36.5,Clear,High,0,3,0.95,1.0,UNIQUE,,-1,47.5
ACC-IND-018451,OPEN_ACCIDENT_DATASET,18451,2024-10-17,7:00,2024,10,Thursday,Mumbai,Western Suburbs,Western Express Highway (Kandivali - Goregaon),19.235322,72.805515,Two-Wheeler / Bike,Rural,Grievous/Major,1,0,1,Weather,Low,Moderate,36.5,Fog,Low,1,1,0.95,1.0,UNIQUE,,15,46.0
ACC-IND-018465,OPEN_ACCIDENT_DATASET,18465,2023-12-17,18:00,2023,12,Sunday,Mumbai,Powai / Andheri East,Jogeshwari-Vikhroli Link Road (JVLR),19.124965,72.882974,Heavy Commercial / Truck,Highway,Minor,2,1,3,Overspeeding,High,High,36.5,Fog,Low,0,3,0.95,1.0,UNIQUE,,8,68.6
ACC-IND-018466,OPEN_ACCIDENT_DATASET,18466,2023-11-06,0:00,2023,11,Sunday,Mumbai,Thane West,Ghodbunder Road (Thane West),19.192534,72.977822,Car / SUV,Urban,Grievous/Major,2,0,2,Poor Road,Medium,Moderate,36.5,Rain,Medium,1,5,0.95,1.0,UNIQUE,,-1,62.5
ACC-IND-018471,OPEN_ACCIDENT_DATASET,18471,2023-07-10,19:00,2023,7,Saturday,Mumbai,Lower Parel,Lower Parel Commercial Hub / Senapati Bapat Marg,18.993165,72.824798,Two-Wheeler / Bike,Urban,Minor,1,0,1,Distraction,Medium,Moderate,36.5,Clear,High,0,1,0.95,1.0,UNIQUE,,3,35.5
ACC-IND-018475,OPEN_ACCIDENT_DATASET,18475,2024-09-21,6:00,2024,9,Saturday,Mumbai,South Mumbai,Marine Drive Promenade / Netaji Subhash Road,18.944835,72.889747,Two-Wheeler / Bike,Rural,Minor,1,0,1,Drunk Driving,Low,Moderate,36.5,Fog,Low,0,2,0.95,1.0,UNIQUE,,-1,41.5
ACC-IND-018479,OPEN_ACCIDENT_DATASET,18479,2024-11-22,9:00,2024,11,Friday,Mumbai,Navi Mumbai Gateway,Sion Panvel Highway (Mankhurd - Vashi),19.06344,72.978991,Two-Wheeler / Bike,Urban,Minor,1,0,1,Poor Road,Low,Moderate,36.5,Rain,Low,1,3,0.95,1.0,UNIQUE,,-1,47.5
ACC-IND-018481,OPEN_ACCIDENT_DATASET,18481,2023-10-30,9:00,2023,10,Monday,Mumbai,South Mumbai,Marine Drive Promenade / Netaji Subhash Road,18.865428,72.989246,Heavy Commercial / Truck,Urban,Minor,4,0,4,Distraction,High,High,36.5,Rain,Medium,1,4,0.95,1.0,UNIQUE,,-1,56.6
ACC-IND-018482,OPEN_ACCIDENT_DATASET,18482,2023-07-11,21:00,2023,7,Tuesday,Mumbai,Sion-Chembur,Eastern Express Highway (Sion - Chembur),19.039057,72.887576,Heavy Commercial / Truck,Urban,Grievous/Major,2,1,3,Poor Road,High,High,36.5,Rain,Medium,1,3,0.95,1.0,UNIQUE,,5,74.6
ACC-IND-018491,OPEN_ACCIDENT_DATASET,18491,2024-05-02,1:00,2024,5,Monday,Mumbai,Powai / Andheri East,Jogeshwari-Vikhroli Link Road (JVLR),19.129236,72.885301,Heavy Commercial / Truck,Urban,Fatal,4,1,5,Distraction,High,High,36.5,Clear,High,1,5,0.95,1.0,UNIQUE,,8,86.6
ACC-IND-018499,OPEN_ACCIDENT_DATASET,18499,2024-03-09,12:00,2024,3,Tuesday,Mumbai,Bandra West,Western Express Highway (Bandra - Santacruz),19.065066,72.861067,Heavy Commercial / Truck,Urban,Fatal,4,1,5,Distraction,Medium,Moderate,36.5,Rain,Low,1,5,0.95,1.0,UNIQUE,,-1,82.0
ACC-IND-018521,OPEN_ACCIDENT_DATASET,18521,2024-05-22,0:00,2024,5,Wednesday,Mumbai,South Mumbai,Marine Drive Promenade / Netaji Subhash Road,18.869925,72.968312,Two-Wheeler / Bike,Urban,Minor,1,0,1,Drunk Driving,Low,Moderate,36.5,Clear,High,0,3,0.95,1.0,UNIQUE,,-1,47.5
ACC-IND-018531,OPEN_ACCIDENT_DATASET,18531,2022-09-07,0:00,2022,9,Saturday,Mumbai,Western Suburbs,Western Express Highway (Kandivali - Goregaon),19.186533,72.831529,Two-Wheeler / Bike,Rural,Minor,1,0,1,Drunk Driving,Low,Moderate,36.5,Fog,Low,0,1,0.95,1.0,UNIQUE,,11,35.5
ACC-IND-018533,OPEN_ACCIDENT_DATASET,18533,2023-12-13,10:00,2023,12,Wednesday,Mumbai,Navi Mumbai Gateway,Sion Panvel Highway (Mankhurd - Vashi),18.986604,72.928717,Two-Wheeler / Bike,Urban,Grievous/Major,1,0,1,Drunk Driving,Low,Moderate,36.5,Clear,High,0,1,0.95,1.0,UNIQUE,,-1,46.0
ACC-IND-018535,OPEN_ACCIDENT_DATASET,18535,2022-08-19,8:00,2022,8,Friday,Mumbai,Dadar Central,Dadar TT Circle / Dr. Ambedkar Road,19.015807,72.850264,Heavy Commercial / Truck,Highway,Fatal,4,1,5,Drunk Driving,Low,Moderate,36.5,Fog,Low,1,5,0.95,1.0,UNIQUE,,3,82.0
ACC-IND-018558,OPEN_ACCIDENT_DATASET,18558,2022-03-12,7:00,2022,3,Saturday,Mumbai,South Mumbai,Marine Drive Promenade / Netaji Subhash Road,18.922767,72.880579,Heavy Commercial / Truck,Highway,Minor,0,0,0,Poor Road,High,High,36.5,Clear,High,1,1,0.95,1.0,UNIQUE,,-1,44.6
ACC-IND-018561,OPEN_ACCIDENT_DATASET,18561,2024-01-25,21:00,2024,1,Thursday,Mumbai,Dadar Central,Dadar TT Circle / Dr. Ambedkar Road,19.017231,72.845409,Two-Wheeler / Bike,Highway,Minor,1,0,1,Drunk Driving,Medium,Moderate,36.5,Clear,High,1,4,0.95,1.0,UNIQUE,,3,52.0
ACC-IND-018564,OPEN_ACCIDENT_DATASET,18564,2024-12-26,4:00,2024,12,Thursday,Mumbai,Western Suburbs,Western Express Highway (Kandivali - Goregaon),19.165293,72.853528,Car / SUV,Rural,Fatal,1,1,2,Poor Road,Low,Moderate,36.5,Fog,Low,0,2,0.95,1.0,UNIQUE,,11,71.5
ACC-IND-018584,OPEN_ACCIDENT_DATASET,18584,2023-06-25,15:00,2023,6,Sunday,Mumbai,Western Suburbs,Western Express Highway (Kandivali - Goregaon),19.191949,72.872549,Car / SUV,Rural,Minor,2,0,2,Distraction,High,High,36.5,Clear,High,1,4,0.95,1.0,UNIQUE,,-1,56.6
ACC-IND-018590,OPEN_ACCIDENT_DATASET,18590,2022-02-10,0:00,2022,2,Sunday,Mumbai,Western Suburbs,Western Express Highway (Kandivali - Goregaon),19.164827,72.859719,Heavy Commercial / Truck,Urban,Minor,0,0,0,Drunk Driving,Low,Moderate,36.5,Rain,Low,1,4,0.95,1.0,UNIQUE,,11,52.0
ACC-IND-018600,OPEN_ACCIDENT_DATASET,18600,2022-11-27,18:00,2022,11,Sunday,Mumbai,Dadar Central,Dadar TT Circle / Dr. Ambedkar Road,19.018993,72.844276,Heavy Commercial / Truck,Rural,Fatal,3,1,4,Overspeeding,High,High,36.5,Clear,High,0,4,0.95,1.0,UNIQUE,,3,86.6
ACC-IND-018607,OPEN_ACCIDENT_DATASET,18607,2023-06-10,15:00,2023,6,Friday,Mumbai,Western Suburbs,Western Express Highway (Kandivali - Goregaon),19.261525,72.807527,Two-Wheeler / Bike,Rural,Minor,1,0,1,Distraction,Medium,Moderate,36.5,Fog,Low,0,3,0.95,1.0,UNIQUE,,-1,47.5
ACC-IND-018618,OPEN_ACCIDENT_DATASET,18618,2025-03-28,9:00,2025,3,Friday,Mumbai,Navi Mumbai Gateway,Sion Panvel Highway (Mankhurd - Vashi),19.073368,72.983543,Two-Wheeler / Bike,Urban,Minor,1,0,1,Weather,High,High,36.5,Clear,High,0,2,0.95,1.0,UNIQUE,,-1,46.1
ACC-IND-018639,OPEN_ACCIDENT_DATASET,18639,2022-05-20,20:00,2022,5,Friday,Mumbai,South Mumbai,Marine Drive Promenade / Netaji Subhash Road,18.9009,72.924289,Car / SUV,Rural,Grievous/Major,2,0,2,Distraction,High,High,36.5,Fog,Low,1,2,0.95,1.0,UNIQUE,,-1,56.6
ACC-IND-018649,OPEN_ACCIDENT_DATASET,18649,2022-08-13,20:00,2022,8,Saturday,Mumbai,South Mumbai,Marine Drive Promenade / Netaji Subhash Road,18.854714,72.932615,Two-Wheeler / Bike,Urban,Grievous/Major,1,0,1,Poor Road,Low,Moderate,36.5,Rain,Medium,0,5,0.95,1.0,UNIQUE,,-1,62.5
ACC-IND-018652,OPEN_ACCIDENT_DATASET,18652,2022-11-16,10:00,2022,11,Wednesday,Mumbai,Dadar Central,Dadar TT Circle / Dr. Ambedkar Road,19.000863,72.845148,Two-Wheeler / Bike,Rural,Fatal,0,1,1,Weather,High,High,36.5,Clear,High,1,1,0.95,1.0,UNIQUE,,3,70.1
ACC-IND-018659,OPEN_ACCIDENT_DATASET,18659,2024-11-25,20:00,2024,11,Monday,Mumbai,Navi Mumbai Gateway,Sion Panvel Highway (Mankhurd - Vashi),19.088538,72.964713,Car / SUV,Urban,Grievous/Major,2,0,2,Poor Road,Low,Moderate,36.5,Fog,Low,1,5,0.95,1.0,UNIQUE,,-1,62.5
ACC-IND-018662,OPEN_ACCIDENT_DATASET,18662,2024-07-22,4:00,2024,7,Monday,Mumbai,Eastern Suburbs,Eastern Express Highway (Vikhroli - Ghatkopar),19.142325,72.948043,Car / SUV,Urban,Grievous/Major,2,0,2,Overspeeding,Low,Moderate,36.5,Rain,Medium,1,4,0.95,1.0,UNIQUE,,-1,62.5
ACC-IND-018680,OPEN_ACCIDENT_DATASET,18680,2023-09-27,11:00,2023,9,Wednesday,Mumbai,Thane West,Ghodbunder Road (Thane West),19.262876,72.962924,Two-Wheeler / Bike,Urban,Minor,1,0,1,Drunk Driving,Low,Moderate,36.5,Clear,High,1,4,0.95,1.0,UNIQUE,,1,52.0
ACC-IND-018693,OPEN_ACCIDENT_DATASET,18693,2023-02-22,14:00,2023,2,Wednesday,Mumbai,Thane West,Ghodbunder Road (Thane West),19.183502,72.992101,Car / SUV,Highway,Grievous/Major,2,0,2,Overspeeding,High,High,36.5,Clear,High,0,4,0.95,1.0,UNIQUE,,-1,67.1
ACC-IND-018697,OPEN_ACCIDENT_DATASET,18697,2023-03-15,18:00,2023,3,Wednesday,Mumbai,Navi Mumbai Gateway,Sion Panvel Highway (Mankhurd - Vashi),19.080712,72.984742,Two-Wheeler / Bike,Rural,Grievous/Major,1,0,1,Overspeeding,Medium,Moderate,36.5,Clear,High,1,3,0.95,1.0,UNIQUE,,-1,58.0
ACC-IND-018700,OPEN_ACCIDENT_DATASET,18700,2022-05-01,9:00,2022,5,Wednesday,Mumbai,Kurla East,Santa Cruz-Chembur Link Road (SCLR),19.075466,72.878759,Two-Wheeler / Bike,Urban,Minor,1,0,1,Distraction,High,High,36.5,Clear,High,1,1,0.95,1.0,UNIQUE,,7,40.1
ACC-IND-018709,OPEN_ACCIDENT_DATASET,18709,2023-12-17,15:00,2023,12,Sunday,Mumbai,Lower Parel,Lower Parel Commercial Hub / Senapati Bapat Marg,18.989834,72.841875,Car / SUV,Rural,Minor,2,0,2,Distraction,High,High,36.5,Fog,Low,1,2,0.95,1.0,UNIQUE,,3,46.1
ACC-IND-018715,OPEN_ACCIDENT_DATASET,18715,2023-12-02,16:00,2023,12,Sunday,Mumbai,Thane West,Ghodbunder Road (Thane West),19.230722,72.975531,Heavy Commercial / Truck,Highway,Minor,4,0,4,Overspeeding,Low,Moderate,36.5,Rain,Low,1,5,0.95,1.0,UNIQUE,,-1,52.0
ACC-IND-018717,OPEN_ACCIDENT_DATASET,18717,2024-05-17,16:00,2024,5,Friday,Mumbai,Dadar Central,Dadar TT Circle / Dr. Ambedkar Road,19.024361,72.842255,Car / SUV,Highway,Grievous/Major,2,0,2,Weather,High,High,36.5,Clear,High,1,2,0.95,1.0,UNIQUE,,3,61.1
ACC-IND-018749,OPEN_ACCIDENT_DATASET,18749,2023-04-17,23:00,2023,4,Monday,Mumbai,Sion-Chembur,Eastern Express Highway (Sion - Chembur),19.045498,72.888394,Two-Wheeler / Bike,Rural,Grievous/Major,1,0,1,Weather,High,High,36.5,Fog,Low,1,2,0.95,1.0,UNIQUE,,5,56.6
ACC-IND-018751,OPEN_ACCIDENT_DATASET,18751,2022-02-26,8:00,2022,2,Saturday,Mumbai,South Mumbai,Marine Drive Promenade / Netaji Subhash Road,18.937195,72.90204,Heavy Commercial / Truck,Highway,Minor,0,0,0,Distraction,High,High,36.5,Fog,Low,1,1,0.95,1.0,UNIQUE,,-1,44.6
ACC-IND-018759,OPEN_ACCIDENT_DATASET,18759,2024-01-21,20:00,2024,1,Sunday,Mumbai,Thane West,Ghodbunder Road (Thane West),19.218544,72.972518,Heavy Commercial / Truck,Highway,Grievous/Major,4,1,5,Overspeeding,Low,Moderate,36.5,Clear,High,1,5,0.95,1.0,UNIQUE,,-1,74.5
ACC-IND-018771,OPEN_ACCIDENT_DATASET,18771,2023-03-22,0:00,2023,3,Wednesday,Mumbai,Western Suburbs,Western Express Highway (Kandivali - Goregaon),19.26545,72.77543,Two-Wheeler / Bike,Highway,Minor,1,0,1,Drunk Driving,Low,Moderate,36.5,Rain,Low,1,2,0.95,1.0,UNIQUE,,-1,46.0
ACC-IND-018773,OPEN_ACCIDENT_DATASET,18773,2022-10-21,8:00,2022,10,Friday,Mumbai,Dadar Central,Dadar TT Circle / Dr. Ambedkar Road,19.014363,72.872774,Heavy Commercial / Truck,Urban,Minor,0,0,0,Drunk Driving,High,High,36.5,Rain,Low,0,2,0.95,1.0,UNIQUE,,-1,46.1
ACC-IND-018778,OPEN_ACCIDENT_DATASET,18778,2024-04-12,1:00,2024,4,Wednesday,Mumbai,Kurla East,Santa Cruz-Chembur Link Road (SCLR),19.069086,72.874103,Heavy Commercial / Truck,Highway,Minor,3,0,3,Poor Road,High,High,36.5,Fog,Low,1,5,0.95,1.0,UNIQUE,,7,56.6
ACC-IND-018782,OPEN_ACCIDENT_DATASET,18782,2023-07-17,13:00,2023,7,Monday,Mumbai,Dadar Central,Dadar TT Circle / Dr. Ambedkar Road,19.015152,72.848224,Two-Wheeler / Bike,Rural,Minor,1,0,1,Drunk Driving,Medium,Moderate,36.5,Fog,Low,1,1,0.95,1.0,UNIQUE,,3,35.5
ACC-IND-018786,OPEN_ACCIDENT_DATASET,18786,2023-04-02,12:00,2023,4,Saturday,Mumbai,Powai / Andheri East,Jogeshwari-Vikhroli Link Road (JVLR),19.164986,72.939729,Heavy Commercial / Truck,Rural,Minor,0,0,0,Weather,Low,Moderate,36.5,Fog,Low,1,1,0.95,1.0,UNIQUE,,-1,35.5
ACC-IND-018788,OPEN_ACCIDENT_DATASET,18788,2022-06-26,13:00,2022,6,Sunday,Mumbai,Western Suburbs,Western Express Highway (Kandivali - Goregaon),19.185485,72.911342,Heavy Commercial / Truck,Highway,Minor,0,0,0,Distraction,Medium,Moderate,36.5,Fog,Low,1,4,0.95,1.0,UNIQUE,,-1,52.0
ACC-IND-018860,OPEN_ACCIDENT_DATASET,18860,2023-09-24,7:00,2023,9,Sunday,Mumbai,Powai / Andheri East,Jogeshwari-Vikhroli Link Road (JVLR),19.107671,72.878958,Heavy Commercial / Truck,Rural,Minor,2,1,3,Poor Road,High,High,36.5,Fog,Low,1,5,0.95,1.0,UNIQUE,,-1,68.6
ACC-IND-018869,OPEN_ACCIDENT_DATASET,18869,2025-02-20,19:00,2025,2,Thursday,Mumbai,Western Suburbs,Western Express Highway (Kandivali - Goregaon),19.154868,72.867363,Two-Wheeler / Bike,Rural,Minor,1,0,1,Distraction,Medium,Moderate,36.5,Clear,High,1,3,0.95,1.0,UNIQUE,,-1,47.5
ACC-IND-018874,OPEN_ACCIDENT_DATASET,18874,2022-11-11,17:00,2022,11,Friday,Mumbai,South Mumbai,Marine Drive Promenade / Netaji Subhash Road,18.875879,72.963292,Two-Wheeler / Bike,Highway,Minor,1,0,1,Drunk Driving,Low,Moderate,36.5,Rain,Low,1,5,0.95,1.0,UNIQUE,,19,52.0
ACC-IND-018878,OPEN_ACCIDENT_DATASET,18878,2023-06-13,3:00,2023,6,Tuesday,Mumbai,Kurla / Ghatkopar,LBS Marg (Kurla - Ghatkopar),19.083793,72.899706,Car / SUV,Urban,Minor,2,0,2,Poor Road,Low,Moderate,36.5,Rain,Low,1,2,0.95,1.0,UNIQUE,,7,41.5
ACC-IND-018880,OPEN_ACCIDENT_DATASET,18880,2025-02-27,10:00,2025,2,Thursday,Mumbai,Navi Mumbai Gateway,Sion Panvel Highway (Mankhurd - Vashi),19.056473,72.933595,Heavy Commercial / Truck,Urban,Grievous/Major,3,1,4,Drunk Driving,Medium,Moderate,36.5,Fog,Low,0,5,0.95,1.0,UNIQUE,,4,74.5
ACC-IND-018883,OPEN_ACCIDENT_DATASET,18883,2022-08-01,18:00,2022,8,Saturday,Mumbai,Kurla / Ghatkopar,LBS Marg (Kurla - Ghatkopar),19.087491,72.89052,Two-Wheeler / Bike,Highway,Fatal,0,1,1,Weather,High,High,36.5,Fog,Low,1,1,0.95,1.0,UNIQUE,,7,74.6
ACC-IND-018891,OPEN_ACCIDENT_DATASET,18891,2023-07-04,12:00,2023,7,Friday,Mumbai,Eastern Suburbs,Eastern Express Highway (Vikhroli - Ghatkopar),19.09571,72.914134,Car / SUV,Rural,Minor,2,0,2,Poor Road,High,High,36.5,Clear,High,0,5,0.95,1.0,UNIQUE,,2,56.6
ACC-IND-018892,OPEN_ACCIDENT_DATASET,18892,2022-06-24,23:00,2022,6,Friday,Mumbai,South Mumbai,Marine Drive Promenade / Netaji Subhash Road,18.966379,72.832932,Car / SUV,Urban,Fatal,1,1,2,Distraction,High,High,36.5,Fog,Low,0,2,0.95,1.0,UNIQUE,,-1,76.1
ACC-IND-018900,OPEN_ACCIDENT_DATASET,18900,2023-05-11,16:00,2023,5,Sunday,Mumbai,Thane West,Ghodbunder Road (Thane West),19.214128,72.925063,Two-Wheeler / Bike,Rural,Grievous/Major,1,0,1,Overspeeding,Medium,Moderate,36.5,Clear,High,1,5,0.95,1.0,UNIQUE,,-1,62.5
ACC-IND-018908,OPEN_ACCIDENT_DATASET,18908,2023-02-12,5:00,2023,2,Saturday,Mumbai,Kurla East,Santa Cruz-Chembur Link Road (SCLR),19.071262,72.877813,Two-Wheeler / Bike,Highway,Fatal,0,1,1,Poor Road,Medium,Moderate,36.5,Fog,Low,0,1,0.95,1.0,UNIQUE,,7,70.0
ACC-IND-018912,OPEN_ACCIDENT_DATASET,18912,2023-07-27,15:00,2023,7,Thursday,Mumbai,Andheri West,Swami Vivekanand (SV) Road (Andheri West),19.131938,72.812285,Two-Wheeler / Bike,Highway,Grievous/Major,1,0,1,Drunk Driving,Low,Moderate,36.5,Rain,Low,1,2,0.95,1.0,UNIQUE,,-1,56.5
ACC-IND-018924,OPEN_ACCIDENT_DATASET,18924,2024-09-27,17:00,2024,9,Friday,Mumbai,South Mumbai,Marine Drive Promenade / Netaji Subhash Road,18.944453,72.822795,Two-Wheeler / Bike,Urban,Minor,1,0,1,Drunk Driving,High,High,36.5,Fog,Low,1,1,0.95,1.0,UNIQUE,,6,40.1
ACC-IND-018929,OPEN_ACCIDENT_DATASET,18929,2022-08-27,15:00,2022,8,Saturday,Mumbai,Bandra West,Western Express Highway (Bandra - Santacruz),19.070904,72.841907,Two-Wheeler / Bike,Urban,Minor,1,0,1,Overspeeding,High,High,36.5,Rain,Medium,1,2,0.95,1.0,UNIQUE,,0,46.1
ACC-IND-018935,OPEN_ACCIDENT_DATASET,18935,2023-07-04,4:00,2023,7,Friday,Mumbai,Western Suburbs,Western Express Highway (Kandivali - Goregaon),19.241876,72.843767,Car / SUV,Highway,Minor,2,0,2,Distraction,Low,Moderate,36.5,Fog,Low,0,4,0.95,1.0,UNIQUE,,-1,52.0
ACC-IND-018953,OPEN_ACCIDENT_DATASET,18953,2022-12-25,15:00,2022,12,Sunday,Mumbai,Western Suburbs,Western Express Highway (Kandivali - Goregaon),19.220688,72.844575,Heavy Commercial / Truck,Urban,Minor,0,0,0,Overspeeding,Medium,Moderate,36.5,Fog,Low,1,5,0.95,1.0,UNIQUE,,-1,52.0
ACC-IND-018957,OPEN_ACCIDENT_DATASET,18957,2022-12-08,6:00,2022,12,Friday,Mumbai,Western Suburbs,Western Express Highway (Kandivali - Goregaon),19.196995,72.89747,Car / SUV,Rural,Fatal,1,1,2,Poor Road,Medium,Moderate,36.5,Clear,High,1,2,0.95,1.0,UNIQUE,,-1,71.5
ACC-IND-018959,OPEN_ACCIDENT_DATASET,18959,2023-11-07,3:00,2023,11,Tuesday,Mumbai,South Mumbai,Marine Drive Promenade / Netaji Subhash Road,18.865881,72.877347,Heavy Commercial / Truck,Rural,Minor,4,0,4,Distraction,High,High,36.5,Clear,High,1,4,0.95,1.0,UNIQUE,,14,56.6
ACC-IND-018966,OPEN_ACCIDENT_DATASET,18966,2024-10-22,22:00,2024,10,Tuesday,Mumbai,Thane West,Ghodbunder Road (Thane West),19.275638,72.891237,Heavy Commercial / Truck,Highway,Minor,5,0,5,Overspeeding,Medium,Moderate,36.5,Rain,Low,1,5,0.95,1.0,UNIQUE,,-1,52.0
ACC-IND-018971,OPEN_ACCIDENT_DATASET,18971,2022-04-29,7:00,2022,4,Friday,Mumbai,Western Suburbs,Western Express Highway (Kandivali - Goregaon),19.216968,72.831414,Heavy Commercial / Truck,Highway,Minor,0,0,0,Weather,High,High,36.5,Clear,High,0,2,0.95,1.0,UNIQUE,,-1,50.6
ACC-IND-018987,OPEN_ACCIDENT_DATASET,18987,2022-05-09,5:00,2022,5,Monday,Mumbai,Thane West,Ghodbunder Road (Thane West),19.186663,72.969054,Heavy Commercial / Truck,Highway,Grievous/Major,0,0,0,Distraction,Low,Moderate,36.5,Rain,Low,1,3,0.95,1.0,UNIQUE,,-1,62.5
ACC-IND-018993,OPEN_ACCIDENT_DATASET,18993,2024-12-06,15:00,2024,12,Wednesday,Mumbai,Western Suburbs,Western Express Highway (Kandivali - Goregaon),19.210454,72.804204,Car / SUV,Urban,Minor,2,0,2,Overspeeding,High,High,36.5,Fog,Low,1,3,0.95,1.0,UNIQUE,,-1,52.1
ACC-IND-019013,OPEN_ACCIDENT_DATASET,19013,2022-06-29,21:00,2022,6,Wednesday,Mumbai,Lower Parel,Lower Parel Commercial Hub / Senapati Bapat Marg,19.018008,72.800721,Heavy Commercial / Truck,Rural,Minor,0,0,0,Poor Road,Low,Moderate,36.5,Fog,Low,1,4,0.95,1.0,UNIQUE,,-1,52.0
ACC-IND-019015,OPEN_ACCIDENT_DATASET,19015,2022-08-12,2:00,2022,8,Thursday,Mumbai,South Mumbai,Marine Drive Promenade / Netaji Subhash Road,18.943916,72.820348,Car / SUV,Urban,Grievous/Major,2,0,2,Poor Road,Low,Moderate,36.5,Rain,Low,0,2,0.95,1.0,UNIQUE,,6,52.0
ACC-IND-019022,OPEN_ACCIDENT_DATASET,19022,2023-08-24,2:00,2023,8,Thursday,Mumbai,Thane West,Ghodbunder Road (Thane West),19.239199,72.919374,Heavy Commercial / Truck,Highway,Minor,0,0,0,Drunk Driving,Medium,Moderate,36.5,Fog,Low,0,3,0.95,1.0,UNIQUE,,-1,52.0
ACC-IND-019061,OPEN_ACCIDENT_DATASET,19061,2023-07-24,16:00,2023,7,Monday,Mumbai,Sion-Chembur,Eastern Express Highway (Sion - Chembur),19.046404,72.892771,Heavy Commercial / Truck,Rural,Fatal,3,1,4,Drunk Driving,High,High,36.5,Clear,High,1,4,0.95,1.0,UNIQUE,,5,86.6
ACC-IND-019069,OPEN_ACCIDENT_DATASET,19069,2024-03-10,13:00,2024,3,Thursday,Mumbai,Lower Parel,Lower Parel Commercial Hub / Senapati Bapat Marg,18.994726,72.828194,Heavy Commercial / Truck,Urban,Grievous/Major,0,0,0,Overspeeding,Low,Moderate,36.5,Rain,Low,1,2,0.95,1.0,UNIQUE,,3,52.0
ACC-IND-019091,OPEN_ACCIDENT_DATASET,19091,2022-10-09,22:00,2022,10,Saturday,Mumbai,Western Suburbs,Western Express Highway (Kandivali - Goregaon),19.235517,72.885739,Car / SUV,Urban,Minor,2,0,2,Overspeeding,High,High,36.5,Rain,Medium,0,2,0.95,1.0,UNIQUE,,-1,46.1
ACC-IND-019098,OPEN_ACCIDENT_DATASET,19098,2022-04-07,2:00,2022,4,Monday,Mumbai,South Mumbai,Marine Drive Promenade / Netaji Subhash Road,18.939876,72.831914,Two-Wheeler / Bike,Urban,Grievous/Major,1,0,1,Drunk Driving,Medium,Moderate,36.5,Fog,Low,1,1,0.95,1.0,UNIQUE,,6,46.0
ACC-IND-019105,OPEN_ACCIDENT_DATASET,19105,2024-02-25,16:00,2024,2,Sunday,Mumbai,South Mumbai,Marine Drive Promenade / Netaji Subhash Road,18.927811,72.840356,Heavy Commercial / Truck,Rural,Fatal,4,1,5,Overspeeding,High,High,36.5,Rain,Medium,0,5,0.95,1.0,UNIQUE,,-1,86.6
ACC-IND-019132,OPEN_ACCIDENT_DATASET,19132,2024-02-19,15:00,2024,2,Monday,Mumbai,Andheri West,Swami Vivekanand (SV) Road (Andheri West),19.132499,72.810179,Two-Wheeler / Bike,Rural,Grievous/Major,1,0,1,Overspeeding,High,High,36.5,Fog,Low,1,2,0.95,1.0,UNIQUE,,-1,56.6
ACC-IND-019133,OPEN_ACCIDENT_DATASET,19133,2024-04-04,19:00,2024,4,Thursday,Mumbai,South Mumbai,Marine Drive Promenade / Netaji Subhash Road,18.890308,72.947163,Two-Wheeler / Bike,Urban,Minor,1,0,1,Poor Road,Low,Moderate,36.5,Rain,Low,1,1,0.95,1.0,UNIQUE,,-1,35.5
ACC-IND-019150,OPEN_ACCIDENT_DATASET,19150,2023-02-27,20:00,2023,2,Monday,Mumbai,Thane West,Ghodbunder Road (Thane West),19.267449,72.947063,Heavy Commercial / Truck,Urban,Minor,3,0,3,Drunk Driving,Low,Moderate,36.5,Clear,High,0,5,0.95,1.0,UNIQUE,,-1,52.0
ACC-IND-019157,OPEN_ACCIDENT_DATASET,19157,2022-06-30,8:00,2022,6,Thursday,Mumbai,Andheri West,Swami Vivekanand (SV) Road (Andheri West),19.113043,72.836302,Heavy Commercial / Truck,Rural,Grievous/Major,3,0,3,Drunk Driving,High,High,36.5,Clear,High,1,5,0.95,1.0,UNIQUE,,10,67.1
ACC-IND-019166,OPEN_ACCIDENT_DATASET,19166,2024-06-13,3:00,2024,6,Thursday,Mumbai,Western Suburbs,Western Express Highway (Kandivali - Goregaon),19.222507,72.822088,Heavy Commercial / Truck,Urban,Minor,0,0,0,Weather,Medium,Moderate,36.5,Clear,High,0,2,0.95,1.0,UNIQUE,,-1,41.5
ACC-IND-019172,OPEN_ACCIDENT_DATASET,19172,2024-02-02,2:00,2024,2,Friday,Mumbai,South Mumbai,Marine Drive Promenade / Netaji Subhash Road,18.946883,72.889724,Heavy Commercial / Truck,Highway,Minor,0,0,0,Poor Road,Low,Moderate,36.5,Rain,Low,1,2,0.95,1.0,UNIQUE,,-1,46.0
ACC-IND-019187,OPEN_ACCIDENT_DATASET,19187,2022-02-19,12:00,2022,2,Saturday,Mumbai,South Mumbai,Marine Drive Promenade / Netaji Subhash Road,18.935997,72.917885,Heavy Commercial / Truck,Highway,Grievous/Major,5,0,5,Poor Road,Low,Moderate,36.5,Fog,Low,1,5,0.95,1.0,UNIQUE,,-1,62.5
ACC-IND-019188,OPEN_ACCIDENT_DATASET,19188,2024-09-12,20:00,2024,9,Monday,Mumbai,Western Suburbs,Western Express Highway (Kandivali - Goregaon),19.162433,72.852,Two-Wheeler / Bike,Urban,Minor,1,0,1,Overspeeding,Medium,Moderate,36.5,Fog,Low,0,1,0.95,1.0,UNIQUE,,11,35.5
ACC-IND-019189,OPEN_ACCIDENT_DATASET,19189,2024-12-31,18:00,2024,12,Tuesday,Mumbai,Thane West,Ghodbunder Road (Thane West),19.182716,72.947175,Car / SUV,Highway,Minor,2,0,2,Weather,Medium,Moderate,36.5,Rain,Low,0,2,0.95,1.0,UNIQUE,,-1,46.0
ACC-IND-019196,OPEN_ACCIDENT_DATASET,19196,2022-06-24,10:00,2022,6,Friday,Mumbai,South Mumbai,Marine Drive Promenade / Netaji Subhash Road,18.851304,72.982496,Car / SUV,Urban,Minor,2,0,2,Weather,High,High,36.5,Rain,Low,1,3,0.95,1.0,UNIQUE,,-1,52.1
ACC-IND-019203,OPEN_ACCIDENT_DATASET,19203,2024-07-02,13:00,2024,7,Wednesday,Mumbai,Eastern Suburbs,Eastern Express Highway (Vikhroli - Ghatkopar),19.09781,72.909456,Two-Wheeler / Bike,Urban,Minor,1,0,1,Drunk Driving,Low,Moderate,36.5,Clear,High,0,4,0.95,1.0,UNIQUE,,2,52.0
ACC-IND-019204,OPEN_ACCIDENT_DATASET,19204,2022-08-02,18:00,2022,8,Tuesday,Mumbai,Thane West,Ghodbunder Road (Thane West),19.283308,72.961996,Heavy Commercial / Truck,Urban,Minor,0,0,0,Distraction,High,High,36.5,Clear,High,1,1,0.95,1.0,UNIQUE,,-1,40.1
ACC-IND-019230,OPEN_ACCIDENT_DATASET,19230,2022-07-24,18:00,2022,7,Sunday,Mumbai,Sion-Chembur,Eastern Express Highway (Sion - Chembur),19.040713,72.894628,Two-Wheeler / Bike,Highway,Minor,1,0,1,Poor Road,High,High,36.5,Rain,Low,0,2,0.95,1.0,UNIQUE,,5,50.6
ACC-IND-019235,OPEN_ACCIDENT_DATASET,19235,2023-10-15,22:00,2023,10,Sunday,Mumbai,South Mumbai,Marine Drive Promenade / Netaji Subhash Road,18.896498,72.934256,Two-Wheeler / Bike,Rural,Minor,1,0,1,Poor Road,Low,Moderate,36.5,Fog,Low,0,3,0.95,1.0,UNIQUE,,-1,47.5
ACC-IND-019243,OPEN_ACCIDENT_DATASET,19243,2023-06-07,19:00,2023,6,Thursday,Mumbai,Sion-Chembur,Eastern Express Highway (Sion - Chembur),19.046272,72.890617,Heavy Commercial / Truck,Rural,Fatal,4,1,5,Overspeeding,High,High,36.5,Clear,High,1,5,0.95,1.0,UNIQUE,,5,86.6
ACC-IND-019250,OPEN_ACCIDENT_DATASET,19250,2025-03-03,18:00,2025,3,Monday,Mumbai,Dadar Central,Dadar TT Circle / Dr. Ambedkar Road,19.013254,72.844596,Two-Wheeler / Bike,Urban,Grievous/Major,1,0,1,Overspeeding,High,High,36.5,Rain,Low,1,4,0.95,1.0,UNIQUE,,3,67.1
ACC-IND-019252,OPEN_ACCIDENT_DATASET,19252,2023-03-25,6:00,2023,3,Saturday,Mumbai,Thane West,Ghodbunder Road (Thane West),19.260577,72.966282,Heavy Commercial / Truck,Highway,Minor,0,0,0,Poor Road,High,High,36.5,Clear,High,0,4,0.95,1.0,UNIQUE,,1,56.6
ACC-IND-019254,OPEN_ACCIDENT_DATASET,19254,2024-02-28,11:00,2024,2,Wednesday,Mumbai,Bandra West,Western Express Highway (Bandra - Santacruz),19.069492,72.842707,Heavy Commercial / Truck,Highway,Grievous/Major,0,0,0,Weather,Low,Moderate,36.5,Clear,High,0,2,0.95,1.0,UNIQUE,,0,56.5
ACC-IND-019266,OPEN_ACCIDENT_DATASET,19266,2022-03-06,16:00,2022,3,Friday,Mumbai,Western Suburbs,Western Express Highway (Kandivali - Goregaon),19.292945,72.799675,Heavy Commercial / Truck,Rural,Fatal,4,1,5,Weather,High,High,36.5,Rain,Medium,1,5,0.95,1.0,UNIQUE,,-1,86.6
ACC-IND-019269,OPEN_ACCIDENT_DATASET,19269,2024-12-11,10:00,2024,12,Tuesday,Mumbai,Sion-Chembur,Eastern Express Highway (Sion - Chembur),19.049109,72.887923,Car / SUV,Highway,Minor,2,0,2,Poor Road,High,High,36.5,Rain,Medium,0,4,0.95,1.0,UNIQUE,,5,56.6
ACC-IND-019273,OPEN_ACCIDENT_DATASET,19273,2024-04-22,22:00,2024,4,Monday,Mumbai,Kurla / Ghatkopar,LBS Marg (Kurla - Ghatkopar),19.084311,72.890581,Heavy Commercial / Truck,Highway,Minor,0,0,0,Distraction,Low,Moderate,36.5,Rain,Low,1,1,0.95,1.0,UNIQUE,,7,40.0
ACC-IND-019286,OPEN_ACCIDENT_DATASET,19286,2022-12-05,19:00,2022,12,Thursday,Mumbai,Lower Parel,Lower Parel Commercial Hub / Senapati Bapat Marg,18.972125,72.852216,Heavy Commercial / Truck,Highway,Fatal,4,1,5,Weather,High,High,36.5,Clear,High,1,5,0.95,1.0,UNIQUE,,-1,86.6
ACC-IND-019298,OPEN_ACCIDENT_DATASET,19298,2023-01-17,1:00,2023,1,Tuesday,Mumbai,Kurla East,Santa Cruz-Chembur Link Road (SCLR),19.074091,72.879944,Heavy Commercial / Truck,Urban,Minor,0,0,0,Poor Road,Low,Moderate,36.5,Rain,Low,1,1,0.95,1.0,UNIQUE,,7,35.5
ACC-IND-019301,OPEN_ACCIDENT_DATASET,19301,2022-12-19,9:00,2022,12,Monday,Mumbai,South Mumbai,Marine Drive Promenade / Netaji Subhash Road,18.944038,72.815614,Heavy Commercial / Truck,Highway,Minor,0,0,0,Weather,High,High,36.5,Fog,Low,1,2,0.95,1.0,UNIQUE,,6,50.6
ACC-IND-019317,OPEN_ACCIDENT_DATASET,19317,2023-02-10,2:00,2023,2,Monday,Mumbai,Dadar Central,Dadar TT Circle / Dr. Ambedkar Road,19.030598,72.830936,Car / SUV,Rural,Grievous/Major,2,0,2,Drunk Driving,Low,Moderate,36.5,Fog,Low,1,2,0.95,1.0,UNIQUE,,-1,52.0
ACC-IND-019320,OPEN_ACCIDENT_DATASET,19320,2024-08-18,13:00,2024,8,Sunday,Mumbai,Eastern Suburbs,Eastern Express Highway (Vikhroli - Ghatkopar),19.098765,72.909998,Two-Wheeler / Bike,Rural,Grievous/Major,1,0,1,Drunk Driving,Low,Moderate,36.5,Rain,Low,1,2,0.95,1.0,UNIQUE,,2,52.0
ACC-IND-019333,OPEN_ACCIDENT_DATASET,19333,2025-09-03,19:00,2025,9,Sunday,Mumbai,Eastern Suburbs,Eastern Express Highway (Vikhroli - Ghatkopar),19.0982,72.918819,Car / SUV,Highway,Fatal,1,1,2,Drunk Driving,Medium,Moderate,36.5,Fog,Low,1,2,0.95,1.0,UNIQUE,,2,76.0
ACC-IND-019337,OPEN_ACCIDENT_DATASET,19337,2023-03-30,19:00,2023,3,Thursday,Mumbai,Kurla East,Santa Cruz-Chembur Link Road (SCLR),19.069182,72.877824,Heavy Commercial / Truck,Highway,Minor,0,0,0,Overspeeding,Medium,Moderate,36.5,Fog,Low,1,1,0.95,1.0,UNIQUE,,7,40.0
ACC-IND-019350,OPEN_ACCIDENT_DATASET,19350,2024-10-30,1:00,2024,10,Wednesday,Mumbai,South Mumbai,Marine Drive Promenade / Netaji Subhash Road,18.853906,72.990744,Two-Wheeler / Bike,Highway,Minor,1,0,1,Drunk Driving,Low,Moderate,36.5,Fog,Low,1,3,0.95,1.0,UNIQUE,,-1,52.0
ACC-IND-019351,OPEN_ACCIDENT_DATASET,19351,2025-02-18,0:00,2025,2,Tuesday,Mumbai,Kurla / Ghatkopar,LBS Marg (Kurla - Ghatkopar),19.08492,72.888284,Car / SUV,Rural,Minor,2,0,2,Distraction,Medium,Moderate,36.5,Rain,Low,1,2,0.95,1.0,UNIQUE,,7,41.5
ACC-IND-019357,OPEN_ACCIDENT_DATASET,19357,2024-08-14,3:00,2024,8,Wednesday,Mumbai,Thane West,Ghodbunder Road (Thane West),19.296533,72.934834,Heavy Commercial / Truck,Urban,Grievous/Major,0,0,0,Drunk Driving,Low,Moderate,36.5,Clear,High,1,2,0.95,1.0,UNIQUE,,-1,52.0
ACC-IND-019358,OPEN_ACCIDENT_DATASET,19358,2025-03-19,20:00,2025,3,Wednesday,Mumbai,South Mumbai,Marine Drive Promenade / Netaji Subhash Road,18.944957,72.882433,Heavy Commercial / Truck,Rural,Grievous/Major,0,0,0,Drunk Driving,Medium,Moderate,36.5,Clear,High,1,1,0.95,1.0,UNIQUE,,-1,46.0
ACC-IND-019362,OPEN_ACCIDENT_DATASET,19362,2022-11-21,3:00,2022,11,Monday,Mumbai,South Mumbai,Marine Drive Promenade / Netaji Subhash Road,18.951131,72.897644,Heavy Commercial / Truck,Urban,Minor,0,0,0,Weather,Low,Moderate,36.5,Clear,High,1,2,0.95,1.0,UNIQUE,,-1,41.5
ACC-IND-019376,OPEN_ACCIDENT_DATASET,19376,2023-03-18,3:00,2023,3,Saturday,Mumbai,Eastern Suburbs,Eastern Express Highway (Vikhroli - Ghatkopar),19.093477,72.927437,Two-Wheeler / Bike,Highway,Minor,1,0,1,Overspeeding,Low,Moderate,36.5,Clear,High,1,4,0.95,1.0,UNIQUE,,2,52.0
ACC-IND-019377,OPEN_ACCIDENT_DATASET,19377,2024-04-30,18:00,2024,4,Tuesday,Mumbai,Kurla East,Santa Cruz-Chembur Link Road (SCLR),19.059346,72.87247,Two-Wheeler / Bike,Rural,Grievous/Major,1,0,1,Weather,High,High,36.5,Rain,Medium,1,3,0.95,1.0,UNIQUE,,7,62.6
ACC-IND-019386,OPEN_ACCIDENT_DATASET,19386,2023-08-07,7:00,2023,8,Saturday,Mumbai,Western Suburbs,Western Express Highway (Kandivali - Goregaon),19.185393,72.838426,Heavy Commercial / Truck,Urban,Fatal,4,1,5,Weather,High,High,36.5,Rain,Low,0,5,0.95,1.0,UNIQUE,,11,86.6
ACC-IND-019395,OPEN_ACCIDENT_DATASET,19395,2023-11-19,13:00,2023,11,Sunday,Mumbai,Navi Mumbai Gateway,Sion Panvel Highway (Mankhurd - Vashi),18.966312,72.992335,Heavy Commercial / Truck,Urban,Grievous/Major,0,0,0,Weather,Low,Moderate,36.5,Clear,High,1,1,0.95,1.0,UNIQUE,,-1,46.0
ACC-IND-019398,OPEN_ACCIDENT_DATASET,19398,2023-02-02,10:00,2023,2,Thursday,Mumbai,Lower Parel,Lower Parel Commercial Hub / Senapati Bapat Marg,18.968541,72.837545,Heavy Commercial / Truck,Urban,Minor,0,0,0,Weather,Medium,Moderate,36.5,Fog,Low,0,2,0.95,1.0,UNIQUE,,-1,41.5
ACC-IND-019402,OPEN_ACCIDENT_DATASET,19402,2025-03-31,10:00,2025,3,Monday,Mumbai,South Mumbai,Marine Drive Promenade / Netaji Subhash Road,18.896705,72.85385,Heavy Commercial / Truck,Rural,Grievous/Major,2,1,3,Poor Road,High,High,36.5,Rain,Low,1,4,0.95,1.0,UNIQUE,,-1,79.1
ACC-IND-019407,OPEN_ACCIDENT_DATASET,19407,2023-06-15,19:00,2023,6,Thursday,Mumbai,Western Suburbs,Western Express Highway (Kandivali - Goregaon),19.258339,72.788183,Car / SUV,Highway,Minor,2,0,2,Weather,High,High,36.5,Clear,High,0,2,0.95,1.0,UNIQUE,,-1,50.6
ACC-IND-019409,OPEN_ACCIDENT_DATASET,19409,2022-04-07,20:00,2022,4,Monday,Mumbai,Andheri West,Swami Vivekanand (SV) Road (Andheri West),19.12704,72.859174,Heavy Commercial / Truck,Rural,Fatal,4,1,5,Drunk Driving,Low,Moderate,36.5,Clear,High,0,5,0.95,1.0,UNIQUE,,16,82.0
ACC-IND-019437,OPEN_ACCIDENT_DATASET,19437,2024-05-22,6:00,2024,5,Wednesday,Mumbai,Eastern Suburbs,Eastern Express Highway (Vikhroli - Ghatkopar),19.097295,72.909381,Heavy Commercial / Truck,Urban,Minor,0,0,0,Distraction,Medium,Moderate,36.5,Clear,High,0,2,0.95,1.0,UNIQUE,,2,41.5
ACC-IND-019445,OPEN_ACCIDENT_DATASET,19445,2024-12-02,21:00,2024,12,Monday,Mumbai,Western Suburbs,Western Express Highway (Kandivali - Goregaon),19.171242,72.849377,Two-Wheeler / Bike,Rural,Grievous/Major,1,0,1,Drunk Driving,Low,Moderate,36.5,Fog,Low,1,5,0.95,1.0,UNIQUE,,11,62.5
ACC-IND-019453,OPEN_ACCIDENT_DATASET,19453,2022-04-27,7:00,2022,4,Wednesday,Mumbai,Powai / Andheri East,Jogeshwari-Vikhroli Link Road (JVLR),19.127553,72.884655,Heavy Commercial / Truck,Urban,Grievous/Major,0,0,0,Overspeeding,Medium,Moderate,36.5,Rain,Low,1,2,0.95,1.0,UNIQUE,,8,52.0
ACC-IND-019454,OPEN_ACCIDENT_DATASET,19454,2023-09-02,6:00,2023,9,Thursday,Mumbai,Kurla East,Santa Cruz-Chembur Link Road (SCLR),19.068292,72.882853,Two-Wheeler / Bike,Rural,Grievous/Major,1,0,1,Weather,Medium,Moderate,36.5,Clear,High,0,3,0.95,1.0,UNIQUE,,7,58.0
ACC-IND-019488,OPEN_ACCIDENT_DATASET,19488,2023-09-03,2:00,2023,9,Thursday,Mumbai,South Mumbai,Marine Drive Promenade / Netaji Subhash Road,18.943435,72.841934,Heavy Commercial / Truck,Urban,Grievous/Major,0,0,0,Poor Road,Low,Moderate,36.5,Rain,Low,0,3,0.95,1.0,UNIQUE,,-1,58.0
ACC-IND-019505,OPEN_ACCIDENT_DATASET,19505,2023-01-27,7:00,2023,1,Friday,Mumbai,Andheri West,Swami Vivekanand (SV) Road (Andheri West),19.090816,72.807535,Heavy Commercial / Truck,Urban,Minor,0,0,0,Distraction,Low,Moderate,36.5,Fog,Low,0,5,0.95,1.0,UNIQUE,,-1,52.0
ACC-IND-019517,OPEN_ACCIDENT_DATASET,19517,2023-04-17,14:00,2023,4,Monday,Mumbai,Navi Mumbai Gateway,Sion Panvel Highway (Mankhurd - Vashi),19.053095,72.933761,Heavy Commercial / Truck,Highway,Minor,0,0,0,Drunk Driving,Low,Moderate,36.5,Fog,Low,0,2,0.95,1.0,UNIQUE,,4,46.0
ACC-IND-019527,OPEN_ACCIDENT_DATASET,19527,2024-11-13,16:00,2024,11,Wednesday,Mumbai,South Mumbai,Marine Drive Promenade / Netaji Subhash Road,18.866934,72.848235,Heavy Commercial / Truck,Rural,Grievous/Major,4,0,4,Distraction,Low,Moderate,36.5,Clear,High,1,5,0.95,1.0,UNIQUE,,-1,62.5
ACC-IND-019528,OPEN_ACCIDENT_DATASET,19528,2023-11-20,4:00,2023,11,Monday,Mumbai,Western Suburbs,Western Express Highway (Kandivali - Goregaon),19.18094,72.868377,Heavy Commercial / Truck,Rural,Minor,0,0,0,Distraction,Low,Moderate,36.5,Clear,High,0,2,0.95,1.0,UNIQUE,,-1,41.5
ACC-IND-019539,OPEN_ACCIDENT_DATASET,19539,2024-11-28,15:00,2024,11,Thursday,Mumbai,Bandra West,Western Express Highway (Bandra - Santacruz),19.066627,72.809637,Two-Wheeler / Bike,Urban,Fatal,0,1,1,Distraction,High,High,36.5,Rain,Low,0,1,0.95,1.0,UNIQUE,,-1,70.1
ACC-IND-019547,OPEN_ACCIDENT_DATASET,19547,2022-03-11,21:00,2022,3,Thursday,Mumbai,South Mumbai,Marine Drive Promenade / Netaji Subhash Road,18.864019,72.920943,Heavy Commercial / Truck,Rural,Minor,0,0,0,Poor Road,Low,Moderate,36.5,Fog,Low,0,5,0.95,1.0,UNIQUE,,-1,52.0
ACC-IND-019568,OPEN_ACCIDENT_DATASET,19568,2023-07-02,13:00,2023,7,Tuesday,Mumbai,Lower Parel,Lower Parel Commercial Hub / Senapati Bapat Marg,19.026593,72.792578,Heavy Commercial / Truck,Rural,Grievous/Major,3,1,4,Overspeeding,High,High,36.5,Fog,Low,0,4,0.95,1.0,UNIQUE,,-1,79.1
ACC-IND-019583,OPEN_ACCIDENT_DATASET,19583,2024-04-26,12:00,2024,4,Friday,Mumbai,Powai / Andheri East,Jogeshwari-Vikhroli Link Road (JVLR),19.126721,72.885049,Car / SUV,Urban,Fatal,1,1,2,Drunk Driving,Medium,Moderate,36.5,Fog,Low,0,2,0.95,1.0,UNIQUE,,8,71.5
ACC-IND-019592,OPEN_ACCIDENT_DATASET,19592,2024-01-29,5:00,2024,1,Monday,Mumbai,Bandra West,Western Express Highway (Bandra - Santacruz),19.066145,72.839746,Heavy Commercial / Truck,Rural,Minor,0,0,0,Drunk Driving,Medium,Moderate,36.5,Fog,Low,1,2,0.95,1.0,UNIQUE,,0,41.5
ACC-IND-019599,OPEN_ACCIDENT_DATASET,19599,2023-03-29,22:00,2023,3,Wednesday,Mumbai,Andheri West,Swami Vivekanand (SV) Road (Andheri West),19.116546,72.837269,Two-Wheeler / Bike,Urban,Minor,1,0,1,Overspeeding,Medium,Moderate,36.5,Fog,Low,0,5,0.95,1.0,UNIQUE,,10,52.0
ACC-IND-019610,OPEN_ACCIDENT_DATASET,19610,2022-02-19,8:00,2022,2,Saturday,Mumbai,Thane West,Ghodbunder Road (Thane West),19.240374,72.906546,Heavy Commercial / Truck,Urban,Fatal,4,1,5,Drunk Driving,High,High,36.5,Clear,High,0,5,0.95,1.0,UNIQUE,,-1,86.6
ACC-IND-019617,OPEN_ACCIDENT_DATASET,19617,2022-05-27,9:00,2022,5,Friday,Mumbai,Navi Mumbai Gateway,Sion Panvel Highway (Mankhurd - Vashi),18.97264,72.964479,Car / SUV,Highway,Fatal,1,1,2,Weather,Medium,Moderate,36.5,Clear,High,0,2,0.95,1.0,UNIQUE,,-1,76.0
ACC-IND-019624,OPEN_ACCIDENT_DATASET,19624,2024-01-07,6:00,2024,1,Monday,Mumbai,Kurla / Ghatkopar,LBS Marg (Kurla - Ghatkopar),19.078011,72.889843,Two-Wheeler / Bike,Highway,Grievous/Major,1,0,1,Drunk Driving,Medium,Moderate,36.5,Fog,Low,0,1,0.95,1.0,UNIQUE,,7,50.5
ACC-IND-019625,OPEN_ACCIDENT_DATASET,19625,2024-06-10,23:00,2024,6,Sunday,Mumbai,Western Suburbs,Western Express Highway (Kandivali - Goregaon),19.20955,72.866198,Two-Wheeler / Bike,Urban,Grievous/Major,1,0,1,Overspeeding,Low,Moderate,36.5,Rain,Medium,1,2,0.95,1.0,UNIQUE,,-1,52.0
ACC-IND-019630,OPEN_ACCIDENT_DATASET,19630,2023-06-13,6:00,2023,6,Tuesday,Mumbai,Western Suburbs,Western Express Highway (Kandivali - Goregaon),19.279712,72.8372,Car / SUV,Highway,Minor,2,0,2,Distraction,High,High,36.5,Clear,High,0,3,0.95,1.0,UNIQUE,,-1,56.6
ACC-IND-019633,OPEN_ACCIDENT_DATASET,19633,2023-02-28,15:00,2023,2,Tuesday,Mumbai,Lower Parel,Lower Parel Commercial Hub / Senapati Bapat Marg,19.014402,72.821999,Heavy Commercial / Truck,Rural,Fatal,4,1,5,Distraction,Medium,Moderate,36.5,Fog,Low,0,5,0.95,1.0,UNIQUE,,-1,82.0
ACC-IND-019637,OPEN_ACCIDENT_DATASET,19637,2022-12-25,20:00,2022,12,Sunday,Mumbai,Western Suburbs,Western Express Highway (Kandivali - Goregaon),19.239267,72.817797,Heavy Commercial / Truck,Rural,Grievous/Major,0,0,0,Weather,Medium,Moderate,36.5,Clear,High,0,2,0.95,1.0,UNIQUE,,-1,52.0
ACC-IND-019662,OPEN_ACCIDENT_DATASET,19662,2025-02-28,14:00,2025,2,Friday,Mumbai,Powai / Andheri East,Jogeshwari-Vikhroli Link Road (JVLR),19.131513,72.910279,Heavy Commercial / Truck,Urban,Grievous/Major,0,0,0,Weather,Medium,Moderate,36.5,Clear,High,0,3,0.95,1.0,UNIQUE,,-1,58.0
ACC-IND-019668,OPEN_ACCIDENT_DATASET,19668,2022-10-12,12:00,2022,10,Saturday,Mumbai,Western Suburbs,Western Express Highway (Kandivali - Goregaon),19.181274,72.796893,Two-Wheeler / Bike,Urban,Minor,1,0,1,Poor Road,Medium,Moderate,36.5,Clear,High,0,4,0.95,1.0,UNIQUE,,-1,52.0
ACC-IND-019676,OPEN_ACCIDENT_DATASET,19676,2024-06-18,7:00,2024,6,Tuesday,Mumbai,Navi Mumbai Gateway,Sion Panvel Highway (Mankhurd - Vashi),18.971263,72.992735,Car / SUV,Urban,Minor,2,0,2,Poor Road,High,High,36.5,Rain,Medium,1,4,0.95,1.0,UNIQUE,,-1,56.6
ACC-IND-019684,OPEN_ACCIDENT_DATASET,19684,2022-07-03,23:00,2022,7,Monday,Mumbai,Eastern Suburbs,Eastern Express Highway (Vikhroli - Ghatkopar),19.096536,72.91254,Heavy Commercial / Truck,Highway,Minor,0,0,0,Overspeeding,Low,Moderate,36.5,Rain,Medium,1,2,0.95,1.0,UNIQUE,,2,46.0
ACC-IND-019687,OPEN_ACCIDENT_DATASET,19687,2023-10-29,11:00,2023,10,Sunday,Mumbai,Eastern Suburbs,Eastern Express Highway (Vikhroli - Ghatkopar),19.098571,72.922191,Heavy Commercial / Truck,Urban,Minor,0,0,0,Overspeeding,Medium,Moderate,36.5,Fog,Low,0,4,0.95,1.0,UNIQUE,,2,52.0
ACC-IND-019696,OPEN_ACCIDENT_DATASET,19696,2025-06-03,18:00,2025,6,Thursday,Mumbai,Andheri West,Swami Vivekanand (SV) Road (Andheri West),19.140865,72.796042,Two-Wheeler / Bike,Highway,Grievous/Major,1,0,1,Distraction,Medium,Moderate,36.5,Rain,Low,1,4,0.95,1.0,UNIQUE,,-1,62.5
ACC-IND-019708,OPEN_ACCIDENT_DATASET,19708,2023-03-31,1:00,2023,3,Friday,Mumbai,Thane West,Ghodbunder Road (Thane West),19.171429,72.997942,Heavy Commercial / Truck,Urban,Minor,4,0,4,Overspeeding,Medium,Moderate,36.5,Clear,High,1,5,0.95,1.0,UNIQUE,,-1,52.0
ACC-IND-019709,OPEN_ACCIDENT_DATASET,19709,2023-08-30,18:00,2023,8,Wednesday,Mumbai,Thane West,Ghodbunder Road (Thane West),19.294033,72.88774,Two-Wheeler / Bike,Rural,Minor,1,0,1,Drunk Driving,High,High,36.5,Rain,Low,1,3,0.95,1.0,UNIQUE,,-1,52.1
ACC-IND-019712,OPEN_ACCIDENT_DATASET,19712,2023-02-28,14:00,2023,2,Tuesday,Mumbai,Navi Mumbai Gateway,Sion Panvel Highway (Mankhurd - Vashi),19.054416,72.93647,Two-Wheeler / Bike,Rural,Grievous/Major,1,0,1,Weather,Medium,Moderate,36.5,Rain,Low,0,1,0.95,1.0,UNIQUE,,4,46.0
ACC-IND-019721,OPEN_ACCIDENT_DATASET,19721,2025-01-03,12:00,2025,1,Saturday,Mumbai,Western Suburbs,Western Express Highway (Kandivali - Goregaon),19.164116,72.851832,Two-Wheeler / Bike,Highway,Grievous/Major,1,0,1,Weather,Medium,Moderate,36.5,Clear,High,1,4,0.95,1.0,UNIQUE,,11,62.5
ACC-IND-019725,OPEN_ACCIDENT_DATASET,19725,2024-11-26,5:00,2024,11,Tuesday,Mumbai,Navi Mumbai Gateway,Sion Panvel Highway (Mankhurd - Vashi),19.055317,72.931017,Two-Wheeler / Bike,Urban,Fatal,0,1,1,Overspeeding,Low,Moderate,36.5,Clear,High,0,1,0.95,1.0,UNIQUE,,4,65.5
ACC-IND-019729,OPEN_ACCIDENT_DATASET,19729,2023-11-13,1:00,2023,11,Monday,Mumbai,Western Suburbs,Western Express Highway (Kandivali - Goregaon),19.278444,72.830768,Two-Wheeler / Bike,Highway,Grievous/Major,1,0,1,Distraction,Medium,Moderate,36.5,Fog,Low,0,4,0.95,1.0,UNIQUE,,-1,62.5
ACC-IND-019733,OPEN_ACCIDENT_DATASET,19733,2023-05-01,10:00,2023,5,Thursday,Mumbai,Eastern Suburbs,Eastern Express Highway (Vikhroli - Ghatkopar),19.103427,72.903334,Heavy Commercial / Truck,Rural,Fatal,3,1,4,Overspeeding,High,High,36.5,Rain,Low,0,4,0.95,1.0,UNIQUE,,2,86.6
ACC-IND-019736,OPEN_ACCIDENT_DATASET,19736,2022-03-31,7:00,2022,3,Thursday,Mumbai,Eastern Suburbs,Eastern Express Highway (Vikhroli - Ghatkopar),19.094158,72.915262,Heavy Commercial / Truck,Rural,Fatal,4,1,5,Overspeeding,Low,Moderate,36.5,Clear,High,0,5,0.95,1.0,UNIQUE,,2,82.0
ACC-IND-019742,OPEN_ACCIDENT_DATASET,19742,2025-02-19,11:00,2025,2,Wednesday,Mumbai,Andheri West,Swami Vivekanand (SV) Road (Andheri West),19.123696,72.836611,Car / SUV,Urban,Grievous/Major,2,0,2,Poor Road,High,High,36.5,Fog,Low,1,2,0.95,1.0,UNIQUE,,10,56.6
ACC-IND-019748,OPEN_ACCIDENT_DATASET,19748,2022-08-03,3:00,2022,8,Tuesday,Mumbai,Western Suburbs,Western Express Highway (Kandivali - Goregaon),19.18182,72.794044,Car / SUV,Urban,Fatal,1,1,2,Overspeeding,High,High,36.5,Rain,Medium,0,2,0.95,1.0,UNIQUE,,-1,76.1
ACC-IND-019749,OPEN_ACCIDENT_DATASET,19749,2023-02-04,12:00,2023,2,Sunday,Mumbai,Navi Mumbai Gateway,Sion Panvel Highway (Mankhurd - Vashi),19.066536,72.949573,Heavy Commercial / Truck,Highway,Grievous/Major,3,0,3,Overspeeding,High,High,36.5,Fog,Low,1,3,0.95,1.0,UNIQUE,,-1,67.1
ACC-IND-019757,OPEN_ACCIDENT_DATASET,19757,2023-01-24,1:00,2023,1,Tuesday,Mumbai,Dadar Central,Dadar TT Circle / Dr. Ambedkar Road,19.020524,72.841234,Heavy Commercial / Truck,Highway,Minor,0,0,0,Weather,High,High,36.5,Clear,High,0,3,0.95,1.0,UNIQUE,,3,56.6
ACC-IND-019760,OPEN_ACCIDENT_DATASET,19760,2024-05-20,14:00,2024,5,Monday,Mumbai,Western Suburbs,Western Express Highway (Kandivali - Goregaon),19.143706,72.850904,Heavy Commercial / Truck,Rural,Minor,3,0,3,Distraction,Medium,Moderate,36.5,Fog,Low,0,5,0.95,1.0,UNIQUE,,17,52.0
ACC-IND-019770,OPEN_ACCIDENT_DATASET,19770,2022-11-04,16:00,2022,11,Monday,Mumbai,Dadar Central,Dadar TT Circle / Dr. Ambedkar Road,19.019753,72.843899,Car / SUV,Rural,Fatal,1,1,2,Weather,Medium,Moderate,36.5,Fog,Low,1,2,0.95,1.0,UNIQUE,,3,71.5
ACC-IND-019778,OPEN_ACCIDENT_DATASET,19778,2023-05-22,20:00,2023,5,Monday,Mumbai,Thane West,Ghodbunder Road (Thane West),19.296425,72.868698,Heavy Commercial / Truck,Highway,Minor,0,0,0,Distraction,High,High,36.5,Fog,Low,0,4,0.95,1.0,UNIQUE,,-1,56.6
ACC-IND-019794,OPEN_ACCIDENT_DATASET,19794,2022-04-17,1:00,2022,4,Sunday,Mumbai,Andheri West,Swami Vivekanand (SV) Road (Andheri West),19.116359,72.833368,Two-Wheeler / Bike,Rural,Grievous/Major,1,0,1,Overspeeding,Low,Moderate,36.5,Fog,Low,0,4,0.95,1.0,UNIQUE,,10,62.5
ACC-IND-019811,OPEN_ACCIDENT_DATASET,19811,2023-07-07,19:00,2023,7,Friday,Mumbai,Thane West,Ghodbunder Road (Thane West),19.259249,72.967389,Car / SUV,Highway,Grievous/Major,2,0,2,Weather,High,High,36.5,Clear,High,0,4,0.95,1.0,UNIQUE,,1,67.1
ACC-IND-019812,OPEN_ACCIDENT_DATASET,19812,2024-09-30,23:00,2024,9,Monday,Mumbai,Western Suburbs,Western Express Highway (Kandivali - Goregaon),19.166757,72.854404,Two-Wheeler / Bike,Urban,Minor,1,0,1,Distraction,Low,Moderate,36.5,Clear,High,0,3,0.95,1.0,UNIQUE,,11,47.5
ACC-IND-019829,OPEN_ACCIDENT_DATASET,19829,2024-02-21,23:00,2024,2,Wednesday,Mumbai,Navi Mumbai Gateway,Sion Panvel Highway (Mankhurd - Vashi),19.056048,72.930079,Heavy Commercial / Truck,Highway,Minor,0,0,0,Distraction,High,High,36.5,Rain,Medium,0,1,0.95,1.0,UNIQUE,,4,44.6
ACC-IND-019830,OPEN_ACCIDENT_DATASET,19830,2024-02-28,5:00,2024,2,Wednesday,Mumbai,Powai / Andheri East,Jogeshwari-Vikhroli Link Road (JVLR),19.125414,72.887265,Two-Wheeler / Bike,Urban,Minor,1,0,1,Distraction,Medium,Moderate,36.5,Rain,Low,1,4,0.95,1.0,UNIQUE,,8,52.0
ACC-IND-019839,OPEN_ACCIDENT_DATASET,19839,2023-03-27,20:00,2023,3,Monday,Mumbai,Bandra West,Western Express Highway (Bandra - Santacruz),19.065991,72.84388,Car / SUV,Highway,Minor,2,0,2,Drunk Driving,High,High,36.5,Fog,Low,1,4,0.95,1.0,UNIQUE,,0,56.6
ACC-IND-019847,OPEN_ACCIDENT_DATASET,19847,2024-03-13,19:00,2024,3,Wednesday,Mumbai,South Mumbai,Marine Drive Promenade / Netaji Subhash Road,18.942339,72.82446,Car / SUV,Urban,Grievous/Major,2,0,2,Drunk Driving,Medium,Moderate,36.5,Fog,Low,0,3,0.95,1.0,UNIQUE,,6,58.0
ACC-IND-019855,OPEN_ACCIDENT_DATASET,19855,2024-05-14,10:00,2024,5,Tuesday,Mumbai,Navi Mumbai Gateway,Sion Panvel Highway (Mankhurd - Vashi),18.939377,72.983705,Heavy Commercial / Truck,Urban,Grievous/Major,0,0,0,Poor Road,Medium,Moderate,36.5,Clear,High,1,1,0.95,1.0,UNIQUE,,-1,46.0
ACC-IND-019864,OPEN_ACCIDENT_DATASET,19864,2023-03-24,8:00,2023,3,Friday,Mumbai,Dadar Central,Dadar TT Circle / Dr. Ambedkar Road,19.006443,72.843395,Heavy Commercial / Truck,Rural,Grievous/Major,3,1,4,Overspeeding,High,High,36.5,Clear,High,1,5,0.95,1.0,UNIQUE,,3,79.1
ACC-IND-019865,OPEN_ACCIDENT_DATASET,19865,2022-01-05,15:00,2022,1,Sunday,Mumbai,South Mumbai,Marine Drive Promenade / Netaji Subhash Road,18.869184,72.923827,Two-Wheeler / Bike,Urban,Minor,1,0,1,Weather,High,High,36.5,Rain,Low,0,2,0.95,1.0,UNIQUE,,-1,46.1
ACC-IND-019867,OPEN_ACCIDENT_DATASET,19867,2023-10-16,5:00,2023,10,Monday,Mumbai,Sion-Chembur,Eastern Express Highway (Sion - Chembur),19.049442,72.890438,Car / SUV,Urban,Fatal,1,1,2,Weather,Low,Moderate,36.5,Fog,Low,1,2,0.95,1.0,UNIQUE,,5,71.5
ACC-IND-019877,OPEN_ACCIDENT_DATASET,19877,2022-01-13,3:00,2022,1,Thursday,Mumbai,Navi Mumbai Gateway,Sion Panvel Highway (Mankhurd - Vashi),19.000171,72.926686,Heavy Commercial / Truck,Urban,Minor,3,0,3,Weather,Low,Moderate,36.5,Clear,High,0,3,0.95,1.0,UNIQUE,,-1,47.5
ACC-IND-019885,OPEN_ACCIDENT_DATASET,19885,2024-12-30,3:00,2024,12,Monday,Mumbai,Eastern Suburbs,Eastern Express Highway (Vikhroli - Ghatkopar),19.155145,72.985,Heavy Commercial / Truck,Rural,Minor,2,1,3,Drunk Driving,Low,Moderate,36.5,Fog,Low,0,3,0.95,1.0,UNIQUE,,-1,59.5
ACC-IND-019903,OPEN_ACCIDENT_DATASET,19903,2023-05-21,21:00,2023,5,Sunday,Mumbai,Thane West,Ghodbunder Road (Thane West),19.267441,72.913419,Heavy Commercial / Truck,Urban,Grievous/Major,0,0,0,Poor Road,Medium,Moderate,36.5,Rain,Medium,1,2,0.95,1.0,UNIQUE,,-1,52.0
ACC-IND-019914,OPEN_ACCIDENT_DATASET,19914,2022-08-05,9:00,2022,8,Sunday,Mumbai,Lower Parel,Lower Parel Commercial Hub / Senapati Bapat Marg,18.993418,72.833578,Car / SUV,Rural,Minor,2,0,2,Overspeeding,High,High,36.5,Rain,Medium,0,3,0.95,1.0,UNIQUE,,3,52.1
ACC-IND-019919,OPEN_ACCIDENT_DATASET,19919,2024-04-22,19:00,2024,4,Monday,Mumbai,Thane West,Ghodbunder Road (Thane West),19.276444,72.977625,Two-Wheeler / Bike,Rural,Fatal,0,1,1,Drunk Driving,Medium,Moderate,36.5,Rain,Low,0,1,0.95,1.0,UNIQUE,,-1,65.5
ACC-IND-019921,OPEN_ACCIDENT_DATASET,19921,2023-03-06,7:00,2023,3,Saturday,Mumbai,Powai / Andheri East,Jogeshwari-Vikhroli Link Road (JVLR),19.125518,72.889693,Car / SUV,Rural,Grievous/Major,2,0,2,Weather,High,High,36.5,Clear,High,0,2,0.95,1.0,UNIQUE,,8,56.6
ACC-IND-019922,OPEN_ACCIDENT_DATASET,19922,2023-03-31,2:00,2023,3,Friday,Mumbai,Navi Mumbai Gateway,Sion Panvel Highway (Mankhurd - Vashi),18.934635,72.953368,Heavy Commercial / Truck,Highway,Minor,3,0,3,Poor Road,High,High,36.5,Clear,High,0,3,0.95,1.0,UNIQUE,,-1,56.6
ACC-IND-019931,OPEN_ACCIDENT_DATASET,19931,2025-06-03,13:00,2025,6,Thursday,Mumbai,Eastern Suburbs,Eastern Express Highway (Vikhroli - Ghatkopar),19.092595,72.914788,Heavy Commercial / Truck,Highway,Minor,3,0,3,Weather,Medium,Moderate,36.5,Clear,High,1,5,0.95,1.0,UNIQUE,,2,52.0
ACC-IND-019934,OPEN_ACCIDENT_DATASET,19934,2022-08-19,5:00,2022,8,Friday,Mumbai,Sion-Chembur,Eastern Express Highway (Sion - Chembur),19.006861,72.893428,Heavy Commercial / Truck,Urban,Minor,3,1,4,Distraction,Low,Moderate,36.5,Rain,Low,0,4,0.95,1.0,UNIQUE,,-1,64.0
ACC-IND-019939,OPEN_ACCIDENT_DATASET,19939,2025-02-14,3:00,2025,2,Friday,Mumbai,Navi Mumbai Gateway,Sion Panvel Highway (Mankhurd - Vashi),18.88596,72.995757,Two-Wheeler / Bike,Rural,Minor,1,0,1,Distraction,Low,Moderate,36.5,Clear,High,0,3,0.95,1.0,UNIQUE,,-1,47.5
ACC-IND-019953,OPEN_ACCIDENT_DATASET,19953,2023-01-01,5:00,2023,1,Sunday,Mumbai,Lower Parel,Lower Parel Commercial Hub / Senapati Bapat Marg,18.996713,72.828999,Car / SUV,Urban,Grievous/Major,2,0,2,Poor Road,Low,Moderate,36.5,Rain,Medium,1,2,0.95,1.0,UNIQUE,,3,52.0
ACC-IND-019984,OPEN_ACCIDENT_DATASET,19984,2023-07-05,23:00,2023,7,Sunday,Mumbai,Sion-Chembur,Eastern Express Highway (Sion - Chembur),19.044823,72.888254,Heavy Commercial / Truck,Rural,Grievous/Major,0,0,0,Weather,Medium,Moderate,36.5,Fog,Low,0,2,0.95,1.0,UNIQUE,,5,52.0
ACC-IND-019993,OPEN_ACCIDENT_DATASET,19993,2024-05-05,20:00,2024,5,Sunday,Mumbai,Thane West,Ghodbunder Road (Thane West),19.257585,72.961512,Two-Wheeler / Bike,Urban,Grievous/Major,1,0,1,Weather,High,High,36.5,Rain,Medium,1,1,0.95,1.0,UNIQUE,,1,50.6
ACC-TRF-000002,OPEN_MAHARASHTRA_TRAFFIC,TRF-2,2025-03-01,18:45:00,2025,3,Friday,Mumbai,Lower Parel,Lower Parel Junction,18.998611,72.831063,Car / SUV,Urban Arterial,Minor,3,0,3,Traffic Congestion & Lane Violation,High,High,39.0,Clear,Normal,1,2,0.9,1.0,UNIQUE,,3,47.1
ACC-TRF-000012,OPEN_MAHARASHTRA_TRAFFIC,TRF-12,2025-01-13,18:45:00,2025,1,Friday,Mumbai,Dadar,Dadar TT Circle,19.020234,72.845525,Heavy Commercial / Truck,Urban Arterial,Grievous/Major,3,0,3,Speed Variation,Low,Low,47.0,Clear,Normal,1,2,0.9,1.0,UNIQUE,,3,51.4
ACC-TRF-000017,OPEN_MAHARASHTRA_TRAFFIC,TRF-17,2025-01-18,18:45:00,2025,1,Friday,Mumbai,Bandra,Bandra Linking Road,19.04997,72.836543,Auto-Rickshaw,Urban Arterial,Grievous/Major,2,0,2,Speed Variation,Medium,Medium,48.0,Clear,Normal,1,2,0.9,1.0,UNIQUE,,0,51.6
ACC-TRF-000036,OPEN_MAHARASHTRA_TRAFFIC,TRF-36,2025-06-02,18:45:00,2025,6,Friday,Mumbai,Andheri,Andheri West Station Road,19.112353,72.842511,Car / SUV,Urban Arterial,Minor,6,0,6,Speed Variation,Low,Low,29.0,Clear,Normal,1,2,0.9,1.0,UNIQUE,,10,37.3
ACC-TRF-000041,OPEN_MAHARASHTRA_TRAFFIC,TRF-41,2025-11-02,18:45:00,2025,11,Friday,Mumbai,Malad,Malad SV Road Intersection,19.177363,72.85023,Two-Wheeler / Bike,Urban Arterial,Grievous/Major,7,0,7,Traffic Congestion & Lane Violation,High,High,48.0,Clear,Normal,1,2,0.9,1.0,UNIQUE,,11,61.2
ACC-TRF-000046,OPEN_MAHARASHTRA_TRAFFIC,TRF-46,2025-02-16,18:45:00,2025,2,Friday,Mumbai,Andheri,Andheri West Station Road,19.112443,72.841669,Car / SUV,Urban Arterial,Grievous/Major,8,0,8,Traffic Congestion & Lane Violation,High,High,60.0,Clear,Normal,1,2,0.9,1.0,UNIQUE,,10,61.2
ACC-TRF-000056,OPEN_MAHARASHTRA_TRAFFIC,TRF-56,2025-02-26,18:45:00,2025,2,Friday,Mumbai,Malad,Malad SV Road Intersection,19.18302,72.850965,Two-Wheeler / Bike,Urban Arterial,Minor,6,0,6,Speed Variation,Medium,Medium,25.0,Clear,Normal,1,2,0.9,1.0,UNIQUE,,11,36.5
ACC-TRF-000058,OPEN_MAHARASHTRA_TRAFFIC,TRF-58,2025-02-28,18:45:00,2025,2,Friday,Mumbai,Dadar,Dadar TT Circle,19.016858,72.841242,Bus,Urban Arterial,Minor,6,0,6,Speed Variation,Medium,Medium,25.0,Clear,Normal,1,2,0.9,1.0,UNIQUE,,3,36.5
ACC-TRF-000067,OPEN_MAHARASHTRA_TRAFFIC,TRF-67,2025-09-03,18:45:00,2025,9,Friday,Mumbai,Malad,Malad SV Road Intersection,19.188344,72.847006,Bus,Urban Arterial,Grievous/Major,7,0,7,Speed Variation,Medium,Medium,54.0,Clear,Normal,1,2,0.9,1.0,UNIQUE,,11,51.6
ACC-TRF-000078,OPEN_MAHARASHTRA_TRAFFIC,TRF-78,2025-03-20,18:45:00,2025,3,Friday,Mumbai,Andheri,Andheri West Station Road,19.11321,72.842516,Auto-Rickshaw,Urban Arterial,Grievous/Major,5,1,5,Speed Variation,Low,Low,60.0,Clear,Normal,1,2,0.9,1.0,UNIQUE,,10,63.6
ACC-TRF-000094,OPEN_MAHARASHTRA_TRAFFIC,TRF-94,2025-05-04,18:45:00,2025,5,Friday,Mumbai,Andheri,Andheri West Station Road,19.113173,72.840555,Heavy Commercial / Truck,Urban Arterial,Minor,1,0,1,Speed Variation,Medium,Medium,40.0,Clear,Normal,1,2,0.9,1.0,UNIQUE,,10,39.5
ACC-TRF-000111,OPEN_MAHARASHTRA_TRAFFIC,TRF-111,2025-04-22,18:45:00,2025,4,Friday,Mumbai,Malad,Malad SV Road Intersection,19.184458,72.850777,Car / SUV,Urban Arterial,Minor,7,0,7,Traffic Congestion & Lane Violation,High,High,39.0,Clear,Normal,1,2,0.9,1.0,UNIQUE,,11,47.1
ACC-TRF-000130,OPEN_MAHARASHTRA_TRAFFIC,TRF-130,2025-11-05,18:45:00,2025,11,Friday,Mumbai,Lower Parel,Lower Parel Junction,18.988533,72.823465,Heavy Commercial / Truck,Urban Arterial,Grievous/Major,3,1,3,Speed Variation,Low,Low,53.0,Clear,Normal,1,2,0.9,1.0,UNIQUE,,3,63.6
ACC-TRF-000135,OPEN_MAHARASHTRA_TRAFFIC,TRF-135,2025-05-16,18:45:00,2025,5,Friday,Mumbai,Andheri,Andheri West Station Road,19.11474,72.845805,Bus,Urban Arterial,Grievous/Major,3,0,3,Speed Variation,Medium,Medium,52.0,Clear,Normal,1,2,0.9,1.0,UNIQUE,,10,51.6
ACC-TRF-000136,OPEN_MAHARASHTRA_TRAFFIC,TRF-136,2025-05-17,18:45:00,2025,5,Friday,Mumbai,Dadar,Dadar TT Circle,19.016418,72.839514,Auto-Rickshaw,Urban Arterial,Grievous/Major,7,0,7,Speed Variation,Low,Low,44.0,Clear,Normal,1,2,0.9,1.0,UNIQUE,,3,50.8
ACC-TRF-000147,OPEN_MAHARASHTRA_TRAFFIC,TRF-147,2025-05-28,18:45:00,2025,5,Friday,Mumbai,Dadar,Dadar TT Circle,19.012846,72.841844,Auto-Rickshaw,Urban Arterial,Minor,8,0,8,Speed Variation,Medium,Medium,40.0,Clear,Normal,1,2,0.9,1.0,UNIQUE,,3,39.5
ACC-TRF-000155,OPEN_MAHARASHTRA_TRAFFIC,TRF-155,2025-05-06,18:45:00,2025,5,Friday,Mumbai,Bandra,Bandra Linking Road,19.061441,72.841632,Car / SUV,Urban Arterial,Minor,5,0,5,Speed Variation,Low,Low,30.0,Clear,Normal,1,2,0.9,1.0,UNIQUE,,0,37.5
ACC-TRF-000163,OPEN_MAHARASHTRA_TRAFFIC,TRF-163,2025-06-13,18:45:00,2025,6,Friday,Mumbai,Andheri,Andheri West Station Road,19.120175,72.847046,Heavy Commercial / Truck,Urban Arterial,Grievous/Major,7,0,7,Traffic Congestion & Lane Violation,High,High,51.0,Clear,Normal,1,2,0.9,1.0,UNIQUE,,10,61.2
ACC-TRF-000167,OPEN_MAHARASHTRA_TRAFFIC,TRF-167,2025-06-17,18:45:00,2025,6,Friday,Mumbai,Dadar,Dadar TT Circle,19.021634,72.845994,Auto-Rickshaw,Urban Arterial,Grievous/Major,7,1,7,Speed Variation,Medium,Medium,55.0,Clear,Normal,1,2,0.9,1.0,UNIQUE,,3,63.6
ACC-TRF-000175,OPEN_MAHARASHTRA_TRAFFIC,TRF-175,2025-06-25,18:45:00,2025,6,Friday,Mumbai,Malad,Malad SV Road Intersection,19.183899,72.847986,Two-Wheeler / Bike,Urban Arterial,Grievous/Major,4,0,4,Speed Variation,Low,Low,43.0,Clear,Normal,1,2,0.9,1.0,UNIQUE,,11,50.6
ACC-TRF-000181,OPEN_MAHARASHTRA_TRAFFIC,TRF-181,2025-01-07,18:45:00,2025,1,Friday,Mumbai,Andheri,Andheri West Station Road,19.113586,72.847222,Auto-Rickshaw,Urban Arterial,Grievous/Major,1,0,1,Traffic Congestion & Lane Violation,High,High,44.0,Clear,Normal,1,2,0.9,1.0,UNIQUE,,10,59.6
ACC-TRF-000182,OPEN_MAHARASHTRA_TRAFFIC,TRF-182,2025-02-07,18:45:00,2025,2,Friday,Mumbai,Andheri,Andheri West Station Road,19.112374,72.84418,Car / SUV,Urban Arterial,Grievous/Major,4,0,4,Traffic Congestion & Lane Violation,High,High,51.0,Clear,Normal,1,2,0.9,1.0,UNIQUE,,10,61.2
ACC-TRF-000187,OPEN_MAHARASHTRA_TRAFFIC,TRF-187,2025-07-07,18:45:00,2025,7,Friday,Mumbai,Bandra,Bandra Linking Road,19.058236,72.836167,Heavy Commercial / Truck,Urban Arterial,Minor,1,0,1,Traffic Congestion & Lane Violation,High,High,37.0,Clear,Normal,1,2,0.9,1.0,UNIQUE,,0,46.3
ACC-TRF-000194,OPEN_MAHARASHTRA_TRAFFIC,TRF-194,2025-07-14,18:45:00,2025,7,Friday,Mumbai,Andheri,Andheri West Station Road,19.114062,72.846828,Two-Wheeler / Bike,Urban Arterial,Minor,3,0,3,Traffic Congestion & Lane Violation,High,High,29.0,Clear,Normal,1,2,0.9,1.0,UNIQUE,,10,43.1
ACC-TRF-000197,OPEN_MAHARASHTRA_TRAFFIC,TRF-197,2025-07-17,18:45:00,2025,7,Friday,Mumbai,Lower Parel,Lower Parel Junction,18.996873,72.831804,Bus,Urban Arterial,Minor,4,0,4,Speed Variation,Medium,Medium,35.0,Clear,Normal,1,2,0.9,1.0,UNIQUE,,3,38.5
ACC-TRF-000210,OPEN_MAHARASHTRA_TRAFFIC,TRF-210,2025-07-30,18:45:00,2025,7,Friday,Mumbai,Malad,Malad SV Road Intersection,19.187916,72.849291,Two-Wheeler / Bike,Urban Arterial,Grievous/Major,4,0,4,Speed Variation,Low,Low,53.0,Clear,Normal,1,2,0.9,1.0,UNIQUE,,11,51.6
ACC-TRF-000212,OPEN_MAHARASHTRA_TRAFFIC,TRF-212,2025-01-08,18:45:00,2025,1,Friday,Mumbai,Malad,Malad SV Road Intersection,19.190156,72.848119,Bus,Urban Arterial,Grievous/Major,2,0,2,Speed Variation,Low,Low,59.0,Clear,Normal,1,2,0.9,1.0,UNIQUE,,11,51.6
ACC-TRF-000213,OPEN_MAHARASHTRA_TRAFFIC,TRF-213,2025-02-08,18:45:00,2025,2,Friday,Mumbai,Bandra,Bandra Linking Road,19.055584,72.837591,Car / SUV,Urban Arterial,Minor,1,0,1,Traffic Congestion & Lane Violation,High,High,32.0,Clear,Normal,1,2,0.9,1.0,UNIQUE,,0,44.3
ACC-TRF-000222,OPEN_MAHARASHTRA_TRAFFIC,TRF-222,2025-11-08,18:45:00,2025,11,Friday,Mumbai,Bandra,Bandra Linking Road,19.051853,72.837114,Bus,Urban Arterial,Minor,3,0,3,Speed Variation,Medium,Medium,27.0,Clear,Normal,1,2,0.9,1.0,UNIQUE,,0,36.9
ACC-TRF-000229,OPEN_MAHARASHTRA_TRAFFIC,TRF-229,2025-08-18,18:45:00,2025,8,Friday,Mumbai,Bandra,Bandra Linking Road,19.054839,72.833356,Heavy Commercial / Truck,Urban Arterial,Minor,8,0,8,Speed Variation,Low,Low,27.0,Clear,Normal,1,2,0.9,1.0,UNIQUE,,0,36.9
ACC-TRF-000235,OPEN_MAHARASHTRA_TRAFFIC,TRF-235,2025-08-24,18:45:00,2025,8,Friday,Mumbai,Andheri,Andheri West Station Road,19.117202,72.845461,Car / SUV,Urban Arterial,Minor,1,0,1,Speed Variation,Low,Low,24.0,Clear,Normal,1,2,0.9,1.0,UNIQUE,,10,36.3
ACC-TRF-000244,OPEN_MAHARASHTRA_TRAFFIC,TRF-244,2025-02-09,18:45:00,2025,2,Friday,Mumbai,Bandra,Bandra Linking Road,19.05373,72.835009,Bus,Urban Arterial,Grievous/Major,4,0,4,Speed Variation,Low,Low,49.0,Clear,Normal,1,2,0.9,1.0,UNIQUE,,0,51.6
ACC-TRF-000250,OPEN_MAHARASHTRA_TRAFFIC,TRF-250,2025-08-09,18:45:00,2025,8,Friday,Mumbai,Andheri,Andheri West Station Road,19.114331,72.847461,Bus,Urban Arterial,Minor,8,0,8,Speed Variation,Low,Low,27.0,Clear,Normal,1,2,0.9,1.0,UNIQUE,,10,36.9
ACC-TRF-000256,OPEN_MAHARASHTRA_TRAFFIC,TRF-256,2025-09-14,18:45:00,2025,9,Friday,Mumbai,Malad,Malad SV Road Intersection,19.180785,72.852233,Car / SUV,Urban Arterial,Minor,4,0,4,Speed Variation,Low,Low,31.0,Clear,Normal,1,2,0.9,1.0,UNIQUE,,11,37.7
ACC-TRF-000265,OPEN_MAHARASHTRA_TRAFFIC,TRF-265,2025-09-23,18:45:00,2025,9,Friday,Mumbai,Andheri,Andheri West Station Road,19.113478,72.843862,Auto-Rickshaw,Urban Arterial,Minor,6,0,6,Speed Variation,Medium,Medium,27.0,Clear,Normal,1,2,0.9,1.0,UNIQUE,,10,36.9
ACC-TRF-000269,OPEN_MAHARASHTRA_TRAFFIC,TRF-269,2025-09-27,18:45:00,2025,9,Friday,Mumbai,Bandra,Bandra Linking Road,19.053655,72.838221,Bus,Urban Arterial,Minor,4,0,4,Speed Variation,Low,Low,30.0,Clear,Normal,1,2,0.9,1.0,UNIQUE,,0,37.5
ACC-TRF-000274,OPEN_MAHARASHTRA_TRAFFIC,TRF-274,2025-02-10,18:45:00,2025,2,Friday,Mumbai,Bandra,Bandra Linking Road,19.055141,72.835791,Two-Wheeler / Bike,Urban Arterial,Grievous/Major,4,1,4,Traffic Congestion & Lane Violation,High,High,51.0,Clear,Normal,1,2,0.9,1.0,UNIQUE,,0,73.2
ACC-TRF-000277,OPEN_MAHARASHTRA_TRAFFIC,TRF-277,2025-05-10,18:45:00,2025,5,Friday,Mumbai,Malad,Malad SV Road Intersection,19.184169,72.844954,Auto-Rickshaw,Urban Arterial,Grievous/Major,3,0,3,Speed Variation,Low,Low,43.0,Clear,Normal,1,2,0.9,1.0,UNIQUE,,11,50.6
ACC-TRF-000278,OPEN_MAHARASHTRA_TRAFFIC,TRF-278,2025-06-10,18:45:00,2025,6,Friday,Mumbai,Lower Parel,Lower Parel Junction,18.99603,72.82792,Two-Wheeler / Bike,Urban Arterial,Grievous/Major,6,1,6,Speed Variation,Medium,Medium,58.0,Clear,Normal,1,2,0.9,1.0,UNIQUE,,3,63.6
ACC-TRF-000284,OPEN_MAHARASHTRA_TRAFFIC,TRF-284,2025-12-10,18:45:00,2025,12,Friday,Mumbai,Malad,Malad SV Road Intersection,19.180528,72.846269,Car / SUV,Urban Arterial,Grievous/Major,8,0,8,Traffic Congestion & Lane Violation,High,High,52.0,Clear,Normal,1,2,0.9,1.0,UNIQUE,,11,61.2
ACC-TRF-000286,OPEN_MAHARASHTRA_TRAFFIC,TRF-286,2025-10-14,18:45:00,2025,10,Friday,Mumbai,Andheri,Andheri West Station Road,19.116128,72.845249,Auto-Rickshaw,Urban Arterial,Minor,6,0,6,Speed Variation,Medium,Medium,24.0,Clear,Normal,1,2,0.9,1.0,UNIQUE,,10,36.3
ACC-TRF-000288,OPEN_MAHARASHTRA_TRAFFIC,TRF-288,2025-10-16,18:45:00,2025,10,Friday,Mumbai,Lower Parel,Lower Parel Junction,18.998216,72.822321,Car / SUV,Urban Arterial,Minor,4,0,4,Traffic Congestion & Lane Violation,High,High,24.0,Clear,Normal,1,2,0.9,1.0,UNIQUE,,3,41.1
ACC-TRF-000299,OPEN_MAHARASHTRA_TRAFFIC,TRF-299,2025-10-27,18:45:00,2025,10,Friday,Mumbai,Malad,Malad SV Road Intersection,19.183353,72.84382,Bus,Urban Arterial,Minor,7,0,7,Speed Variation,Medium,Medium,20.0,Clear,Normal,1,2,0.9,1.0,UNIQUE,,11,35.5
ACC-TRF-000303,OPEN_MAHARASHTRA_TRAFFIC,TRF-303,2025-10-31,18:45:00,2025,10,Friday,Mumbai,Dadar,Dadar TT Circle,19.018364,72.84239,Auto-Rickshaw,Urban Arterial,Minor,4,0,4,Speed Variation,Low,Low,38.0,Clear,Normal,1,2,0.9,1.0,UNIQUE,,3,39.1
ACC-TRF-000314,OPEN_MAHARASHTRA_TRAFFIC,TRF-314,2025-11-11,18:45:00,2025,11,Friday,Mumbai,Lower Parel,Lower Parel Junction,18.997762,72.827547,Bus,Urban Arterial,Minor,7,0,7,Speed Variation,Medium,Medium,39.0,Clear,Normal,1,2,0.9,1.0,UNIQUE,,3,39.3
ACC-TRF-000315,OPEN_MAHARASHTRA_TRAFFIC,TRF-315,2025-12-11,18:45:00,2025,12,Friday,Mumbai,Bandra,Bandra Linking Road,19.055879,72.836093,Car / SUV,Urban Arterial,Minor,6,0,6,Traffic Congestion & Lane Violation,High,High,36.0,Clear,Normal,1,2,0.9,1.0,UNIQUE,,0,45.9
ACC-TRF-000319,OPEN_MAHARASHTRA_TRAFFIC,TRF-319,2025-11-16,18:45:00,2025,11,Friday,Mumbai,Bandra,Bandra Linking Road,19.055152,72.841038,Auto-Rickshaw,Urban Arterial,Minor,5,0,5,Speed Variation,Medium,Medium,31.0,Clear,Normal,1,2,0.9,1.0,UNIQUE,,0,37.7
ACC-TRF-000320,OPEN_MAHARASHTRA_TRAFFIC,TRF-320,2025-11-17,18:45:00,2025,11,Friday,Mumbai,Malad,Malad SV Road Intersection,19.183372,72.851165,Two-Wheeler / Bike,Urban Arterial,Grievous/Major,8,0,8,Speed Variation,Low,Low,48.0,Clear,Normal,1,2,0.9,1.0,UNIQUE,,11,51.6
ACC-TRF-000326,OPEN_MAHARASHTRA_TRAFFIC,TRF-326,2025-11-23,18:45:00,2025,11,Friday,Mumbai,Bandra,Bandra Linking Road,19.05613,72.836999,Bus,Urban Arterial,Grievous/Major,7,0,7,Speed Variation,Medium,Medium,57.0,Clear,Normal,1,2,0.9,1.0,UNIQUE,,0,51.6
ACC-TRF-000330,OPEN_MAHARASHTRA_TRAFFIC,TRF-330,2025-11-27,18:45:00,2025,11,Friday,Mumbai,Dadar,Dadar TT Circle,19.011517,72.845531,Auto-Rickshaw,Urban Arterial,Minor,4,0,4,Traffic Congestion & Lane Violation,High,High,39.0,Clear,Normal,1,2,0.9,1.0,UNIQUE,,3,47.1
ACC-TRF-000331,OPEN_MAHARASHTRA_TRAFFIC,TRF-331,2025-11-28,18:45:00,2025,11,Friday,Mumbai,Malad,Malad SV Road Intersection,19.187258,72.849383,Auto-Rickshaw,Urban Arterial,Grievous/Major,6,0,6,Traffic Congestion & Lane Violation,High,High,44.0,Clear,Normal,1,2,0.9,1.0,UNIQUE,,11,59.6
ACC-TRF-000336,OPEN_MAHARASHTRA_TRAFFIC,TRF-336,2025-03-12,18:45:00,2025,3,Friday,Mumbai,Andheri,Andheri West Station Road,19.11641,72.843832,Bus,Urban Arterial,Minor,7,0,7,Speed Variation,Medium,Medium,29.0,Clear,Normal,1,2,0.9,1.0,UNIQUE,,10,37.3
ACC-TRF-000350,OPEN_MAHARASHTRA_TRAFFIC,TRF-350,2025-12-17,18:45:00,2025,12,Friday,Mumbai,Dadar,Dadar TT Circle,19.022526,72.843722,Car / SUV,Urban Arterial,Grievous/Major,6,0,6,Speed Variation,Medium,Medium,47.0,Clear,Normal,1,2,0.9,1.0,UNIQUE,,3,51.4
ACC-TRF-000358,OPEN_MAHARASHTRA_TRAFFIC,TRF-358,2025-12-25,18:45:00,2025,12,Friday,Mumbai,Dadar,Dadar TT Circle,19.020471,72.840397,Heavy Commercial / Truck,Urban Arterial,Minor,3,0,3,Speed Variation,Medium,Medium,20.0,Clear,Normal,1,2,0.9,1.0,UNIQUE,,3,35.5
ACC-TRF-000366,OPEN_MAHARASHTRA_TRAFFIC,TRF-366,2025-02-01,18:45:00,2025,2,Friday,Mumbai,Bandra,Bandra Linking Road,19.052136,72.837187,Heavy Commercial / Truck,Urban Arterial,Minor,7,0,7,Speed Variation,Low,Low,22.0,Clear,Normal,1,2,0.9,1.0,UNIQUE,,0,35.9
ACC-TRF-000370,OPEN_MAHARASHTRA_TRAFFIC,TRF-370,2025-06-01,18:45:00,2025,6,Friday,Mumbai,Bandra,Bandra Linking Road,19.059331,72.84152,Bus,Urban Arterial,Grievous/Major,1,1,1,Traffic Congestion & Lane Violation,High,High,50.0,Clear,Normal,1,2,0.9,1.0,UNIQUE,,0,73.2
ACC-TRF-000373,OPEN_MAHARASHTRA_TRAFFIC,TRF-373,2025-09-01,18:45:00,2025,9,Friday,Mumbai,Andheri,Andheri West Station Road,19.112262,72.846554,Car / SUV,Urban Arterial,Grievous/Major,5,0,5,Speed Variation,Medium,Medium,44.0,Clear,Normal,1,2,0.9,1.0,UNIQUE,,10,50.8
ACC-TRF-000383,OPEN_MAHARASHTRA_TRAFFIC,TRF-383,2025-01-19,18:45:00,2025,1,Friday,Mumbai,Dadar,Dadar TT Circle,19.013275,72.84257,Car / SUV,Urban Arterial,Grievous/Major,4,0,4,Speed Variation,Medium,Medium,60.0,Clear,Normal,1,2,0.9,1.0,UNIQUE,,3,51.6
ACC-TRF-000388,OPEN_MAHARASHTRA_TRAFFIC,TRF-388,2025-01-24,18:45:00,2025,1,Friday,Mumbai,Andheri,Andheri West Station Road,19.115399,72.849462,Heavy Commercial / Truck,Urban Arterial,Minor,2,0,2,Speed Variation,Low,Low,29.0,Clear,Normal,1,2,0.9,1.0,UNIQUE,,10,37.3
ACC-TRF-000393,OPEN_MAHARASHTRA_TRAFFIC,TRF-393,2025-01-29,18:45:00,2025,1,Friday,Mumbai,Dadar,Dadar TT Circle,19.016925,72.845475,Heavy Commercial / Truck,Urban Arterial,Grievous/Major,2,0,2,Speed Variation,Medium,Medium,44.0,Clear,Normal,1,2,0.9,1.0,UNIQUE,,3,50.8
ACC-TRF-000397,OPEN_MAHARASHTRA_TRAFFIC,TRF-397,2025-02-02,18:45:00,2025,2,Friday,Mumbai,Malad,Malad SV Road Intersection,19.187924,72.847946,Bus,Urban Arterial,Grievous/Major,6,0,6,Traffic Congestion & Lane Violation,High,High,60.0,Clear,Normal,1,2,0.9,1.0,UNIQUE,,11,61.2
ACC-TRF-000399,OPEN_MAHARASHTRA_TRAFFIC,TRF-399,2025-04-02,18:45:00,2025,4,Friday,Mumbai,Dadar,Dadar TT Circle,19.014443,72.851235,Bus,Urban Arterial,Grievous/Major,3,1,3,Traffic Congestion & Lane Violation,High,High,48.0,Clear,Normal,1,2,0.9,1.0,UNIQUE,,3,73.2
ACC-TRF-000404,OPEN_MAHARASHTRA_TRAFFIC,TRF-404,2025-09-02,18:45:00,2025,9,Friday,Mumbai,Malad,Malad SV Road Intersection,19.187165,72.846438,Auto-Rickshaw,Urban Arterial,Grievous/Major,4,0,4,Traffic Congestion & Lane Violation,High,High,49.0,Clear,Normal,1,2,0.9,1.0,UNIQUE,,11,61.2
ACC-TRF-000406,OPEN_MAHARASHTRA_TRAFFIC,TRF-406,2025-11-02,18:45:00,2025,11,Friday,Mumbai,Andheri,Andheri West Station Road,19.112661,72.843297,Car / SUV,Urban Arterial,Grievous/Major,3,1,3,Speed Variation,Medium,Medium,52.0,Clear,Normal,1,2,0.9,1.0,UNIQUE,,10,63.6
ACC-TRF-000408,OPEN_MAHARASHTRA_TRAFFIC,TRF-408,2025-02-13,18:45:00,2025,2,Friday,Mumbai,Dadar,Dadar TT Circle,19.016598,72.843191,Heavy Commercial / Truck,Urban Arterial,Minor,4,0,4,Speed Variation,Medium,Medium,34.0,Clear,Normal,1,2,0.9,1.0,UNIQUE,,3,38.3
ACC-TRF-000412,OPEN_MAHARASHTRA_TRAFFIC,TRF-412,2025-02-17,18:45:00,2025,2,Friday,Mumbai,Andheri,Andheri West Station Road,19.116375,72.845959,Two-Wheeler / Bike,Urban Arterial,Minor,6,0,6,Speed Variation,Medium,Medium,27.0,Clear,Normal,1,2,0.9,1.0,UNIQUE,,10,36.9
ACC-TRF-000420,OPEN_MAHARASHTRA_TRAFFIC,TRF-420,2025-02-25,18:45:00,2025,2,Friday,Mumbai,Dadar,Dadar TT Circle,19.011518,72.84346,Auto-Rickshaw,Urban Arterial,Grievous/Major,4,1,4,Speed Variation,Medium,Medium,52.0,Clear,Normal,1,2,0.9,1.0,UNIQUE,,3,63.6
ACC-TRF-000423,OPEN_MAHARASHTRA_TRAFFIC,TRF-423,2025-02-28,18:45:00,2025,2,Friday,Mumbai,Lower Parel,Lower Parel Junction,18.998415,72.832292,Two-Wheeler / Bike,Urban Arterial,Grievous/Major,2,0,2,Traffic Congestion & Lane Violation,High,High,52.0,Clear,Normal,1,2,0.9,1.0,UNIQUE,,3,61.2
ACC-TRF-000425,OPEN_MAHARASHTRA_TRAFFIC,TRF-425,2025-02-03,18:45:00,2025,2,Friday,Mumbai,Andheri,Andheri West Station Road,19.114,72.851044,Car / SUV,Urban Arterial,Minor,4,0,4,Speed Variation,Low,Low,20.0,Clear,Normal,1,2,0.9,1.0,UNIQUE,,10,35.5
ACC-TRF-000432,OPEN_MAHARASHTRA_TRAFFIC,TRF-432,2025-09-03,18:45:00,2025,9,Friday,Mumbai,Dadar,Dadar TT Circle,19.018873,72.848146,Heavy Commercial / Truck,Urban Arterial,Minor,6,0,6,Speed Variation,Low,Low,33.0,Clear,Normal,1,2,0.9,1.0,UNIQUE,,3,38.1
ACC-TRF-000434,OPEN_MAHARASHTRA_TRAFFIC,TRF-434,2025-11-03,18:45:00,2025,11,Friday,Mumbai,Malad,Malad SV Road Intersection,19.184442,72.842633,Heavy Commercial / Truck,Urban Arterial,Grievous/Major,6,0,6,Traffic Congestion & Lane Violation,High,High,47.0,Clear,Normal,1,2,0.9,1.0,UNIQUE,,11,60.8
ACC-TRF-000435,OPEN_MAHARASHTRA_TRAFFIC,TRF-435,2025-12-03,18:45:00,2025,12,Friday,Mumbai,Andheri,Andheri West Station Road,19.110285,72.844013,Bus,Urban Arterial,Grievous/Major,3,1,3,Traffic Congestion & Lane Violation,High,High,49.0,Clear,Normal,1,2,0.9,1.0,UNIQUE,,10,73.2
ACC-TRF-000443,OPEN_MAHARASHTRA_TRAFFIC,TRF-443,2025-03-20,18:45:00,2025,3,Friday,Mumbai,Andheri,Andheri West Station Road,19.113729,72.843252,Car / SUV,Urban Arterial,Grievous/Major,5,0,5,Speed Variation,Medium,Medium,46.0,Clear,Normal,1,2,0.9,1.0,UNIQUE,,10,51.2
ACC-TRF-000447,OPEN_MAHARASHTRA_TRAFFIC,TRF-447,2025-03-24,18:45:00,2025,3,Friday,Mumbai,Bandra,Bandra Linking Road,19.055673,72.83728,Auto-Rickshaw,Urban Arterial,Minor,3,0,3,Traffic Congestion & Lane Violation,High,High,29.0,Clear,Normal,1,2,0.9,1.0,UNIQUE,,0,43.1
ACC-TRF-000455,OPEN_MAHARASHTRA_TRAFFIC,TRF-455,2025-01-04,18:45:00,2025,1,Friday,Mumbai,Lower Parel,Lower Parel Junction,19.002976,72.827505,Auto-Rickshaw,Urban Arterial,Grievous/Major,8,1,8,Traffic Congestion & Lane Violation,High,High,47.0,Clear,Normal,1,2,0.9,1.0,UNIQUE,,3,72.8
ACC-TRF-000458,OPEN_MAHARASHTRA_TRAFFIC,TRF-458,2025-04-04,18:45:00,2025,4,Friday,Mumbai,Bandra,Bandra Linking Road,19.053409,72.833736,Car / SUV,Urban Arterial,Grievous/Major,1,0,1,Speed Variation,Low,Low,47.0,Clear,Normal,1,2,0.9,1.0,UNIQUE,,0,51.4
ACC-TRF-000465,OPEN_MAHARASHTRA_TRAFFIC,TRF-465,2025-11-04,18:45:00,2025,11,Friday,Mumbai,Bandra,Bandra Linking Road,19.051486,72.839664,Car / SUV,Urban Arterial,Grievous/Major,6,0,6,Speed Variation,Low,Low,58.0,Clear,Normal,1,2,0.9,1.0,UNIQUE,,0,51.6
ACC-TRF-000468,OPEN_MAHARASHTRA_TRAFFIC,TRF-468,2025-04-14,18:45:00,2025,4,Friday,Mumbai,Lower Parel,Lower Parel Junction,18.98575,72.829717,Two-Wheeler / Bike,Urban Arterial,Minor,3,0,3,Speed Variation,Medium,Medium,39.0,Clear,Normal,1,2,0.9,1.0,UNIQUE,,3,39.3
ACC-TRF-000472,OPEN_MAHARASHTRA_TRAFFIC,TRF-472,2025-04-18,18:45:00,2025,4,Friday,Mumbai,Lower Parel,Lower Parel Junction,18.990865,72.825074,Car / SUV,Urban Arterial,Grievous/Major,7,0,7,Speed Variation,Medium,Medium,58.0,Clear,Normal,1,2,0.9,1.0,UNIQUE,,3,51.6
ACC-TRF-000473,OPEN_MAHARASHTRA_TRAFFIC,TRF-473,2025-04-19,18:45:00,2025,4,Friday,Mumbai,Dadar,Dadar TT Circle,19.022664,72.841363,Heavy Commercial / Truck,Urban Arterial,Grievous/Major,7,0,7,Speed Variation,Low,Low,46.0,Clear,Normal,1,2,0.9,1.0,UNIQUE,,3,51.2
ACC-TRF-000477,OPEN_MAHARASHTRA_TRAFFIC,TRF-477,2025-04-23,18:45:00,2025,4,Friday,Mumbai,Lower Parel,Lower Parel Junction,18.994985,72.832226,Bus,Urban Arterial,Minor,6,0,6,Traffic Congestion & Lane Violation,High,High,31.0,Clear,Normal,1,2,0.9,1.0,UNIQUE,,3,43.9
ACC-TRF-000484,OPEN_MAHARASHTRA_TRAFFIC,TRF-484,2025-04-30,18:45:00,2025,4,Friday,Mumbai,Bandra,Bandra Linking Road,19.048971,72.835993,Heavy Commercial / Truck,Urban Arterial,Grievous/Major,2,0,2,Speed Variation,Medium,Medium,41.0,Clear,Normal,1,2,0.9,1.0,UNIQUE,,0,50.2
ACC-TRF-000498,OPEN_MAHARASHTRA_TRAFFIC,TRF-498,2025-05-14,18:45:00,2025,5,Friday,Mumbai,Lower Parel,Lower Parel Junction,18.995858,72.829516,Auto-Rickshaw,Urban Arterial,Grievous/Major,7,0,7,Speed Variation,Low,Low,59.0,Clear,Normal,1,2,0.9,1.0,UNIQUE,,3,51.6
ACC-TRF-000505,OPEN_MAHARASHTRA_TRAFFIC,TRF-505,2025-05-21,18:45:00,2025,5,Friday,Mumbai,Bandra,Bandra Linking Road,19.052368,72.835147,Heavy Commercial / Truck,Urban Arterial,Grievous/Major,5,0,5,Speed Variation,Medium,Medium,45.0,Clear,Normal,1,2,0.9,1.0,UNIQUE,,0,51.0
ACC-TRF-000506,OPEN_MAHARASHTRA_TRAFFIC,TRF-506,2025-05-22,18:45:00,2025,5,Friday,Mumbai,Andheri,Andheri West Station Road,19.117678,72.842463,Car / SUV,Urban Arterial,Grievous/Major,7,0,7,Traffic Congestion & Lane Violation,High,High,50.0,Clear,Normal,1,2,0.9,1.0,UNIQUE,,10,61.2
ACC-TRF-000514,OPEN_MAHARASHTRA_TRAFFIC,TRF-514,2025-05-30,18:45:00,2025,5,Friday,Mumbai,Malad,Malad SV Road Intersection,19.189048,72.852182,Two-Wheeler / Bike,Urban Arterial,Grievous/Major,3,1,3,Traffic Congestion & Lane Violation,High,High,60.0,Clear,Normal,1,2,0.9,1.0,UNIQUE,,11,73.2
ACC-TRF-000519,OPEN_MAHARASHTRA_TRAFFIC,TRF-519,2025-04-06,18:45:00,2025,4,Friday,Mumbai,Bandra,Bandra Linking Road,19.052476,72.837629,Car / SUV,Urban Arterial,Grievous/Major,2,0,2,Speed Variation,Medium,Medium,43.0,Clear,Normal,1,2,0.9,1.0,UNIQUE,,0,50.6
ACC-TRF-000523,OPEN_MAHARASHTRA_TRAFFIC,TRF-523,2025-08-06,18:45:00,2025,8,Friday,Mumbai,Andheri,Andheri West Station Road,19.116385,72.848059,Auto-Rickshaw,Urban Arterial,Minor,2,0,2,Speed Variation,Medium,Medium,32.0,Clear,Normal,1,2,0.9,1.0,UNIQUE,,10,37.9
ACC-TRF-000530,OPEN_MAHARASHTRA_TRAFFIC,TRF-530,2025-06-15,18:45:00,2025,6,Friday,Mumbai,Lower Parel,Lower Parel Junction,18.987626,72.828128,Two-Wheeler / Bike,Urban Arterial,Minor,6,0,6,Speed Variation,Medium,Medium,25.0,Clear,Normal,1,2,0.9,1.0,UNIQUE,,3,36.5
ACC-TRF-000546,OPEN_MAHARASHTRA_TRAFFIC,TRF-546,2025-01-07,18:45:00,2025,1,Friday,Mumbai,Lower Parel,Lower Parel Junction,18.997712,72.833453,Bus,Urban Arterial,Minor,4,0,4,Traffic Congestion & Lane Violation,High,High,21.0,Clear,Normal,1,2,0.9,1.0,UNIQUE,,3,39.9
ACC-TRF-000552,OPEN_MAHARASHTRA_TRAFFIC,TRF-552,2025-07-07,18:45:00,2025,7,Friday,Mumbai,Lower Parel,Lower Parel Junction,18.994674,72.823748,Heavy Commercial / Truck,Urban Arterial,Minor,5,0,5,Speed Variation,Medium,Medium,20.0,Clear,Normal,1,2,0.9,1.0,UNIQUE,,3,35.5
ACC-TRF-000558,OPEN_MAHARASHTRA_TRAFFIC,TRF-558,2025-07-13,18:45:00,2025,7,Friday,Mumbai,Andheri,Andheri West Station Road,19.116473,72.843594,Bus,Urban Arterial,Grievous/Major,4,0,4,Speed Variation,Low,Low,47.0,Clear,Normal,1,2,0.9,1.0,UNIQUE,,10,51.4
ACC-TRF-000571,OPEN_MAHARASHTRA_TRAFFIC,TRF-571,2025-07-26,18:45:00,2025,7,Friday,Mumbai,Bandra,Bandra Linking Road,19.05609,72.836984,Two-Wheeler / Bike,Urban Arterial,Grievous/Major,6,0,6,Speed Variation,Medium,Medium,51.0,Clear,Normal,1,2,0.9,1.0,UNIQUE,,0,51.6
ACC-TRF-000583,OPEN_MAHARASHTRA_TRAFFIC,TRF-583,2025-07-08,18:45:00,2025,7,Friday,Mumbai,Malad,Malad SV Road Intersection,19.187684,72.849431,Bus,Urban Arterial,Grievous/Major,6,0,6,Speed Variation,Medium,Medium,43.0,Clear,Normal,1,2,0.9,1.0,UNIQUE,,11,50.6
ACC-TRF-000588,OPEN_MAHARASHTRA_TRAFFIC,TRF-588,2025-12-08,18:45:00,2025,12,Friday,Mumbai,Lower Parel,Lower Parel Junction,18.992663,72.831478,Car / SUV,Urban Arterial,Grievous/Major,1,0,1,Speed Variation,Medium,Medium,46.0,Clear,Normal,1,2,0.9,1.0,UNIQUE,,3,51.2
ACC-TRF-000595,OPEN_MAHARASHTRA_TRAFFIC,TRF-595,2025-08-19,18:45:00,2025,8,Friday,Mumbai,Lower Parel,Lower Parel Junction,18.995149,72.828385,Auto-Rickshaw,Urban Arterial,Minor,7,0,7,Speed Variation,Low,Low,32.0,Clear,Normal,1,2,0.9,1.0,UNIQUE,,3,37.9
ACC-TRF-000599,OPEN_MAHARASHTRA_TRAFFIC,TRF-599,2025-08-23,18:45:00,2025,8,Friday,Mumbai,Bandra,Bandra Linking Road,19.059214,72.840924,Car / SUV,Urban Arterial,Minor,2,0,2,Traffic Congestion & Lane Violation,High,High,22.0,Clear,Normal,1,2,0.9,1.0,UNIQUE,,0,40.3
ACC-TRF-000601,OPEN_MAHARASHTRA_TRAFFIC,TRF-601,2025-08-25,18:45:00,2025,8,Friday,Mumbai,Malad,Malad SV Road Intersection,19.185906,72.848657,Heavy Commercial / Truck,Urban Arterial,Minor,1,0,1,Speed Variation,Medium,Medium,29.0,Clear,Normal,1,2,0.9,1.0,UNIQUE,,11,37.3
ACC-TRF-000603,OPEN_MAHARASHTRA_TRAFFIC,TRF-603,2025-08-27,18:45:00,2025,8,Friday,Mumbai,Lower Parel,Lower Parel Junction,18.999679,72.830477,Auto-Rickshaw,Urban Arterial,Minor,5,0,5,Speed Variation,Low,Low,40.0,Clear,Normal,1,2,0.9,1.0,UNIQUE,,3,39.5
ACC-TRF-000617,OPEN_MAHARASHTRA_TRAFFIC,TRF-617,2025-10-09,18:45:00,2025,10,Friday,Mumbai,Dadar,Dadar TT Circle,19.021396,72.843039,Car / SUV,Urban Arterial,Minor,3,0,3,Traffic Congestion & Lane Violation,High,High,33.0,Clear,Normal,1,2,0.9,1.0,UNIQUE,,3,44.7
ACC-TRF-000618,OPEN_MAHARASHTRA_TRAFFIC,TRF-618,2025-11-09,18:45:00,2025,11,Friday,Mumbai,Malad,Malad SV Road Intersection,19.181571,72.847544,Bus,Urban Arterial,Grievous/Major,4,0,4,Speed Variation,Medium,Medium,53.0,Clear,Normal,1,2,0.9,1.0,UNIQUE,,11,51.6
ACC-TRF-000624,OPEN_MAHARASHTRA_TRAFFIC,TRF-624,2025-09-17,18:45:00,2025,9,Friday,Mumbai,Lower Parel,Lower Parel Junction,18.988864,72.827877,Auto-Rickshaw,Urban Arterial,Grievous/Major,6,0,6,Speed Variation,Low,Low,52.0,Clear,Normal,1,2,0.9,1.0,UNIQUE,,3,51.6
ACC-TRF-000625,OPEN_MAHARASHTRA_TRAFFIC,TRF-625,2025-09-18,18:45:00,2025,9,Friday,Mumbai,Lower Parel,Lower Parel Junction,18.995069,72.82696,Heavy Commercial / Truck,Urban Arterial,Minor,4,0,4,Traffic Congestion & Lane Violation,High,High,30.0,Clear,Normal,1,2,0.9,1.0,UNIQUE,,3,43.5
ACC-TRF-000628,OPEN_MAHARASHTRA_TRAFFIC,TRF-628,2025-09-21,18:45:00,2025,9,Friday,Mumbai,Lower Parel,Lower Parel Junction,18.993618,72.829102,Two-Wheeler / Bike,Urban Arterial,Grievous/Major,2,0,2,Speed Variation,Medium,Medium,58.0,Clear,Normal,1,2,0.9,1.0,UNIQUE,,3,51.6
ACC-TRF-000654,OPEN_MAHARASHTRA_TRAFFIC,TRF-654,2025-10-17,18:45:00,2025,10,Friday,Mumbai,Malad,Malad SV Road Intersection,19.18905,72.849887,Two-Wheeler / Bike,Urban Arterial,Grievous/Major,4,0,4,Speed Variation,Medium,Medium,44.0,Clear,Normal,1,2,0.9,1.0,UNIQUE,,11,50.8
ACC-TRF-000658,OPEN_MAHARASHTRA_TRAFFIC,TRF-658,2025-10-21,18:45:00,2025,10,Friday,Mumbai,Dadar,Dadar TT Circle,19.02179,72.848484,Bus,Urban Arterial,Grievous/Major,4,0,4,Traffic Congestion & Lane Violation,High,High,50.0,Clear,Normal,1,2,0.9,1.0,UNIQUE,,3,61.2
ACC-TRF-000672,OPEN_MAHARASHTRA_TRAFFIC,TRF-672,2025-04-11,18:45:00,2025,4,Friday,Mumbai,Malad,Malad SV Road Intersection,19.188856,72.84877,Bus,Urban Arterial,Minor,7,0,7,Speed Variation,Medium,Medium,33.0,Clear,Normal,1,2,0.9,1.0,UNIQUE,,11,38.1
ACC-TRF-000673,OPEN_MAHARASHTRA_TRAFFIC,TRF-673,2025-05-11,18:45:00,2025,5,Friday,Mumbai,Andheri,Andheri West Station Road,19.11519,72.846241,Heavy Commercial / Truck,Urban Arterial,Minor,2,0,2,Traffic Congestion & Lane Violation,High,High,30.0,Clear,Normal,1,2,0.9,1.0,UNIQUE,,10,43.5
ACC-TRF-000675,OPEN_MAHARASHTRA_TRAFFIC,TRF-675,2025-07-11,18:45:00,2025,7,Friday,Mumbai,Lower Parel,Lower Parel Junction,18.995093,72.827566,Bus,Urban Arterial,Minor,5,0,5,Speed Variation,Low,Low,26.0,Clear,Normal,1,2,0.9,1.0,UNIQUE,,3,36.7
ACC-TRF-000676,OPEN_MAHARASHTRA_TRAFFIC,TRF-676,2025-08-11,18:45:00,2025,8,Friday,Mumbai,Lower Parel,Lower Parel Junction,18.992096,72.827528,Car / SUV,Urban Arterial,Grievous/Major,5,0,5,Traffic Congestion & Lane Violation,High,High,42.0,Clear,Normal,1,2,0.9,1.0,UNIQUE,,3,58.8
ACC-TRF-000681,OPEN_MAHARASHTRA_TRAFFIC,TRF-681,2025-11-13,18:45:00,2025,11,Friday,Mumbai,Dadar,Dadar TT Circle,19.014314,72.842348,Car / SUV,Urban Arterial,Minor,7,0,7,Speed Variation,Low,Low,24.0,Clear,Normal,1,2,0.9,1.0,UNIQUE,,3,36.3
ACC-TRF-000688,OPEN_MAHARASHTRA_TRAFFIC,TRF-688,2025-11-20,18:45:00,2025,11,Friday,Mumbai,Dadar,Dadar TT Circle,19.020734,72.842388,Auto-Rickshaw,Urban Arterial,Minor,4,0,4,Speed Variation,Low,Low,37.0,Clear,Normal,1,2,0.9,1.0,UNIQUE,,3,38.9
ACC-TRF-000689,OPEN_MAHARASHTRA_TRAFFIC,TRF-689,2025-11-21,18:45:00,2025,11,Friday,Mumbai,Andheri,Andheri West Station Road,19.117032,72.843461,Heavy Commercial / Truck,Urban Arterial,Minor,7,0,7,Speed Variation,Medium,Medium,31.0,Clear,Normal,1,2,0.9,1.0,UNIQUE,,10,37.7
ACC-TRF-000699,OPEN_MAHARASHTRA_TRAFFIC,TRF-699,2025-01-12,18:45:00,2025,1,Friday,Mumbai,Andheri,Andheri West Station Road,19.115926,72.842348,Heavy Commercial / Truck,Urban Arterial,Grievous/Major,1,0,1,Speed Variation,Low,Low,55.0,Clear,Normal,1,2,0.9,1.0,UNIQUE,,10,51.6
ACC-TRF-000708,OPEN_MAHARASHTRA_TRAFFIC,TRF-708,2025-10-12,18:45:00,2025,10,Friday,Mumbai,Malad,Malad SV Road Intersection,19.186462,72.849881,Auto-Rickshaw,Urban Arterial,Grievous/Major,3,1,3,Speed Variation,Medium,Medium,47.0,Clear,Normal,1,2,0.9,1.0,UNIQUE,,11,63.4
ACC-TRF-000709,OPEN_MAHARASHTRA_TRAFFIC,TRF-709,2025-11-12,18:45:00,2025,11,Friday,Mumbai,Bandra,Bandra Linking Road,19.053647,72.840115,Bus,Urban Arterial,Grievous/Major,6,0,6,Traffic Congestion & Lane Violation,High,High,60.0,Clear,Normal,1,2,0.9,1.0,UNIQUE,,0,61.2
ACC-TRF-000711,OPEN_MAHARASHTRA_TRAFFIC,TRF-711,2025-12-13,18:45:00,2025,12,Friday,Mumbai,Lower Parel,Lower Parel Junction,18.994679,72.825707,Heavy Commercial / Truck,Urban Arterial,Minor,8,0,8,Traffic Congestion & Lane Violation,High,High,21.0,Clear,Normal,1,2,0.9,1.0,UNIQUE,,3,39.9
ACC-TRF-000715,OPEN_MAHARASHTRA_TRAFFIC,TRF-715,2025-12-17,18:45:00,2025,12,Friday,Mumbai,Lower Parel,Lower Parel Junction,18.996321,72.832009,Auto-Rickshaw,Urban Arterial,Minor,1,0,1,Speed Variation,Medium,Medium,26.0,Clear,Normal,1,2,0.9,1.0,UNIQUE,,3,36.7
ACC-TRF-000717,OPEN_MAHARASHTRA_TRAFFIC,TRF-717,2025-12-19,18:45:00,2025,12,Friday,Mumbai,Malad,Malad SV Road Intersection,19.186451,72.844724,Bus,Urban Arterial,Minor,3,0,3,Speed Variation,Low,Low,35.0,Clear,Normal,1,2,0.9,1.0,UNIQUE,,11,38.5
ACC-TRF-000721,OPEN_MAHARASHTRA_TRAFFIC,TRF-721,2025-12-23,18:45:00,2025,12,Friday,Mumbai,Lower Parel,Lower Parel Junction,18.991471,72.825887,Two-Wheeler / Bike,Urban Arterial,Grievous/Major,8,1,8,Speed Variation,Medium,Medium,47.0,Clear,Normal,1,2,0.9,1.0,UNIQUE,,3,63.4
ACC-TRF-000725,OPEN_MAHARASHTRA_TRAFFIC,TRF-725,2025-12-27,18:45:00,2025,12,Friday,Mumbai,Malad,Malad SV Road Intersection,19.184757,72.847511,Heavy Commercial / Truck,Urban Arterial,Grievous/Major,1,0,1,Speed Variation,Low,Low,60.0,Clear,Normal,1,2,0.9,1.0,UNIQUE,,11,51.6
ACC-TRF-000728,OPEN_MAHARASHTRA_TRAFFIC,TRF-728,2025-12-30,18:45:00,2025,12,Friday,Mumbai,Dadar,Dadar TT Circle,19.017551,72.846126,Bus,Urban Arterial,Grievous/Major,1,0,1,Traffic Congestion & Lane Violation,High,High,60.0,Clear,Normal,1,2,0.9,1.0,UNIQUE,,3,61.2
ACC-TRF-000729,OPEN_MAHARASHTRA_TRAFFIC,TRF-729,2025-12-31,18:45:00,2025,12,Friday,Mumbai,Dadar,Dadar TT Circle,19.01777,72.844269,Two-Wheeler / Bike,Urban Arterial,Minor,6,0,6,Speed Variation,Low,Low,31.0,Clear,Normal,1,2,0.9,1.0,UNIQUE,,3,37.7
ACC-TRF-000736,OPEN_MAHARASHTRA_TRAFFIC,TRF-736,2025-07-01,18:45:00,2025,7,Friday,Mumbai,Dadar,Dadar TT Circle,19.017134,72.840644,Car / SUV,Urban Arterial,Grievous/Major,1,0,1,Speed Variation,Medium,Medium,41.0,Clear,Normal,1,2,0.9,1.0,UNIQUE,,3,50.2
ACC-TRF-000738,OPEN_MAHARASHTRA_TRAFFIC,TRF-738,2025-09-01,18:45:00,2025,9,Friday,Mumbai,Malad,Malad SV Road Intersection,19.178162,72.846466,Auto-Rickshaw,Urban Arterial,Grievous/Major,8,0,8,Speed Variation,Medium,Medium,47.0,Clear,Normal,1,2,0.9,1.0,UNIQUE,,11,51.4
ACC-TRF-000742,OPEN_MAHARASHTRA_TRAFFIC,TRF-742,2025-01-13,18:45:00,2025,1,Friday,Mumbai,Andheri,Andheri West Station Road,19.112289,72.84185,Auto-Rickshaw,Urban Arterial,Grievous/Major,4,0,4,Speed Variation,Medium,Medium,49.0,Clear,Normal,1,2,0.9,1.0,UNIQUE,,10,51.6
ACC-TRF-000746,OPEN_MAHARASHTRA_TRAFFIC,TRF-746,2025-01-17,18:45:00,2025,1,Friday,Mumbai,Malad,Malad SV Road Intersection,19.191784,72.84304,Auto-Rickshaw,Urban Arterial,Minor,4,0,4,Speed Variation,Medium,Medium,38.0,Clear,Normal,1,2,0.9,1.0,UNIQUE,,11,39.1
ACC-TRF-000750,OPEN_MAHARASHTRA_TRAFFIC,TRF-750,2025-01-21,18:45:00,2025,1,Friday,Mumbai,Andheri,Andheri West Station Road,19.112857,72.845317,Bus,Urban Arterial,Minor,1,0,1,Speed Variation,Low,Low,32.0,Clear,Normal,1,2,0.9,1.0,UNIQUE,,10,37.9
ACC-TRF-000758,OPEN_MAHARASHTRA_TRAFFIC,TRF-758,2025-01-29,18:45:00,2025,1,Friday,Mumbai,Lower Parel,Lower Parel Junction,18.996695,72.829556,Auto-Rickshaw,Urban Arterial,Grievous/Major,1,1,1,Traffic Congestion & Lane Violation,High,High,54.0,Clear,Normal,1,2,0.9,1.0,UNIQUE,,3,73.2
ACC-TRF-000759,OPEN_MAHARASHTRA_TRAFFIC,TRF-759,2025-01-30,18:45:00,2025,1,Friday,Mumbai,Dadar,Dadar TT Circle,19.01433,72.842499,Bus,Urban Arterial,Grievous/Major,7,0,7,Speed Variation,Low,Low,60.0,Clear,Normal,1,2,0.9,1.0,UNIQUE,,3,51.6
ACC-TRF-000768,OPEN_MAHARASHTRA_TRAFFIC,TRF-768,2025-08-02,18:45:00,2025,8,Friday,Mumbai,Lower Parel,Lower Parel Junction,18.997267,72.828269,Bus,Urban Arterial,Minor,1,0,1,Speed Variation,Medium,Medium,25.0,Clear,Normal,1,2,0.9,1.0,UNIQUE,,3,36.5
ACC-TRF-000774,OPEN_MAHARASHTRA_TRAFFIC,TRF-774,2025-02-14,18:45:00,2025,2,Friday,Mumbai,Bandra,Bandra Linking Road,19.056602,72.843519,Heavy Commercial / Truck,Urban Arterial,Minor,4,0,4,Speed Variation,Medium,Medium,31.0,Clear,Normal,1,2,0.9,1.0,UNIQUE,,0,37.7
ACC-TRF-000786,OPEN_MAHARASHTRA_TRAFFIC,TRF-786,2025-02-26,18:45:00,2025,2,Friday,Mumbai,Bandra,Bandra Linking Road,19.059517,72.84182,Car / SUV,Urban Arterial,Minor,4,0,4,Speed Variation,Medium,Medium,29.0,Clear,Normal,1,2,0.9,1.0,UNIQUE,,0,37.3
ACC-TRF-000787,OPEN_MAHARASHTRA_TRAFFIC,TRF-787,2025-02-27,18:45:00,2025,2,Friday,Mumbai,Bandra,Bandra Linking Road,19.055669,72.839747,Bus,Urban Arterial,Grievous/Major,7,0,7,Speed Variation,Low,Low,57.0,Clear,Normal,1,2,0.9,1.0,UNIQUE,,0,51.6
ACC-TRF-000791,OPEN_MAHARASHTRA_TRAFFIC,TRF-791,2025-03-03,18:45:00,2025,3,Friday,Mumbai,Malad,Malad SV Road Intersection,19.186554,72.849367,Heavy Commercial / Truck,Urban Arterial,Grievous/Major,6,1,6,Speed Variation,Low,Low,58.0,Clear,Normal,1,2,0.9,1.0,UNIQUE,,11,63.6
ACC-TRF-000800,OPEN_MAHARASHTRA_TRAFFIC,TRF-800,2025-12-03,18:45:00,2025,12,Friday,Mumbai,Malad,Malad SV Road Intersection,19.189711,72.84875,Heavy Commercial / Truck,Urban Arterial,Grievous/Major,7,1,7,Speed Variation,Low,Low,53.0,Clear,Normal,1,2,0.9,1.0,UNIQUE,,11,63.6
ACC-TRF-000806,OPEN_MAHARASHTRA_TRAFFIC,TRF-806,2025-03-18,18:45:00,2025,3,Friday,Mumbai,Dadar,Dadar TT Circle,19.019963,72.847836,Heavy Commercial / Truck,Urban Arterial,Minor,7,0,7,Traffic Congestion & Lane Violation,High,High,32.0,Clear,Normal,1,2,0.9,1.0,UNIQUE,,3,44.3
ACC-TRF-000807,OPEN_MAHARASHTRA_TRAFFIC,TRF-807,2025-03-19,18:45:00,2025,3,Friday,Mumbai,Bandra,Bandra Linking Road,19.057617,72.832949,Auto-Rickshaw,Urban Arterial,Grievous/Major,2,0,2,Traffic Congestion & Lane Violation,High,High,56.0,Clear,Normal,1,2,0.9,1.0,UNIQUE,,0,61.2
ACC-TRF-000809,OPEN_MAHARASHTRA_TRAFFIC,TRF-809,2025-03-21,18:45:00,2025,3,Friday,Mumbai,Malad,Malad SV Road Intersection,19.185964,72.846669,Bus,Urban Arterial,Grievous/Major,3,0,3,Speed Variation,Low,Low,49.0,Clear,Normal,1,2,0.9,1.0,UNIQUE,,11,51.6
ACC-TRF-000811,OPEN_MAHARASHTRA_TRAFFIC,TRF-811,2025-03-23,18:45:00,2025,3,Friday,Mumbai,Bandra,Bandra Linking Road,19.050762,72.841493,Car / SUV,Urban Arterial,Minor,5,0,5,Traffic Congestion & Lane Violation,High,High,34.0,Clear,Normal,1,2,0.9,1.0,UNIQUE,,0,45.1
ACC-TRF-000814,OPEN_MAHARASHTRA_TRAFFIC,TRF-814,2025-03-26,18:45:00,2025,3,Friday,Mumbai,Lower Parel,Lower Parel Junction,18.991061,72.830135,Auto-Rickshaw,Urban Arterial,Minor,8,0,8,Speed Variation,Medium,Medium,21.0,Clear,Normal,1,2,0.9,1.0,UNIQUE,,3,35.7
ACC-TRF-000821,OPEN_MAHARASHTRA_TRAFFIC,TRF-821,2025-02-04,18:45:00,2025,2,Friday,Mumbai,Bandra,Bandra Linking Road,19.05597,72.841541,Bus,Urban Arterial,Grievous/Major,5,1,5,Speed Variation,Medium,Medium,59.0,Clear,Normal,1,2,0.9,1.0,UNIQUE,,0,63.6
ACC-TRF-000824,OPEN_MAHARASHTRA_TRAFFIC,TRF-824,2025-05-04,18:45:00,2025,5,Friday,Mumbai,Bandra,Bandra Linking Road,19.053516,72.837214,Heavy Commercial / Truck,Urban Arterial,Minor,4,0,4,Traffic Congestion & Lane Violation,High,High,26.0,Clear,Normal,1,2,0.9,1.0,UNIQUE,,0,41.9
ACC-TRF-000826,OPEN_MAHARASHTRA_TRAFFIC,TRF-826,2025-07-04,18:45:00,2025,7,Friday,Mumbai,Bandra,Bandra Linking Road,19.057589,72.839649,Car / SUV,Urban Arterial,Minor,5,0,5,Speed Variation,Medium,Medium,30.0,Clear,Normal,1,2,0.9,1.0,UNIQUE,,0,37.5
ACC-TRF-000833,OPEN_MAHARASHTRA_TRAFFIC,TRF-833,2025-04-14,18:45:00,2025,4,Friday,Mumbai,Bandra,Bandra Linking Road,19.054518,72.839414,Bus,Urban Arterial,Grievous/Major,4,1,4,Traffic Congestion & Lane Violation,High,High,55.0,Clear,Normal,1,2,0.9,1.0,UNIQUE,,0,73.2
ACC-TRF-000839,OPEN_MAHARASHTRA_TRAFFIC,TRF-839,2025-04-20,18:45:00,2025,4,Friday,Mumbai,Andheri,Andheri West Station Road,19.117458,72.847395,Two-Wheeler / Bike,Urban Arterial,Grievous/Major,5,1,5,Speed Variation,Medium,Medium,48.0,Clear,Normal,1,2,0.9,1.0,UNIQUE,,10,63.6
ACC-TRF-000852,OPEN_MAHARASHTRA_TRAFFIC,TRF-852,2025-03-05,18:45:00,2025,3,Friday,Mumbai,Malad,Malad SV Road Intersection,19.183791,72.845137,Bus,Urban Arterial,Minor,5,0,5,Traffic Congestion & Lane Violation,High,High,32.0,Clear,Normal,1,2,0.9,1.0,UNIQUE,,11,44.3
ACC-TRF-000853,OPEN_MAHARASHTRA_TRAFFIC,TRF-853,2025-04-05,18:45:00,2025,4,Friday,Mumbai,Malad,Malad SV Road Intersection,19.189695,72.849542,Bus,Urban Arterial,Grievous/Major,4,0,4,Speed Variation,Medium,Medium,53.0,Clear,Normal,1,2,0.9,1.0,UNIQUE,,11,51.6
ACC-TRF-000869,OPEN_MAHARASHTRA_TRAFFIC,TRF-869,2025-05-20,18:45:00,2025,5,Friday,Mumbai,Malad,Malad SV Road Intersection,19.181469,72.848337,Two-Wheeler / Bike,Urban Arterial,Minor,2,0,2,Speed Variation,Medium,Medium,21.0,Clear,Normal,1,2,0.9,1.0,UNIQUE,,11,35.7
ACC-TRF-000874,OPEN_MAHARASHTRA_TRAFFIC,TRF-874,2025-05-25,18:45:00,2025,5,Friday,Mumbai,Dadar,Dadar TT Circle,19.016512,72.843118,Car / SUV,Urban Arterial,Minor,3,0,3,Speed Variation,Medium,Medium,28.0,Clear,Normal,1,2,0.9,1.0,UNIQUE,,3,37.1
ACC-TRF-000888,OPEN_MAHARASHTRA_TRAFFIC,TRF-888,2025-08-06,18:45:00,2025,8,Friday,Mumbai,Bandra,Bandra Linking Road,19.053886,72.846231,Heavy Commercial / Truck,Urban Arterial,Grievous/Major,6,1,6,Traffic Congestion & Lane Violation,High,High,53.0,Clear,Normal,1,2,0.9,1.0,UNIQUE,,0,73.2
ACC-TRF-000889,OPEN_MAHARASHTRA_TRAFFIC,TRF-889,2025-09-06,18:45:00,2025,9,Friday,Mumbai,Malad,Malad SV Road Intersection,19.18137,72.847658,Car / SUV,Urban Arterial,Grievous/Major,6,0,6,Traffic Congestion & Lane Violation,High,High,53.0,Clear,Normal,1,2,0.9,1.0,UNIQUE,,11,61.2
ACC-TRF-000895,OPEN_MAHARASHTRA_TRAFFIC,TRF-895,2025-06-15,18:45:00,2025,6,Friday,Mumbai,Malad,Malad SV Road Intersection,19.185417,72.84715,Auto-Rickshaw,Urban Arterial,Minor,7,0,7,Speed Variation,Medium,Medium,31.0,Clear,Normal,1,2,0.9,1.0,UNIQUE,,11,37.7
ACC-TRF-000897,OPEN_MAHARASHTRA_TRAFFIC,TRF-897,2025-06-17,18:45:00,2025,6,Friday,Mumbai,Malad,Malad SV Road Intersection,19.181659,72.854687,Car / SUV,Urban Arterial,Minor,5,0,5,Traffic Congestion & Lane Violation,High,High,34.0,Clear,Normal,1,2,0.9,1.0,UNIQUE,,11,45.1
ACC-TRF-000910,OPEN_MAHARASHTRA_TRAFFIC,TRF-910,2025-06-30,18:45:00,2025,6,Friday,Mumbai,Dadar,Dadar TT Circle,19.01648,72.839033,Two-Wheeler / Bike,Urban Arterial,Minor,3,0,3,Traffic Congestion & Lane Violation,High,High,31.0,Clear,Normal,1,2,0.9,1.0,UNIQUE,,3,43.9
ACC-TRF-000914,OPEN_MAHARASHTRA_TRAFFIC,TRF-914,2025-04-07,18:45:00,2025,4,Friday,Mumbai,Bandra,Bandra Linking Road,19.051916,72.840589,Bus,Urban Arterial,Minor,4,0,4,Speed Variation,Low,Low,30.0,Clear,Normal,1,2,0.9,1.0,UNIQUE,,0,37.5
ACC-TRF-000918,OPEN_MAHARASHTRA_TRAFFIC,TRF-918,2025-08-07,18:45:00,2025,8,Friday,Mumbai,Andheri,Andheri West Station Road,19.11187,72.845902,Auto-Rickshaw,Urban Arterial,Grievous/Major,4,0,4,Speed Variation,Medium,Medium,58.0,Clear,Normal,1,2,0.9,1.0,UNIQUE,,10,51.6
ACC-TRF-000920,OPEN_MAHARASHTRA_TRAFFIC,TRF-920,2025-10-07,18:45:00,2025,10,Friday,Mumbai,Bandra,Bandra Linking Road,19.05165,72.840021,Two-Wheeler / Bike,Urban Arterial,Minor,2,0,2,Speed Variation,Low,Low,39.0,Clear,Normal,1,2,0.9,1.0,UNIQUE,,0,39.3
ACC-TRF-000925,OPEN_MAHARASHTRA_TRAFFIC,TRF-925,2025-07-15,18:45:00,2025,7,Friday,Mumbai,Bandra,Bandra Linking Road,19.054275,72.838017,Two-Wheeler / Bike,Urban Arterial,Minor,6,0,6,Speed Variation,Low,Low,27.0,Clear,Normal,1,2,0.9,1.0,UNIQUE,,0,36.9
ACC-TRF-000926,OPEN_MAHARASHTRA_TRAFFIC,TRF-926,2025-07-16,18:45:00,2025,7,Friday,Mumbai,Andheri,Andheri West Station Road,19.116438,72.845347,Car / SUV,Urban Arterial,Minor,5,0,5,Traffic Congestion & Lane Violation,High,High,35.0,Clear,Normal,1,2,0.9,1.0,UNIQUE,,10,45.5
ACC-TRF-000934,OPEN_MAHARASHTRA_TRAFFIC,TRF-934,2025-07-24,18:45:00,2025,7,Friday,Mumbai,Malad,Malad SV Road Intersection,19.187598,72.84501,Car / SUV,Urban Arterial,Minor,7,0,7,Speed Variation,Medium,Medium,39.0,Clear,Normal,1,2,0.9,1.0,UNIQUE,,11,39.3
ACC-TRF-000938,OPEN_MAHARASHTRA_TRAFFIC,TRF-938,2025-07-28,18:45:00,2025,7,Friday,Mumbai,Malad,Malad SV Road Intersection,19.185313,72.844852,Heavy Commercial / Truck,Urban Arterial,Minor,4,0,4,Traffic Congestion & Lane Violation,High,High,37.0,Clear,Normal,1,2,0.9,1.0,UNIQUE,,11,46.3
ACC-TRF-000960,OPEN_MAHARASHTRA_TRAFFIC,TRF-960,2025-08-19,18:45:00,2025,8,Friday,Mumbai,Bandra,Bandra Linking Road,19.055934,72.837185,Two-Wheeler / Bike,Urban Arterial,Grievous/Major,8,0,8,Speed Variation,Medium,Medium,46.0,Clear,Normal,1,2,0.9,1.0,UNIQUE,,0,51.2
ACC-TRF-000967,OPEN_MAHARASHTRA_TRAFFIC,TRF-967,2025-08-26,18:45:00,2025,8,Friday,Mumbai,Dadar,Dadar TT Circle,19.020431,72.843273,Two-Wheeler / Bike,Urban Arterial,Minor,1,0,1,Traffic Congestion & Lane Violation,High,High,27.0,Clear,Normal,1,2,0.9,1.0,UNIQUE,,3,42.3
ACC-TRF-000968,OPEN_MAHARASHTRA_TRAFFIC,TRF-968,2025-08-27,18:45:00,2025,8,Friday,Mumbai,Andheri,Andheri West Station Road,19.112795,72.844777,Car / SUV,Urban Arterial,Minor,5,0,5,Speed Variation,Low,Low,26.0,Clear,Normal,1,2,0.9,1.0,UNIQUE,,10,36.7
ACC-TRF-000974,OPEN_MAHARASHTRA_TRAFFIC,TRF-974,2025-02-09,18:45:00,2025,2,Friday,Mumbai,Lower Parel,Lower Parel Junction,18.994835,72.831479,Auto-Rickshaw,Urban Arterial,Minor,8,0,8,Traffic Congestion & Lane Violation,High,High,39.0,Clear,Normal,1,2,0.9,1.0,UNIQUE,,3,47.1
ACC-TRF-000986,OPEN_MAHARASHTRA_TRAFFIC,TRF-986,2025-09-14,18:45:00,2025,9,Friday,Mumbai,Dadar,Dadar TT Circle,19.011492,72.844497,Auto-Rickshaw,Urban Arterial,Grievous/Major,4,0,4,Speed Variation,Medium,Medium,44.0,Clear,Normal,1,2,0.9,1.0,UNIQUE,,3,50.8
ACC-TRF-000988,OPEN_MAHARASHTRA_TRAFFIC,TRF-988,2025-09-16,18:45:00,2025,9,Friday,Mumbai,Andheri,Andheri West Station Road,19.122053,72.845534,Auto-Rickshaw,Urban Arterial,Grievous/Major,5,0,5,Traffic Congestion & Lane Violation,High,High,41.0,Clear,Normal,1,2,0.9,1.0,UNIQUE,,10,58.4
ACC-TRF-000989,OPEN_MAHARASHTRA_TRAFFIC,TRF-989,2025-09-17,18:45:00,2025,9,Friday,Mumbai,Dadar,Dadar TT Circle,19.015951,72.842255,Two-Wheeler / Bike,Urban Arterial,Minor,2,0,2,Speed Variation,Low,Low,30.0,Clear,Normal,1,2,0.9,1.0,UNIQUE,,3,37.5
ACC-TRF-001021,OPEN_MAHARASHTRA_TRAFFIC,TRF-1021,2025-10-19,18:45:00,2025,10,Friday,Mumbai,Lower Parel,Lower Parel Junction,18.991342,72.828911,Auto-Rickshaw,Urban Arterial,Grievous/Major,3,1,3,Speed Variation,Medium,Medium,46.0,Clear,Normal,1,2,0.9,1.0,UNIQUE,,3,63.2
ACC-TRF-001037,OPEN_MAHARASHTRA_TRAFFIC,TRF-1037,2025-04-11,18:45:00,2025,4,Friday,Mumbai,Dadar,Dadar TT Circle,19.019807,72.84944,Heavy Commercial / Truck,Urban Arterial,Grievous/Major,7,0,7,Speed Variation,Medium,Medium,54.0,Clear,Normal,1,2,0.9,1.0,UNIQUE,,3,51.6
ACC-TRF-001038,OPEN_MAHARASHTRA_TRAFFIC,TRF-1038,2025-05-11,18:45:00,2025,5,Friday,Mumbai,Bandra,Bandra Linking Road,19.056638,72.835639,Auto-Rickshaw,Urban Arterial,Grievous/Major,1,0,1,Traffic Congestion & Lane Violation,High,High,41.0,Clear,Normal,1,2,0.9,1.0,UNIQUE,,0,58.4
ACC-TRF-001048,OPEN_MAHARASHTRA_TRAFFIC,TRF-1048,2025-11-15,18:45:00,2025,11,Friday,Mumbai,Bandra,Bandra Linking Road,19.053921,72.835494,Car / SUV,Urban Arterial,Grievous/Major,2,0,2,Speed Variation,Medium,Medium,44.0,Clear,Normal,1,2,0.9,1.0,UNIQUE,,0,50.8
ACC-TRF-001062,OPEN_MAHARASHTRA_TRAFFIC,TRF-1062,2025-11-29,18:45:00,2025,11,Friday,Mumbai,Bandra,Bandra Linking Road,19.058484,72.834581,Bus,Urban Arterial,Minor,6,0,6,Traffic Congestion & Lane Violation,High,High,30.0,Clear,Normal,1,2,0.9,1.0,UNIQUE,,0,43.5
ACC-TRF-001065,OPEN_MAHARASHTRA_TRAFFIC,TRF-1065,2025-02-12,18:45:00,2025,2,Friday,Mumbai,Andheri,Andheri West Station Road,19.116271,72.840719,Car / SUV,Urban Arterial,Grievous/Major,1,1,1,Speed Variation,Medium,Medium,59.0,Clear,Normal,1,2,0.9,1.0,UNIQUE,,10,63.6
ACC-TRF-001066,OPEN_MAHARASHTRA_TRAFFIC,TRF-1066,2025-03-12,18:45:00,2025,3,Friday,Mumbai,Lower Parel,Lower Parel Junction,19.001381,72.823193,Auto-Rickshaw,Urban Arterial,Grievous/Major,3,1,3,Traffic Congestion & Lane Violation,High,High,49.0,Clear,Normal,1,2,0.9,1.0,UNIQUE,,3,73.2
ACC-TRF-001071,OPEN_MAHARASHTRA_TRAFFIC,TRF-1071,2025-08-12,18:45:00,2025,8,Friday,Mumbai,Andheri,Andheri West Station Road,19.112103,72.841427,Heavy Commercial / Truck,Urban Arterial,Grievous/Major,7,0,7,Speed Variation,Medium,Medium,42.0,Clear,Normal,1,2,0.9,1.0,UNIQUE,,10,50.4
ACC-TRF-001075,OPEN_MAHARASHTRA_TRAFFIC,TRF-1075,2025-12-12,18:45:00,2025,12,Friday,Mumbai,Bandra,Bandra Linking Road,19.054148,72.8379,Auto-Rickshaw,Urban Arterial,Minor,3,0,3,Traffic Congestion & Lane Violation,High,High,39.0,Clear,Normal,1,2,0.9,1.0,UNIQUE,,0,47.1
ACC-TRF-001076,OPEN_MAHARASHTRA_TRAFFIC,TRF-1076,2025-12-13,18:45:00,2025,12,Friday,Mumbai,Andheri,Andheri West Station Road,19.115637,72.848581,Auto-Rickshaw,Urban Arterial,Grievous/Major,2,0,2,Speed Variation,Medium,Medium,53.0,Clear,Normal,1,2,0.9,1.0,UNIQUE,,10,51.6
ACC-TRF-001078,OPEN_MAHARASHTRA_TRAFFIC,TRF-1078,2025-12-15,18:45:00,2025,12,Friday,Mumbai,Malad,Malad SV Road Intersection,19.183267,72.843335,Heavy Commercial / Truck,Urban Arterial,Grievous/Major,6,0,6,Speed Variation,Medium,Medium,42.0,Clear,Normal,1,2,0.9,1.0,UNIQUE,,11,50.4
ACC-TRF-001079,OPEN_MAHARASHTRA_TRAFFIC,TRF-1079,2025-12-16,18:45:00,2025,12,Friday,Mumbai,Dadar,Dadar TT Circle,19.014036,72.84016,Two-Wheeler / Bike,Urban Arterial,Grievous/Major,2,0,2,Traffic Congestion & Lane Violation,High,High,43.0,Clear,Normal,1,2,0.9,1.0,UNIQUE,,3,59.2
ACC-TRF-001082,OPEN_MAHARASHTRA_TRAFFIC,TRF-1082,2025-12-19,18:45:00,2025,12,Friday,Mumbai,Dadar,Dadar TT Circle,19.020509,72.846431,Two-Wheeler / Bike,Urban Arterial,Grievous/Major,4,0,4,Traffic Congestion & Lane Violation,High,High,54.0,Clear,Normal,1,2,0.9,1.0,UNIQUE,,3,61.2
ACC-TRF-001083,OPEN_MAHARASHTRA_TRAFFIC,TRF-1083,2025-12-20,18:45:00,2025,12,Friday,Mumbai,Bandra,Bandra Linking Road,19.058971,72.834493,Bus,Urban Arterial,Minor,3,0,3,Speed Variation,Medium,Medium,31.0,Clear,Normal,1,2,0.9,1.0,UNIQUE,,0,37.7
ACC-TRF-001086,OPEN_MAHARASHTRA_TRAFFIC,TRF-1086,2025-12-23,18:45:00,2025,12,Friday,Mumbai,Lower Parel,Lower Parel Junction,18.99912,72.827497,Bus,Urban Arterial,Grievous/Major,1,0,1,Traffic Congestion & Lane Violation,High,High,54.0,Clear,Normal,1,2,0.9,1.0,UNIQUE,,3,61.2
ACC-TRF-001092,OPEN_MAHARASHTRA_TRAFFIC,TRF-1092,2025-12-29,18:45:00,2025,12,Friday,Mumbai,Andheri,Andheri West Station Road,19.113008,72.843309,Car / SUV,Urban Arterial,Grievous/Major,1,0,1,Traffic Congestion & Lane Violation,High,High,41.0,Clear,Normal,1,2,0.9,1.0,UNIQUE,,10,58.4
ACC-TRF-001093,OPEN_MAHARASHTRA_TRAFFIC,TRF-1093,2025-12-30,18:45:00,2025,12,Friday,Mumbai,Dadar,Dadar TT Circle,19.020269,72.840166,Car / SUV,Urban Arterial,Grievous/Major,6,0,6,Traffic Congestion & Lane Violation,High,High,48.0,Clear,Normal,1,2,0.9,1.0,UNIQUE,,3,61.2
ACC-TRF-001097,OPEN_MAHARASHTRA_TRAFFIC,TRF-1097,2025-03-01,18:45:00,2025,3,Friday,Mumbai,Malad,Malad SV Road Intersection,19.184712,72.846726,Bus,Urban Arterial,Grievous/Major,3,1,3,Traffic Congestion & Lane Violation,High,High,46.0,Clear,Normal,1,2,0.9,1.0,UNIQUE,,11,72.4
ACC-TRF-001104,OPEN_MAHARASHTRA_TRAFFIC,TRF-1104,2025-10-01,18:45:00,2025,10,Friday,Mumbai,Malad,Malad SV Road Intersection,19.183452,72.850965,Two-Wheeler / Bike,Urban Arterial,Minor,5,0,5,Traffic Congestion & Lane Violation,High,High,30.0,Clear,Normal,1,2,0.9,1.0,UNIQUE,,11,43.5
ACC-TRF-001115,OPEN_MAHARASHTRA_TRAFFIC,TRF-1115,2025-01-21,18:45:00,2025,1,Friday,Mumbai,Andheri,Andheri West Station Road,19.115018,72.849532,Heavy Commercial / Truck,Urban Arterial,Minor,8,0,8,Speed Variation,Medium,Medium,25.0,Clear,Normal,1,2,0.9,1.0,UNIQUE,,10,36.5
ACC-TRF-001122,OPEN_MAHARASHTRA_TRAFFIC,TRF-1122,2025-01-28,18:45:00,2025,1,Friday,Mumbai,Dadar,Dadar TT Circle,19.022345,72.847991,Two-Wheeler / Bike,Urban Arterial,Grievous/Major,1,0,1,Speed Variation,Medium,Medium,48.0,Clear,Normal,1,2,0.9,1.0,UNIQUE,,3,51.6
ACC-TRF-001138,OPEN_MAHARASHTRA_TRAFFIC,TRF-1138,2025-02-13,18:45:00,2025,2,Friday,Mumbai,Andheri,Andheri West Station Road,19.115377,72.840627,Two-Wheeler / Bike,Urban Arterial,Grievous/Major,1,0,1,Speed Variation,Low,Low,42.0,Clear,Normal,1,2,0.9,1.0,UNIQUE,,10,50.4
ACC-TRF-001140,OPEN_MAHARASHTRA_TRAFFIC,TRF-1140,2025-02-15,18:45:00,2025,2,Friday,Mumbai,Malad,Malad SV Road Intersection,19.185473,72.849578,Two-Wheeler / Bike,Urban Arterial,Grievous/Major,7,0,7,Speed Variation,Low,Low,59.0,Clear,Normal,1,2,0.9,1.0,UNIQUE,,11,51.6
ACC-TRF-001150,OPEN_MAHARASHTRA_TRAFFIC,TRF-1150,2025-02-25,18:45:00,2025,2,Friday,Mumbai,Lower Parel,Lower Parel Junction,18.99585,72.82798,Auto-Rickshaw,Urban Arterial,Grievous/Major,8,0,8,Traffic Congestion & Lane Violation,High,High,43.0,Clear,Normal,1,2,0.9,1.0,UNIQUE,,3,59.2
ACC-TRF-001151,OPEN_MAHARASHTRA_TRAFFIC,TRF-1151,2025-02-26,18:45:00,2025,2,Friday,Mumbai,Lower Parel,Lower Parel Junction,18.996916,72.825364,Auto-Rickshaw,Urban Arterial,Minor,4,0,4,Speed Variation,Low,Low,30.0,Clear,Normal,1,2,0.9,1.0,UNIQUE,,3,37.5
ACC-TRF-001152,OPEN_MAHARASHTRA_TRAFFIC,TRF-1152,2025-02-27,18:45:00,2025,2,Friday,Mumbai,Bandra,Bandra Linking Road,19.054821,72.836035,Auto-Rickshaw,Urban Arterial,Minor,4,0,4,Traffic Congestion & Lane Violation,High,High,24.0,Clear,Normal,1,2,0.9,1.0,UNIQUE,,0,41.1
ACC-TRF-001161,OPEN_MAHARASHTRA_TRAFFIC,TRF-1161,2025-08-03,18:45:00,2025,8,Friday,Mumbai,Dadar,Dadar TT Circle,19.01661,72.846142,Auto-Rickshaw,Urban Arterial,Minor,1,0,1,Speed Variation,Medium,Medium,38.0,Clear,Normal,1,2,0.9,1.0,UNIQUE,,3,39.1
ACC-TRF-001166,OPEN_MAHARASHTRA_TRAFFIC,TRF-1166,2025-03-13,18:45:00,2025,3,Friday,Mumbai,Bandra,Bandra Linking Road,19.05656,72.843066,Heavy Commercial / Truck,Urban Arterial,Grievous/Major,2,0,2,Traffic Congestion & Lane Violation,High,High,45.0,Clear,Normal,1,2,0.9,1.0,UNIQUE,,0,60.0
ACC-TRF-001182,OPEN_MAHARASHTRA_TRAFFIC,TRF-1182,2025-03-29,18:45:00,2025,3,Friday,Mumbai,Dadar,Dadar TT Circle,19.017767,72.843364,Two-Wheeler / Bike,Urban Arterial,Grievous/Major,2,0,2,Speed Variation,Medium,Medium,53.0,Clear,Normal,1,2,0.9,1.0,UNIQUE,,3,51.6
ACC-TRF-001189,OPEN_MAHARASHTRA_TRAFFIC,TRF-1189,2025-05-04,18:45:00,2025,5,Friday,Mumbai,Bandra,Bandra Linking Road,19.0537,72.840142,Heavy Commercial / Truck,Urban Arterial,Minor,5,0,5,Speed Variation,Low,Low,28.0,Clear,Normal,1,2,0.9,1.0,UNIQUE,,0,37.1
ACC-TRF-001199,OPEN_MAHARASHTRA_TRAFFIC,TRF-1199,2025-04-15,18:45:00,2025,4,Friday,Mumbai,Bandra,Bandra Linking Road,19.062272,72.838861,Bus,Urban Arterial,Minor,8,0,8,Speed Variation,Medium,Medium,26.0,Clear,Normal,1,2,0.9,1.0,UNIQUE,,0,36.7
